{
  "type": "FeatureCollection",
  "features": [
    {
      "type": "Feature",
      "id": "lt_c_aisresc.1",
      "geometry": {
        "type": "MultiPolygon",
        "coordinates": [
          [
            [
              [
                14195529.48216711,
                4514181.45314323
              ],
              [
                14196546.83099347,
                4510672.43708921
              ],
              [
                14189932.61646875,
                4510672.43708921
              ],
              [
                14189932.61646875,
                4511916.03821962
              ],
              [
                14195529.48216711,
                4514181.45314323
              ]
            ]
          ]
        ]
      },
      "geometry_name": "ag_geom",
      "properties": {
        "restricted": "<FNT name='TW Cen MT' size='6'><CLR cyan='70' magenta='10' yellow='100' black='0'>R1 <UND>6 000 AMSL</UND> GND</CLR></FNT>",
        "res_lbl_1": "R1",
        "res_lbl_2": "6 000 AMSL",
        "res_lbl_3": "GND"
      },
      "bbox": [
        14189932.61646875,
        4510672.43708921,
        14196546.83099347,
        4514181.45314323
      ]
    },
    {
      "type": "Feature",
      "id": "lt_c_aisresc.2",
      "geometry": {
        "type": "MultiPolygon",
        "coordinates": [
          [
            [
              [
                13965010.02684808,
                4104453.93195328
              ],
              [
                13965117.72845542,
                4102883.50347227
              ],
              [
                13965006.90990233,
                4101313.56452729
              ],
              [
                13964679.74191889,
                4099774.58426631
              ],
              [
                13964142.62537581,
                4098296.47493644
              ],
              [
                13963406.19128447,
                4096908.05314306
              ],
              [
                13962484.74419943,
                4095636.09699807
              ],
              [
                13961396.26221846,
                4094505.41733417
              ],
              [
                13960161.95170453,
                4093537.84879913
              ],
              [
                13958805.80200794,
                4092752.18675191
              ],
              [
                13957354.19584801,
                4092163.65130542
              ],
              [
                13955835.24139613,
                4091783.62105856
              ],
              [
                13954278.49397714,
                4091619.36608195
              ],
              [
                13952714.17683276,
                4091674.25249709
              ],
              [
                13951172.62452426,
                4091947.00076319
              ],
              [
                13949683.72633489,
                4092432.49550696
              ],
              [
                13948276.36967254,
                4093121.24393285
              ],
              [
                13946977.99479168,
                4093999.98087405
              ],
              [
                13945813.75989721,
                4095051.66534913
              ],
              [
                13944806.37416527,
                4096255.8816063
              ],
              [
                13943975.37416651,
                4097589.30745542
              ],
              [
                13943337.06820629,
                4099026.1151569
              ],
              [
                13942903.86840787,
                4100538.30511746
              ],
              [
                13942684.29071229,
                4102096.58076028
              ],
              [
                13942682.73223942,
                4103670.54883277
              ],
              [
                13942899.30430875,
                4105229.66411529
              ],
              [
                13943329.8324394,
                4106743.56730697
              ],
              [
                13943966.07898902,
                4108182.62683919
              ],
              [
                13944795.68749416,
                4109518.88759008
              ],
              [
                13945802.57228838,
                4110726.14176999
              ],
              [
                13946967.14114132,
                4111780.94712199
              ],
              [
                13948266.68487684,
                4112662.56368066
              ],
              [
                13949675.93397054,
                4113353.83736394
              ],
              [
                13951167.33684844,
                4113841.13648981
              ],
              [
                13952711.83912346,
                4114114.96405065
              ],
              [
                13954279.27321357,
                4114170.0280083
              ],
              [
                13955839.08191856,
                4114005.17517241
              ],
              [
                13957360.76369796,
                4113623.66209762
              ],
              [
                13958814.65190747,
                4113032.95121342
              ],
              [
                13960172.36007693,
                4112244.57343637
              ],
              [
                13961407.44982727,
                4111273.98977072
              ],
              [
                13962495.76482902,
                4110140.18160551
              ],
              [
                13963416.26569839,
                4108865.30823014
              ],
              [
                13964150.97433762,
                4107474.22901784
              ],
              [
                13964685.64185191,
                4105994.16109313
              ],
              [
                13965010.02684808,
                4104453.93195328
              ]
            ]
          ]
        ]
      },
      "geometry_name": "ag_geom",
      "properties": {
        "restricted": "<FNT name='TW Cen MT' size='6'><CLR cyan='70' magenta='10' yellow='100' black='0'>R125 <UND>3 500 AMSL</UND> GND</CLR></FNT>",
        "res_lbl_1": "R125",
        "res_lbl_2": "3 500 AMSL",
        "res_lbl_3": "GND"
      },
      "bbox": [
        13942682.73223942,
        4091619.36608195,
        13965117.72845542,
        4114170.0280083
      ]
    },
    {
      "type": "Feature",
      "id": "lt_c_aisresc.3",
      "geometry": {
        "type": "MultiPolygon",
        "coordinates": [
          [
            [
              [
                13886260.00305289,
                4552315.50185154
              ],
              [
                13886349.94920145,
                4551006.71163624
              ],
              [
                13886257.66534357,
                4549698.29729299
              ],
              [
                13885984.98825087,
                4548415.61078485
              ],
              [
                13885537.31691864,
                4547183.63963857
              ],
              [
                13884923.38992692,
                4546026.3744258
              ],
              [
                13884155.17412097,
                4544966.17719372
              ],
              [
                13883247.69763202,
                4544023.71380404
              ],
              [
                13882218.60459938,
                4543217.25303504
              ],
              [
                13881087.87687164,
                4542562.31795331
              ],
              [
                13879877.50004824,
                4542071.68909652
              ],
              [
                13878611.0182015,
                4541754.91461056
              ],
              [
                13877313.03293885,
                4541618.03103675
              ],
              [
                13876008.64680547,
                4541663.70561294
              ],
              [
                13874723.29630503,
                4541891.09619679
              ],
              [
                13873481.8613437,
                4542295.780662
              ],
              [
                13872308.44259125,
                4542869.96690963
              ],
              [
                13871225.91620303,
                4543602.42054056
              ],
              [
                13870255.26590306,
                4544479.02532771
              ],
              [
                13869415.36034502,
                4545482.78017441
              ],
              [
                13868722.61915382,
                4546594.21817249
              ],
              [
                13868190.51198783,
                4547791.75533408
              ],
              [
                13867829.44721943,
                4549052.180463
              ],
              [
                13867646.49363632,
                4550350.86388179
              ],
              [
                13867645.32478166,
                4551662.67117049
              ],
              [
                13867825.99631523,
                4552962.03268824
              ],
              [
                13868185.11299252,
                4554223.64791276
              ],
              [
                13868715.6060259,
                4555422.97950367
              ],
              [
                13869407.34534169,
                4556536.46636738
              ],
              [
                13870246.80562176,
                4557542.58315257
              ],
              [
                13871217.73422046,
                4558421.49086689
              ],
              [
                13872301.1511646,
                4559156.16784179
              ],
              [
                13873476.01707044,
                4559732.13112685
              ],
              [
                13874719.34446311,
                4560138.2150039
              ],
              [
                13876006.92135336,
                4560366.43264777
              ],
              [
                13877313.5895363,
                4560412.26008817
              ],
              [
                13878613.91250825,
                4560274.91937923
              ],
              [
                13879882.45376559,
                4559957.02631345
              ],
              [
                13881094.50038135,
                4559464.73073861
              ],
              [
                13882226.39696373,
                4558807.85596275
              ],
              [
                13883256.10225357,
                4557999.05044807
              ],
              [
                13884163.46742303,
                4557054.20789571
              ],
              [
                13884930.95965229,
                4555991.82954084
              ],
              [
                13885543.55081014,
                4554832.59793865
              ],
              [
                13885989.44103051,
                4553599.1623674
              ],
              [
                13886260.00305289,
                4552315.50185154
              ]
            ]
          ]
        ]
      },
      "geometry_name": "ag_geom",
      "properties": {
        "restricted": "<FNT name='TW Cen MT' size='6'><CLR cyan='70' magenta='10' yellow='100' black='0'>R116 <UND>2 500 AMSL</UND> GND</CLR></FNT>",
        "res_lbl_1": "R116",
        "res_lbl_2": "2 500 AMSL",
        "res_lbl_3": "GND"
      },
      "bbox": [
        13867645.32478166,
        4541618.03103675,
        13886349.94920145,
        4560412.26008817
      ]
    },
    {
      "type": "Feature",
      "id": "lt_c_aisresc.4",
      "geometry": {
        "type": "MultiPolygon",
        "coordinates": [
          [
            [
              [
                14213643.66800772,
                4527756.84323621
              ],
              [
                14219209.64254739,
                4530099.85811137
              ],
              [
                14224775.61708705,
                4525414.28352966
              ],
              [
                14227002.00690291,
                4513709.63259847
              ],
              [
                14213643.66800772,
                4513709.63259847
              ],
              [
                14213643.66800772,
                4527756.84323621
              ]
            ]
          ]
        ]
      },
      "geometry_name": "ag_geom",
      "properties": {
        "restricted": "<FNT name='TW Cen MT' size='6'><CLR cyan='70' magenta='10' yellow='100' black='0'>R10 <UND>5 000 AMSL</UND> GND</CLR></FNT>",
        "res_lbl_1": "R10",
        "res_lbl_2": "5 000 AMSL",
        "res_lbl_3": "GND"
      },
      "bbox": [
        14213643.66800772,
        4513709.63259847,
        14227002.00690291,
        4530099.85811137
      ]
    },
    {
      "type": "Feature",
      "id": "lt_c_aisresc.5",
      "geometry": {
        "type": "MultiPolygon",
        "coordinates": [
          [
            [
              [
                14059422.86997712,
                4379277.00801117
              ],
              [
                14032066.10511467,
                4160261.59938621
              ],
              [
                13994406.1091221,
                4166863.71398583
              ],
              [
                14026033.20097088,
                4388517.58525317
              ],
              [
                14045541.9417324,
                4394222.27786467
              ],
              [
                14059422.86997712,
                4379277.00801117
              ]
            ]
          ]
        ]
      },
      "geometry_name": "ag_geom",
      "properties": {
        "restricted": "<FNT name='TW Cen MT' size='6'><CLR cyan='70' magenta='10' yellow='100' black='0'>R108C <UND>UNL</UND> GND</CLR></FNT>",
        "res_lbl_1": "R108C",
        "res_lbl_2": "UNL",
        "res_lbl_3": "GND"
      },
      "bbox": [
        13994406.1091221,
        4160261.59938621,
        14059422.86997712,
        4394222.27786467
      ]
    },
    {
      "type": "Feature",
      "id": "lt_c_aisresc.6",
      "geometry": {
        "type": "MultiPolygon",
        "coordinates": [
          [
            [
              [
                14233495.60675936,
                4519170.14034341
              ],
              [
                14235041.72316698,
                4517414.64881555
              ],
              [
                14234423.28773588,
                4513319.67022766
              ],
              [
                14229784.99417276,
                4511370.21653913
              ],
              [
                14227002.00690291,
                4513709.63259847
              ],
              [
                14225966.12338134,
                4519170.14034341
              ],
              [
                14233495.60675936,
                4519170.14034341
              ]
            ]
          ]
        ]
      },
      "geometry_name": "ag_geom",
      "properties": {
        "restricted": "<FNT name='TW Cen MT' size='6'><CLR cyan='70' magenta='10' yellow='100' black='0'>R114 <UND>3 000 AMSL</UND> GND</CLR></FNT>",
        "res_lbl_1": "R114",
        "res_lbl_2": "3 000 AMSL",
        "res_lbl_3": "GND"
      },
      "bbox": [
        14225966.12338134,
        4511370.21653913,
        14235041.72316698,
        4519170.14034341
      ]
    },
    {
      "type": "Feature",
      "id": "lt_c_aisresc.7",
      "geometry": {
        "type": "MultiPolygon",
        "coordinates": [
          [
            [
              [
                14582853.29391883,
                4470515.46163433
              ],
              [
                14582853.29391883,
                4413583.17705488
              ],
              [
                14443703.93042723,
                4495009.25862631
              ],
              [
                14582853.29391883,
                4470515.46163433
              ]
            ]
          ]
        ]
      },
      "geometry_name": "ag_geom",
      "properties": {
        "restricted": "<FNT name='TW Cen MT' size='6'><CLR cyan='70' magenta='10' yellow='100' black='0'>R115 <UND>FL 380</UND> GND</CLR></FNT>",
        "res_lbl_1": "R115",
        "res_lbl_2": "FL 380",
        "res_lbl_3": "GND"
      },
      "bbox": [
        14443703.93042723,
        4413583.17705488,
        14582853.29391883,
        4495009.25862631
      ]
    },
    {
      "type": "Feature",
      "id": "lt_c_aisresc.8",
      "geometry": {
        "type": "MultiPolygon",
        "coordinates": [
          [
            [
              [
                14365780.28687195,
                4469350.4870065
              ],
              [
                14365780.28687195,
                4427497.5286629
              ],
              [
                14324963.15880099,
                4427497.5286629
              ],
              [
                14324963.15880099,
                4469350.4870065
              ],
              [
                14365780.28687195,
                4469350.4870065
              ]
            ]
          ]
        ]
      },
      "geometry_name": "ag_geom",
      "properties": {
        "restricted": "<FNT name='TW Cen MT' size='6'><CLR cyan='70' magenta='10' yellow='100' black='0'>R110 <UND>FL 400</UND> GND</CLR></FNT>",
        "res_lbl_1": "R110",
        "res_lbl_2": "FL 400",
        "res_lbl_3": "GND"
      },
      "bbox": [
        14324963.15880099,
        4427497.5286629,
        14365780.28687195,
        4469350.4870065
      ]
    },
    {
      "type": "Feature",
      "id": "lt_c_aisresc.9",
      "geometry": {
        "type": "MultiPolygon",
        "coordinates": [
          [
            [
              [
                14048479.55177494,
                4394145.17461561
              ],
              [
                14054138.25545044,
                4368309.64530616
              ],
              [
                14040130.58996544,
                4365425.33195908
              ],
              [
                14043470.17468925,
                4394530.7658306
              ],
              [
                14048479.55177494,
                4394145.17461561
              ]
            ]
          ]
        ]
      },
      "geometry_name": "ag_geom",
      "properties": {
        "restricted": "<FNT name='TW Cen MT' size='6'><CLR cyan='70' magenta='10' yellow='100' black='0'>R108B <UND>FL 330</UND> GND</CLR></FNT>",
        "res_lbl_1": "R108B",
        "res_lbl_2": "FL 330",
        "res_lbl_3": "GND"
      },
      "bbox": [
        14040130.58996544,
        4365425.33195908,
        14054138.25545044,
        4394530.7658306
      ]
    },
    {
      "type": "Feature",
      "id": "lt_c_aisresc.10",
      "geometry": {
        "type": "MultiPolygon",
        "coordinates": [
          [
            [
              [
                14190241.80635443,
                4490421.07880284
              ],
              [
                14185294.26724588,
                4484081.05963708
              ],
              [
                14183500.7989297,
                4485869.90269658
              ],
              [
                14187087.79122179,
                4490926.87113437
              ],
              [
                14190241.80635443,
                4490421.07880284
              ]
            ]
          ]
        ]
      },
      "geometry_name": "ag_geom",
      "properties": {
        "restricted": "<FNT name='TW Cen MT' size='6'><CLR cyan='70' magenta='10' yellow='100' black='0'>R122 <UND>3 700 AMSL</UND> GND</CLR></FNT>",
        "res_lbl_1": "R122",
        "res_lbl_2": "3 700 AMSL",
        "res_lbl_3": "GND"
      },
      "bbox": [
        14183500.7989297,
        4484081.05963708,
        14190241.80635443,
        4490926.87113437
      ]
    },
    {
      "type": "Feature",
      "id": "lt_c_aisresc.11",
      "geometry": {
        "type": "MultiPolygon",
        "coordinates": [
          [
            [
              [
                14428861.31310156,
                4504744.87037675
              ],
              [
                14447723.78855927,
                4454217.85677475
              ],
              [
                14434427.28764122,
                4449565.9823517
              ],
              [
                14417265.55136384,
                4497344.95664958
              ],
              [
                14428861.31310156,
                4504744.87037675
              ]
            ]
          ]
        ]
      },
      "geometry_name": "ag_geom",
      "properties": {
        "restricted": "<FNT name='TW Cen MT' size='6'><CLR cyan='70' magenta='10' yellow='100' black='0'>R136 <UND>500 AMSL</UND> GND</CLR></FNT>",
        "res_lbl_1": "R136",
        "res_lbl_2": "500 AMSL",
        "res_lbl_3": "GND"
      },
      "bbox": [
        14417265.55136384,
        4449565.9823517,
        14447723.78855927,
        4504744.87037675
      ]
    },
    {
      "type": "Feature",
      "id": "lt_c_aisresc.12",
      "geometry": {
        "type": "MultiPolygon",
        "coordinates": [
          [
            [
              [
                14097283.8595442,
                4315346.75808601
              ],
              [
                14073102.79229086,
                4314657.85225576
              ],
              [
                14072638.96115344,
                4333043.71201082
              ],
              [
                14098551.66475707,
                4333772.12997469
              ],
              [
                14098860.88558956,
                4321893.55210471
              ],
              [
                14097283.8595442,
                4315346.75808601
              ]
            ]
          ]
        ]
      },
      "geometry_name": "ag_geom",
      "properties": {
        "restricted": "<FNT name='TW Cen MT' size='6'><CLR cyan='70' magenta='10' yellow='100' black='0'>R111 <UND>FL 250</UND> GND</CLR></FNT>",
        "res_lbl_1": "R111",
        "res_lbl_2": "FL 250",
        "res_lbl_3": "GND"
      },
      "bbox": [
        14072638.96115344,
        4314657.85225576,
        14098860.88558956,
        4333772.12997469
      ]
    },
    {
      "type": "Feature",
      "id": "lt_c_aisresc.14",
      "geometry": {
        "type": "MultiPolygon",
        "coordinates": [
          [
            [
              [
                14057360.89904915,
                4288716.82710744
              ],
              [
                14057576.52490282,
                4285523.97245381
              ],
              [
                14057347.7076895,
                4282332.94740235
              ],
              [
                14056679.28980703,
                4279205.82202522
              ],
              [
                14055584.62959431,
                4276203.36028267
              ],
              [
                14054085.32303257,
                4273383.72324401
              ],
              [
                14052210.8141271,
                4270801.38306195
              ],
              [
                14049997.61567089,
                4268506.31500145
              ],
              [
                14047488.91962637,
                4266542.84874639
              ],
              [
                14044733.37261102,
                4264948.72674328
              ],
              [
                14041784.51929991,
                4263754.71071024
              ],
              [
                14038699.35527232,
                4262983.70614718
              ],
              [
                14035537.65909481,
                4262650.63803912
              ],
              [
                14032360.54516782,
                4262761.84244115
              ],
              [
                14029229.57316977,
                4263315.20744225
              ],
              [
                14026205.18958415,
                4264300.03474873
              ],
              [
                14023346.05978262,
                4265697.51333492
              ],
              [
                14020707.50955209,
                4267480.64001041
              ],
              [
                14018340.80151807,
                4269615.02766407
              ],
              [
                14016291.96629003,
                4272059.64255981
              ],
              [
                14014600.91190539,
                4274767.19734067
              ],
              [
                14013300.75591266,
                4277685.29884387
              ],
              [
                14012417.04613501,
                4280757.59793467
              ],
              [
                14011967.25973245,
                4283924.32439482
              ],
              [
                14011960.58056301,
                4287124.06188265
              ],
              [
                14012397.50956437,
                4290294.49801333
              ],
              [
                14013269.97607347,
                4293373.79797824
              ],
              [
                14014561.17084717,
                4296301.84650322
              ],
              [
                14016246.38095855,
                4299021.42632409
              ],
              [
                14018292.93413704,
                4301479.12593362
              ],
              [
                14020661.03366468,
                4303626.80100487
              ],
              [
                14023304.53761256,
                4305422.28123141
              ],
              [
                14026171.90505641,
                4306830.28391828
              ],
              [
                14029207.03097288,
                4307822.98238874
              ],
              [
                14032350.58207339,
                4308380.91608775
              ],
              [
                14035540.99867953,
                4308493.00198884
              ],
              [
                14038715.71923746,
                4308157.16084587
              ],
              [
                14041812.68313108,
                4307379.90545708
              ],
              [
                14044771.16557814,
                4306176.6120186
              ],
              [
                14047533.3361032,
                4304570.96024868
              ],
              [
                14050045.3160727,
                4302594.50693594
              ],
              [
                14052258.01359119,
                4300286.11858063
              ],
              [
                14054128.4036755,
                4297691.12690039
              ],
              [
                14055620.25183137,
                4294860.41525566
              ],
              [
                14056704.67065092,
                4291849.36876343
              ],
              [
                14057360.89904915,
                4288716.82710744
              ]
            ]
          ]
        ]
      },
      "geometry_name": "ag_geom",
      "properties": {
        "restricted": "<FNT name='TW Cen MT' size='6'><CLR cyan='70' magenta='10' yellow='100' black='0'>R105 <UND>FL 400</UND> GND</CLR></FNT>",
        "res_lbl_1": "R105",
        "res_lbl_2": "FL 400",
        "res_lbl_3": "GND"
      },
      "bbox": [
        14011960.58056301,
        4262650.63803912,
        14057576.52490282,
        4308493.00198884
      ]
    },
    {
      "type": "Feature",
      "id": "lt_c_aisresc.15",
      "geometry": {
        "type": "MultiPolygon",
        "coordinates": [
          [
            [
              [
                14048293.98218379,
                4394145.17461561
              ],
              [
                14043191.87596226,
                4350443.34628511
              ],
              [
                14026960.88194741,
                4353899.76240678
              ],
              [
                14043470.17468925,
                4394530.7658306
              ],
              [
                14048293.98218379,
                4394145.17461561
              ]
            ]
          ]
        ]
      },
      "geometry_name": "ag_geom",
      "properties": {
        "restricted": "<FNT name='TW Cen MT' size='6'><CLR cyan='70' magenta='10' yellow='100' black='0'>R108D <UND>UNL</UND> GND</CLR></FNT>",
        "res_lbl_1": "R108D",
        "res_lbl_2": "UNL",
        "res_lbl_3": "GND"
      },
      "bbox": [
        14026960.88194741,
        4350443.34628511,
        14048293.98218379,
        4394530.7658306
      ]
    },
    {
      "type": "Feature",
      "id": "lt_c_aisresc.16",
      "geometry": {
        "type": "MultiPolygon",
        "coordinates": [
          [
            [
              [
                14490087.03303785,
                4612440.65226351
              ],
              [
                14490087.03303785,
                4548863.15626317
              ],
              [
                14454835.87950657,
                4551210.91969188
              ],
              [
                14454835.87950657,
                4614802.87514933
              ],
              [
                14490087.03303785,
                4612440.65226351
              ]
            ]
          ]
        ]
      },
      "geometry_name": "ag_geom",
      "properties": {
        "restricted": "<FNT name='TW Cen MT' size='6'><CLR cyan='70' magenta='10' yellow='100' black='0'>R107 <UND>FL 400</UND> GND</CLR></FNT>",
        "res_lbl_1": "R107",
        "res_lbl_2": "FL 400",
        "res_lbl_3": "GND"
      },
      "bbox": [
        14454835.87950657,
        4548863.15626317,
        14490087.03303785,
        4614802.87514933
      ]
    },
    {
      "type": "Feature",
      "id": "lt_c_aisresc.17",
      "geometry": {
        "type": "MultiPolygon",
        "coordinates": [
          [
            [
              [
                13887106.47646086,
                4537132.13004293
              ],
              [
                13907515.06832622,
                4537132.13004293
              ],
              [
                13917719.33642903,
                4526585.4977266
              ],
              [
                13942302.40919911,
                4518389.89332065
              ],
              [
                13974306.76280218,
                4532443.39885674
              ],
              [
                13988221.69915134,
                4534787.53623745
              ],
              [
                13992241.55104949,
                4534787.51274702
              ],
              [
                13992241.55104949,
                4526195.08618353
              ],
              [
                13987294.01817482,
                4526195.05498242
              ],
              [
                13959464.1454765,
                4510785.47925694
              ],
              [
                13959464.1454765,
                4499681.24459494
              ],
              [
                13922357.62999215,
                4499681.24459494
              ],
              [
                13892672.45100054,
                4514294.53319857
              ],
              [
                13887106.47646086,
                4529318.79474441
              ],
              [
                13887106.47646086,
                4537132.13004293
              ]
            ]
          ]
        ]
      },
      "geometry_name": "ag_geom",
      "properties": {
        "restricted": "<FNT name='TW Cen MT' size='6'><CLR cyan='70' magenta='10' yellow='100' black='0'>R134 <UND>5 000 AMSL</UND> GND</CLR></FNT>",
        "res_lbl_1": "R134",
        "res_lbl_2": "5 000 AMSL",
        "res_lbl_3": "GND"
      },
      "bbox": [
        13887106.47646086,
        4499681.24459494,
        13992241.55104949,
        4537132.13004293
      ]
    },
    {
      "type": "Feature",
      "id": "lt_c_aisresc.33",
      "geometry": {
        "type": "MultiPolygon",
        "coordinates": [
          [
            [
              [
                13885251.17016757,
                4572364.89569298
              ],
              [
                13896383.1192469,
                4544169.14664543
              ],
              [
                13890817.14470723,
                4544169.14664543
              ],
              [
                13879685.1956279,
                4572364.89569298
              ],
              [
                13885251.17016757,
                4572364.89569298
              ]
            ]
          ]
        ]
      },
      "geometry_name": "ag_geom",
      "properties": {
        "restricted": "<FNT name='TW Cen MT' size='6'><CLR cyan='70' magenta='10' yellow='100' black='0'>R132 <UND>10 000 AMSL</UND> GND</CLR></FNT>",
        "res_lbl_1": "R132",
        "res_lbl_2": "10 000 AMSL",
        "res_lbl_3": "GND"
      },
      "bbox": [
        13879685.1956279,
        4544169.14664543,
        13896383.1192469,
        4572364.89569298
      ]
    },
    {
      "type": "Feature",
      "id": "lt_c_aisresc.34",
      "geometry": {
        "type": "MultiPolygon",
        "coordinates": [
          [
            [
              [
                14494168.78480678,
                4261704.82933993
              ],
              [
                14494168.78480678,
                4249372.10946592
              ],
              [
                14456320.15793706,
                4227329.64346993
              ],
              [
                14434581.91041393,
                4227481.49393449
              ],
              [
                14434581.91041393,
                4270849.20497322
              ],
              [
                14494168.78480678,
                4261704.82933993
              ]
            ]
          ]
        ]
      },
      "geometry_name": "ag_geom",
      "properties": {
        "restricted": "<FNT name='TW Cen MT' size='6'><CLR cyan='70' magenta='10' yellow='100' black='0'>R119 <UND>2 500 AMSL</UND> GND</CLR></FNT>",
        "res_lbl_1": "R119",
        "res_lbl_2": "2 500 AMSL",
        "res_lbl_3": "GND"
      },
      "bbox": [
        14434581.91041393,
        4227329.64346993,
        14494168.78480678,
        4270849.20497322
      ]
    },
    {
      "type": "Feature",
      "id": "lt_c_aisresc.18",
      "geometry": {
        "type": "MultiPolygon",
        "coordinates": [
          [
            [
              [
                14363574.99209958,
                4149291.81009038
              ],
              [
                14363661.82130241,
                4148030.51772438
              ],
              [
                14363572.98834875,
                4146769.50367665
              ],
              [
                14363310.44132972,
                4145533.3245023
              ],
              [
                14362879.18962238,
                4144345.98335441
              ],
              [
                14362287.80482755,
                4143230.59196883
              ],
              [
                14361547.75285275,
                4142208.76203821
              ],
              [
                14360673.50523181,
                4141300.40411872
              ],
              [
                14359682.03818706,
                4140523.05218246
              ],
              [
                14358592.60999041,
                4139891.79868221
              ],
              [
                14357426.4826646,
                4139418.89046172
              ],
              [
                14356206.25406627,
                4139113.52782035
              ],
              [
                14354955.63524696,
                4138981.59530057
              ],
              [
                14353698.89385565,
                4139025.66302955
              ],
              [
                14352460.40886082,
                4139244.85171658
              ],
              [
                14351264.336592,
                4139634.90024869
              ],
              [
                14350133.83150325,
                4140188.30031355
              ],
              [
                14349090.82353425,
                4140894.36252919
              ],
              [
                14348155.68415184,
                4141739.28197313
              ],
              [
                14347346.55843301,
                4142706.67796759
              ],
              [
                14346679.19808571,
                4143777.93033471
              ],
              [
                14346166.62749035,
                4144932.10872437
              ],
              [
                14345818.86540111,
                4146146.78385335
              ],
              [
                14345642.75796668,
                4147398.43238668
              ],
              [
                14345641.75609127,
                4148662.63888882
              ],
              [
                14345815.91543461,
                4149914.84127856
              ],
              [
                14346161.95207175,
                4151130.67008927
              ],
              [
                14346673.13117347,
                4152286.28848706
              ],
              [
                14347339.60096484,
                4153359.3439592
              ],
              [
                14348148.3927252,
                4154328.8347198
              ],
              [
                14349083.75474659,
                4155175.72315518
              ],
              [
                14350127.48629228,
                4155883.6175865
              ],
              [
                14351259.27155516,
                4156438.63937711
              ],
              [
                14352457.01361636,
                4156829.90087042
              ],
              [
                14353697.33538277,
                4157049.77929532
              ],
              [
                14354956.13618466,
                4157093.9863837
              ],
              [
                14356208.75875482,
                4156961.63726816
              ],
              [
                14357430.768465,
                4156655.31859222
              ],
              [
                14358598.34294419,
                4156181.01999943
              ],
              [
                14359688.77301626,
                4155547.9969595
              ],
              [
                14360680.7409987,
                4154768.70083516
              ],
              [
                14361554.93295991,
                4153858.23319093
              ],
              [
                14362294.3726775,
                4152834.54664436
              ],
              [
                14362884.64427743,
                4151717.42364784
              ],
              [
                14363314.28185214,
                4150528.81316339
              ],
              [
                14363574.99209958,
                4149291.81009038
              ]
            ]
          ]
        ]
      },
      "geometry_name": "ag_geom",
      "properties": {
        "restricted": "<FNT name='TW Cen MT' size='6'><CLR cyan='70' magenta='10' yellow='100' black='0'>R100 <UND>500 AMSL</UND> GND</CLR></FNT>",
        "res_lbl_1": "R100",
        "res_lbl_2": "500 AMSL",
        "res_lbl_3": "GND"
      },
      "bbox": [
        14345641.75609127,
        4138981.59530057,
        14363661.82130241,
        4157093.9863837
      ]
    },
    {
      "type": "Feature",
      "id": "lt_c_aisresc.19",
      "geometry": {
        "type": "MultiPolygon",
        "coordinates": [
          [
            [
              [
                14173419.09358626,
                4149254.21624954
              ],
              [
                14173435.51321115,
                4149017.73082517
              ],
              [
                14173419.03792652,
                4148781.25041625
              ],
              [
                14173369.89037133,
                4148549.3891284
              ],
              [
                14173289.1837405,
                4148326.69283418
              ],
              [
                14173178.36518743,
                4148117.36780059
              ],
              [
                14173039.6611019,
                4147925.62001847
              ],
              [
                14172875.68749195,
                4147755.11246338
              ],
              [
                14172689.72828259,
                4147609.23660033
              ],
              [
                14172485.40135723,
                4147490.70538545
              ],
              [
                14172266.60289808,
                4147401.96045789
              ],
              [
                14172037.67436526,
                4147344.62943898
              ],
              [
                14171803.01287867,
                4147319.86524384
              ],
              [
                14171567.18253743,
                4147328.07473805
              ],
              [
                14171334.8031004,
                4147369.25799443
              ],
              [
                14171110.38300695,
                4147442.46550925
              ],
              [
                14170898.319377,
                4147546.40879319
              ],
              [
                14170702.67537192,
                4147678.91753038
              ],
              [
                14170527.29151418,
                4147837.48228191
              ],
              [
                14170375.61870797,
                4148019.0508508
              ],
              [
                14170250.55126007,
                4148220.09602952
              ],
              [
                14170154.53819926,
                4148436.6154949
              ],
              [
                14170089.47195689,
                4148664.47097947
              ],
              [
                14170056.57704736,
                4148899.25249555
              ],
              [
                14170056.52138762,
                4149136.27827178
              ],
              [
                14170089.36063739,
                4149371.06972251
              ],
              [
                14170154.37122002,
                4149598.94430344
              ],
              [
                14170250.32862109,
                4149815.5584076
              ],
              [
                14170375.34040924,
                4150016.63598086
              ],
              [
                14170527.0688752,
                4150198.24003801
              ],
              [
                14170702.45273294,
                4150356.90848556
              ],
              [
                14170898.09673802,
                4150489.51849285
              ],
              [
                14171110.21602772,
                4150593.42231833
              ],
              [
                14171334.69178091,
                4150666.71887184
              ],
              [
                14171567.12687768,
                4150707.91446116
              ],
              [
                14171803.01287867,
                4150716.19431792
              ],
              [
                14172037.73002502,
                4150691.42263366
              ],
              [
                14172266.76987732,
                4150634.00683193
              ],
              [
                14172485.62399621,
                4150545.16901701
              ],
              [
                14172690.00658131,
                4150426.60658852
              ],
              [
                14172875.96579069,
                4150280.6279064
              ],
              [
                14173039.88374088,
                4150110.08433586
              ],
              [
                14173178.58782641,
                4149918.23442033
              ],
              [
                14173289.35071975,
                4149708.9473686
              ],
              [
                14173370.05735057,
                4149486.16005441
              ],
              [
                14173419.09358626,
                4149254.21624954
              ]
            ]
          ]
        ]
      },
      "geometry_name": "ag_geom",
      "properties": {
        "restricted": "<FNT name='TW Cen MT' size='6'><CLR cyan='70' magenta='10' yellow='100' black='0'>R127 <UND>3 000 AMSL</UND> GND</CLR></FNT>",
        "res_lbl_1": "R127",
        "res_lbl_2": "3 000 AMSL",
        "res_lbl_3": "GND"
      },
      "bbox": [
        14170056.52138762,
        4147319.86524384,
        14173435.51321115,
        4150716.19431792
      ]
    },
    {
      "type": "Feature",
      "id": "lt_c_aisresc.20",
      "geometry": {
        "type": "MultiPolygon",
        "coordinates": [
          [
            [
              [
                14026255.83995246,
                4028802.0261344
              ],
              [
                14026255.83995246,
                3961860.21744574
              ],
              [
                14003991.94179381,
                3961860.21744574
              ],
              [
                14003991.94179381,
                4028802.0261344
              ],
              [
                14026255.83995246,
                4028802.0261344
              ]
            ]
          ]
        ]
      },
      "geometry_name": "ag_geom",
      "properties": {
        "restricted": "<FNT name='TW Cen MT' size='6'><CLR cyan='70' magenta='10' yellow='100' black='0'>R126 <UND>3 000 AMSL</UND> GND</CLR></FNT>",
        "res_lbl_1": "R126",
        "res_lbl_2": "3 000 AMSL",
        "res_lbl_3": "GND"
      },
      "bbox": [
        14003991.94179381,
        3961860.21744574,
        14026255.83995246,
        4028802.0261344
      ]
    },
    {
      "type": "Feature",
      "id": "lt_c_aisresc.21",
      "geometry": {
        "type": "MultiPolygon",
        "coordinates": [
          [
            [
              [
                14048510.44293364,
                4395494.66597757
              ],
              [
                14055777.15665364,
                4385708.75011777
              ],
              [
                14055777.15665364,
                4377968.02042432
              ],
              [
                14051695.46054448,
                4377891.03429027
              ],
              [
                14044923.50630129,
                4394260.86439817
              ],
              [
                14048510.44293364,
                4395494.66597757
              ]
            ]
          ]
        ]
      },
      "geometry_name": "ag_geom",
      "properties": {
        "restricted": "<FNT name='TW Cen MT' size='6'><CLR cyan='70' magenta='10' yellow='100' black='0'>R108E <UND>FL 400</UND> GND</CLR></FNT>",
        "res_lbl_1": "R108E",
        "res_lbl_2": "FL 400",
        "res_lbl_3": "GND"
      },
      "bbox": [
        14044923.50630129,
        4377891.03429027,
        14055777.15665364,
        4395494.66597757
      ]
    },
    {
      "type": "Feature",
      "id": "lt_c_aisresc.22",
      "geometry": {
        "type": "MultiPolygon",
        "coordinates": [
          [
            [
              [
                14052354.69456894,
                4491766.08348418
              ],
              [
                14052399.72330298,
                4491115.48145759
              ],
              [
                14052354.13797149,
                4490464.84967768
              ],
              [
                14052218.82913044,
                4489827.0735307
              ],
              [
                14051996.46844758,
                4489214.33505476
              ],
              [
                14051691.4530428,
                4488638.74356143
              ],
              [
                14051309.62718938,
                4488111.35576467
              ],
              [
                14050858.4492932,
                4487642.45657151
              ],
              [
                14050346.76925376,
                4487241.20973327
              ],
              [
                14049784.49450577,
                4486915.37860079
              ],
              [
                14049182.5343593,
                4486671.25690615
              ],
              [
                14048552.63302065,
                4486513.59944885
              ],
              [
                14047907.03563379,
                4486445.48263749
              ],
              [
                14047258.26564145,
                4486468.23486353
              ],
              [
                14046618.95780582,
                4486581.36666305
              ],
              [
                14046001.52425014,
                4486782.71067334
              ],
              [
                14045417.9874794,
                4487068.42136042
              ],
              [
                14044879.64642192,
                4487432.90453264
              ],
              [
                14044397.07642933,
                4487869.02672262
              ],
              [
                14043979.57267911,
                4488368.32447421
              ],
              [
                14043635.2614941,
                4488921.21359917
              ],
              [
                14043370.9333632,
                4489516.77830208
              ],
              [
                14043191.70898303,
                4490143.61071387
              ],
              [
                14043101.03925777,
                4490789.39013928
              ],
              [
                14043100.76095904,
                4491441.58289588
              ],
              [
                14043190.87408685,
                4492087.51214267
              ],
              [
                14043369.59752931,
                4492714.63802938
              ],
              [
                14043633.59170173,
                4493310.62793967
              ],
              [
                14043977.62458802,
                4493863.98735043
              ],
              [
                14044395.01701875,
                4494363.92034943
              ],
              [
                14044877.64267109,
                4494800.61055913
              ],
              [
                14045416.20636754,
                4495165.57223509
              ],
              [
                14046000.07709676,
                4495451.72114943
              ],
              [
                14046617.95593041,
                4495653.44540579
              ],
              [
                14047257.82036348,
                4495766.81627904
              ],
              [
                14047907.14695329,
                4495789.58869726
              ],
              [
                14048553.30093759,
                4495721.34165936
              ],
              [
                14049183.75887371,
                4495563.40822342
              ],
              [
                14049786.10863839,
                4495318.87533601
              ],
              [
                14050348.6616851,
                4494992.51337994
              ],
              [
                14050860.50870378,
                4494590.70553829
              ],
              [
                14051311.63094021,
                4494121.30695479
              ],
              [
                14051693.2898144,
                4493593.3637051
              ],
              [
                14051998.02692044,
                4493017.25209375
              ],
              [
                14052219.94232535,
                4492404.18747412
              ],
              [
                14052354.69456894,
                4491766.08348418
              ]
            ]
          ]
        ]
      },
      "geometry_name": "ag_geom",
      "properties": {
        "restricted": "<FNT name='TW Cen MT' size='6'><CLR cyan='70' magenta='10' yellow='100' black='0'>R133 <UND>500 AMSL</UND> GND</CLR></FNT>",
        "res_lbl_1": "R133",
        "res_lbl_2": "500 AMSL",
        "res_lbl_3": "GND"
      },
      "bbox": [
        14043100.76095904,
        4486445.48263749,
        14052399.72330298,
        4495789.58869726
      ]
    },
    {
      "type": "Feature",
      "id": "lt_c_aisresc.23",
      "geometry": {
        "type": "MultiPolygon",
        "coordinates": [
          [
            [
              [
                14102899.30936364,
                4212453.20031982
              ],
              [
                14105187.53715664,
                4211732.81091727
              ],
              [
                14105403.99790648,
                4202035.3383468
              ],
              [
                14102933.31746807,
                4203209.6373858
              ],
              [
                14100676.03649351,
                4211505.36163216
              ],
              [
                14102899.30936364,
                4212453.20031982
              ]
            ]
          ]
        ]
      },
      "geometry_name": "ag_geom",
      "properties": {
        "restricted": "<FNT name='TW Cen MT' size='6'><CLR cyan='70' magenta='10' yellow='100' black='0'>R129 <UND>3 500 AMSL</UND> GND</CLR></FNT>",
        "res_lbl_1": "R129",
        "res_lbl_2": "3 500 AMSL",
        "res_lbl_3": "GND"
      },
      "bbox": [
        14100676.03649351,
        4202035.3383468,
        14105403.99790648,
        4212453.20031982
      ]
    },
    {
      "type": "Feature",
      "id": "lt_c_aisresc.24",
      "geometry": {
        "type": "MultiPolygon",
        "coordinates": [
          [
            [
              [
                14007703.55625583,
                4125877.05320693
              ],
              [
                14007811.48050216,
                4124303.69186641
              ],
              [
                14007700.4393101,
                4122730.75458197
              ],
              [
                14007372.60340971,
                4121188.90405955
              ],
              [
                14006834.48499121,
                4119708.04183153
              ],
              [
                14006096.65940624,
                4118316.97164707
              ],
              [
                14005173.43120934,
                4117042.65782382
              ],
              [
                14004082.88981779,
                4115909.82291134
              ],
              [
                14002846.24159456,
                4114940.47822908
              ],
              [
                14001487.53154969,
                4114153.31938326
              ],
              [
                14000033.14240248,
                4113563.66290587
              ],
              [
                13998511.34930358,
                4113182.90888189
              ],
              [
                13996951.65191808,
                4113018.4087405
              ],
              [
                13995384.32914745,
                4113073.33203936
              ],
              [
                13993839.82687245,
                4113346.66737927
              ],
              [
                13992348.09003606,
                4113833.01917397
              ],
              [
                13990938.11736568,
                4114523.07963037
              ],
              [
                13989637.29345602,
                4115403.49088384
              ],
              [
                13988470.83217174,
                4116457.11207443
              ],
              [
                13987461.49834872,
                4117663.62412269
              ],
              [
                13986628.93987707,
                4118999.52531337
              ],
              [
                13985989.40940247,
                4120439.00655212
              ],
              [
                13985555.37470786,
                4121954.08272038
              ],
              [
                13985335.40739405,
                4123515.26609163
              ],
              [
                13985333.79326145,
                4125092.24085102
              ],
              [
                13985550.754949,
                4126654.26801592
              ],
              [
                13985982.11797582,
                4128170.99789599
              ],
              [
                13986619.58903985,
                4129612.80986809
              ],
              [
                13987450.75601786,
                4130951.55967109
              ],
              [
                13988459.53324342,
                4132161.12461366
              ],
              [
                13989626.32848617,
                4133217.94956181
              ],
              [
                13990928.32125049,
                4134101.18680289
              ],
              [
                13992340.24201196,
                4134793.78467874
              ],
              [
                13993834.53919663,
                4135282.01741862
              ],
              [
                13995381.99143815,
                4135556.36965943
              ],
              [
                13996952.43115451,
                4135611.53912971
              ],
              [
                13998515.18982602,
                4135446.37041037
              ],
              [
                14000039.76591217,
                4135064.12635279
              ],
              [
                14001496.43710896,
                4134472.28381254
              ],
              [
                14002856.70562669,
                4133682.39598586
              ],
              [
                14004094.13308636,
                4132710.02148498
              ],
              [
                14005184.56315842,
                4131574.04278731
              ],
              [
                14006106.7894799,
                4130296.72963924
              ],
              [
                14006842.88961277,
                4128903.05698177
              ],
              [
                14007378.61466221,
                4127420.15875171
              ],
              [
                14007703.55625583,
                4125877.05320693
              ]
            ]
          ]
        ]
      },
      "geometry_name": "ag_geom",
      "properties": {
        "restricted": "<FNT name='TW Cen MT' size='6'><CLR cyan='70' magenta='10' yellow='100' black='0'>R117 <UND>3 000 AMSL</UND> GND</CLR></FNT>",
        "res_lbl_1": "R117",
        "res_lbl_2": "3 000 AMSL",
        "res_lbl_3": "GND"
      },
      "bbox": [
        13985333.79326145,
        4113018.4087405,
        14007811.48050216,
        4135611.53912971
      ]
    },
    {
      "type": "Feature",
      "id": "lt_c_aisresc.25",
      "geometry": {
        "type": "MultiPolygon",
        "coordinates": [
          [
            [
              [
                14416492.49316002,
                4525414.28352966
              ],
              [
                14405205.92130799,
                4517219.66699262
              ],
              [
                14356039.83142754,
                4593562.10652199
              ],
              [
                14367635.59316525,
                4601817.23532624
              ],
              [
                14416492.49316002,
                4525414.28352966
              ]
            ]
          ]
        ]
      },
      "geometry_name": "ag_geom",
      "properties": {
        "restricted": "<FNT name='TW Cen MT' size='6'><CLR cyan='70' magenta='10' yellow='100' black='0'>R135 <UND>500 AMSL</UND> GND</CLR></FNT>",
        "res_lbl_1": "R135",
        "res_lbl_2": "500 AMSL",
        "res_lbl_3": "GND"
      },
      "bbox": [
        14356039.83142754,
        4517219.66699262,
        14416492.49316002,
        4601817.23532624
      ]
    },
    {
      "type": "Feature",
      "id": "lt_c_aisresc.26",
      "geometry": {
        "type": "MultiPolygon",
        "coordinates": [
          [
            [
              [
                14415874.05772892,
                4638455.18787222
              ],
              [
                14415874.05772892,
                4602997.0277381
              ],
              [
                14360214.31233228,
                4602997.0277381
              ],
              [
                14360214.31233228,
                4619529.01754682
              ],
              [
                14332384.43963396,
                4619529.01754682
              ],
              [
                14332384.43963396,
                4638455.18787222
              ],
              [
                14415874.05772892,
                4638455.18787222
              ]
            ]
          ]
        ]
      },
      "geometry_name": "ag_geom",
      "properties": {
        "restricted": "<FNT name='TW Cen MT' size='6'><CLR cyan='70' magenta='10' yellow='100' black='0'>R121 <UND>2 500 AMSL</UND> GND</CLR></FNT>",
        "res_lbl_1": "R121",
        "res_lbl_2": "2 500 AMSL",
        "res_lbl_3": "GND"
      },
      "bbox": [
        14332384.43963396,
        4602997.0277381,
        14415874.05772892,
        4638455.18787222
      ]
    },
    {
      "type": "Feature",
      "id": "lt_c_aisresc.27",
      "geometry": {
        "type": "MultiPolygon",
        "coordinates": [
          [
            [
              [
                14573576.65113281,
                4358106.54462208
              ],
              [
                14573576.65113281,
                4339677.98795042
              ],
              [
                14525338.24222889,
                4305208.98012797
              ],
              [
                14517916.90573617,
                4305208.98012797
              ],
              [
                14517916.90573617,
                4402001.81154774
              ],
              [
                14573576.65113281,
                4358106.54462208
              ]
            ]
          ]
        ]
      },
      "geometry_name": "ag_geom",
      "properties": {
        "restricted": "<FNT name='TW Cen MT' size='6'><CLR cyan='70' magenta='10' yellow='100' black='0'>R120 <UND>FL 380</UND> GND</CLR></FNT>",
        "res_lbl_1": "R120",
        "res_lbl_2": "FL 380",
        "res_lbl_3": "GND"
      },
      "bbox": [
        14517916.90573617,
        4305208.98012797,
        14573576.65113281,
        4402001.81154774
      ]
    },
    {
      "type": "Feature",
      "id": "lt_c_aisresc.28",
      "geometry": {
        "type": "MultiPolygon",
        "coordinates": [
          [
            [
              [
                14086545.64126993,
                4240112.86322593
              ],
              [
                14086654.67871115,
                4238523.47565008
              ],
              [
                14086542.41300469,
                4236934.52349995
              ],
              [
                14086211.18185982,
                4235376.9184082
              ],
              [
                14085667.44180705,
                4233880.93922637
              ],
              [
                14084921.93517721,
                4232475.68678365
              ],
              [
                14083989.2448236,
                4231188.40306567
              ],
              [
                14082887.46016347,
                4230044.06483503
              ],
              [
                14081638.06585855,
                4229064.84110021
              ],
              [
                14080265.32955784,
                4228269.68758643
              ],
              [
                14078795.96793911,
                4227674.07778383
              ],
              [
                14077258.53445176,
                4227289.46016963
              ],
              [
                14075682.80705958,
                4227123.26141288
              ],
              [
                14074099.39862254,
                4227178.75183679
              ],
              [
                14072539.03332009,
                4227454.84136094
              ],
              [
                14071031.93439399,
                4227946.14751729
              ],
              [
                14069607.4901898,
                4228643.1988977
              ],
              [
                14068293.25228149,
                4229532.56915153
              ],
              [
                14067114.76849221,
                4230596.94168553
              ],
              [
                14066095.0262968,
                4231815.65216334
              ],
              [
                14065253.84056461,
                4233165.23082155
              ],
              [
                14064607.68658031,
                4234619.32951103
              ],
              [
                14064169.14344633,
                4236149.87983362
              ],
              [
                14063946.83842322,
                4237726.95289979
              ],
              [
                14063945.16863085,
                4239320.05623547
              ],
              [
                14064164.35670822,
                4240898.06408608
              ],
              [
                14064600.11685494,
                4242430.31187633
              ],
              [
                14065244.10010917,
                4243886.93959214
              ],
              [
                14066083.83868797,
                4245239.37313528
              ],
              [
                14067102.96862618,
                4246461.4228353
              ],
              [
                14068281.78637394,
                4247529.01383497
              ],
              [
                14069597.24879664,
                4248421.35437647
              ],
              [
                14071023.75241142,
                4249121.07745146
              ],
              [
                14072533.46734556,
                4249614.31356675
              ],
              [
                14074096.94959375,
                4249891.51612704
              ],
              [
                14075683.64195577,
                4249947.19031367
              ],
              [
                14077262.54195343,
                4249780.37404028
              ],
              [
                14078802.92540728,
                4249394.1589249
              ],
              [
                14080274.62473532,
                4248796.23714539
              ],
              [
                14081648.97516865,
                4247998.28291695
              ],
              [
                14082899.14871,
                4247015.88076762
              ],
              [
                14084000.82205063,
                4245868.24758582
              ],
              [
                14084932.56618857,
                4244577.88572224
              ],
              [
                14085676.23604682,
                4243169.89376303
              ],
              [
                14086217.41575132,
                4241671.82519447
              ],
              [
                14086545.64126993,
                4240112.86322593
              ]
            ]
          ]
        ]
      },
      "geometry_name": "ag_geom",
      "properties": {
        "restricted": "<FNT name='TW Cen MT' size='6'><CLR cyan='70' magenta='10' yellow='100' black='0'>R104 <UND>FL 150</UND> GND</CLR></FNT>",
        "res_lbl_1": "R104",
        "res_lbl_2": "FL 150",
        "res_lbl_3": "GND"
      },
      "bbox": [
        14063945.16863085,
        4227123.26141288,
        14086654.67871115,
        4249947.19031367
      ]
    },
    {
      "type": "Feature",
      "id": "lt_c_aisresc.29",
      "geometry": {
        "type": "MultiPolygon",
        "coordinates": [
          [
            [
              [
                13970596.09455582,
                4300621.37204426
              ],
              [
                13970596.09455582,
                4243439.13120411
              ],
              [
                13914936.34915918,
                4243439.13120411
              ],
              [
                13914936.34915918,
                4300621.37204426
              ],
              [
                13970596.09455582,
                4300621.37204426
              ]
            ]
          ]
        ]
      },
      "geometry_name": "ag_geom",
      "properties": {
        "restricted": "<FNT name='TW Cen MT' size='6'><CLR cyan='70' magenta='10' yellow='100' black='0'>R123 <UND>3 700 AMSL</UND> GND</CLR></FNT>",
        "res_lbl_1": "R123",
        "res_lbl_2": "3 700 AMSL",
        "res_lbl_3": "GND"
      },
      "bbox": [
        13914936.34915918,
        4243439.13120411,
        13970596.09455582,
        4300621.37204426
      ]
    },
    {
      "type": "Feature",
      "id": "lt_c_aisresc.30",
      "geometry": {
        "type": "MultiPolygon",
        "coordinates": [
          [
            [
              [
                14048479.55177494,
                4394145.17461561
              ],
              [
                14051911.86563457,
                4376890.19562374
              ],
              [
                14043099.09116668,
                4376505.23994231
              ],
              [
                14043470.17468925,
                4394530.7658306
              ],
              [
                14048479.55177494,
                4394145.17461561
              ]
            ]
          ]
        ]
      },
      "geometry_name": "ag_geom",
      "properties": {
        "restricted": "<FNT name='TW Cen MT' size='6'><CLR cyan='70' magenta='10' yellow='100' black='0'>R108A <UND>FL 270</UND> GND</CLR></FNT>",
        "res_lbl_1": "R108A",
        "res_lbl_2": "FL 270",
        "res_lbl_3": "GND"
      },
      "bbox": [
        14043099.09116668,
        4376505.23994231,
        14051911.86563457,
        4394530.7658306
      ]
    },
    {
      "type": "Feature",
      "id": "lt_c_aisresc.31",
      "geometry": {
        "type": "MultiPolygon",
        "coordinates": [
          [
            [
              [
                14048293.98218379,
                4394145.17461561
              ],
              [
                14027270.07183308,
                4340426.01252019
              ],
              [
                14020003.41377283,
                4342382.66719181
              ],
              [
                14043470.17468925,
                4394530.7658306
              ],
              [
                14048293.98218379,
                4394145.17461561
              ]
            ]
          ]
        ]
      },
      "geometry_name": "ag_geom",
      "properties": {
        "restricted": "<FNT name='TW Cen MT' size='6'><CLR cyan='70' magenta='10' yellow='100' black='0'>R108F <UND>FL 800</UND> GND</CLR></FNT>",
        "res_lbl_1": "R108F",
        "res_lbl_2": "FL 800",
        "res_lbl_3": "GND"
      },
      "bbox": [
        14020003.41377283,
        4340426.01252019,
        14048293.98218379,
        4394530.7658306
      ]
    },
    {
      "type": "Feature",
      "id": "lt_c_aisresc.32",
      "geometry": {
        "type": "MultiPolygon",
        "coordinates": [
          [
            [
              [
                14044809.06986476,
                4453054.67886607
              ],
              [
                14020689.8654128,
                4427497.5286629
              ],
              [
                13992859.99271448,
                4427497.5286629
              ],
              [
                13992859.99271448,
                4453054.67886607
              ],
              [
                14044809.06986476,
                4453054.67886607
              ]
            ]
          ]
        ]
      },
      "geometry_name": "ag_geom",
      "properties": {
        "restricted": "<FNT name='TW Cen MT' size='6'><CLR cyan='70' magenta='10' yellow='100' black='0'>R124 <UND>2 500 AMSL</UND> GND</CLR></FNT>",
        "res_lbl_1": "R124",
        "res_lbl_2": "2 500 AMSL",
        "res_lbl_3": "GND"
      },
      "bbox": [
        13992859.99271448,
        4427497.5286629,
        14044809.06986476,
        4453054.67886607
      ]
    },
    {
      "type": "Feature",
      "id": "lt_c_aisresc.35",
      "geometry": {
        "type": "MultiPolygon",
        "coordinates": [
          [
            [
              [
                14304554.56693564,
                4028802.0261344
              ],
              [
                14230341.59162672,
                3917447.10627074
              ],
              [
                14211788.30605467,
                3917447.10627074
              ],
              [
                14211788.30605467,
                4028802.0261344
              ],
              [
                14304554.56693564,
                4028802.0261344
              ]
            ]
          ]
        ]
      },
      "geometry_name": "ag_geom",
      "properties": {
        "restricted": "<FNT name='TW Cen MT' size='6'><CLR cyan='70' magenta='10' yellow='100' black='0'>R118 <UND>2 500 AMSL</UND> GND</CLR></FNT>",
        "res_lbl_1": "R118",
        "res_lbl_2": "2 500 AMSL",
        "res_lbl_3": "GND"
      },
      "bbox": [
        14211788.30605467,
        3917447.10627074,
        14304554.56693564,
        4028802.0261344
      ]
    },
    {
      "type": "Feature",
      "id": "lt_c_aisresc.36",
      "geometry": {
        "type": "MultiPolygon",
        "coordinates": [
          [
            [
              [
                14082150.58079416,
                4349752.19632257
              ],
              [
                14096758.20267479,
                4332775.38287512
              ],
              [
                13996570.66096084,
                4257135.57929346
              ],
              [
                13979872.73734185,
                4280001.18427704
              ],
              [
                14068761.35074028,
                4350020.97926701
              ],
              [
                14082150.58079416,
                4349752.19632257
              ]
            ]
          ]
        ]
      },
      "geometry_name": "ag_geom",
      "properties": {
        "restricted": "<FNT name='TW Cen MT' size='6'><CLR cyan='70' magenta='10' yellow='100' black='0'>R97C <UND>UNL</UND> GND</CLR></FNT>",
        "res_lbl_1": "R97C",
        "res_lbl_2": "UNL",
        "res_lbl_3": "GND"
      },
      "bbox": [
        13979872.73734185,
        4257135.57929346,
        14096758.20267479,
        4350020.97926701
      ]
    },
    {
      "type": "Feature",
      "id": "lt_c_aisresc.37",
      "geometry": {
        "type": "MultiPolygon",
        "coordinates": [
          [
            [
              [
                14495653.00757752,
                4415901.01800976
              ],
              [
                14517916.90573617,
                4402001.81154774
              ],
              [
                14517916.90573617,
                4305208.98012797
              ],
              [
                14471533.80312555,
                4305208.98012797
              ],
              [
                14471533.80312555,
                4420538.07639531
              ],
              [
                14495653.00757752,
                4415901.01800976
              ]
            ]
          ]
        ]
      },
      "geometry_name": "ag_geom",
      "properties": {
        "restricted": "<FNT name='TW Cen MT' size='6'><CLR cyan='70' magenta='10' yellow='100' black='0'>R74 <UND>FL 500</UND> GND</CLR></FNT>",
        "res_lbl_1": "R74",
        "res_lbl_2": "FL 500",
        "res_lbl_3": "GND"
      },
      "bbox": [
        14471533.80312555,
        4305208.98012797,
        14517916.90573617,
        4420538.07639531
      ]
    },
    {
      "type": "Feature",
      "id": "lt_c_aisresc.38",
      "geometry": {
        "type": "MultiPolygon",
        "coordinates": [
          [
            [
              [
                14091192.22813513,
                4341979.81575679
              ],
              [
                14070783.63626978,
                4305208.98012797
              ],
              [
                14046664.43181781,
                4330475.44964556
              ],
              [
                14083770.89164241,
                4346585.01656434
              ],
              [
                14091192.22813513,
                4341979.81575679
              ]
            ]
          ]
        ]
      },
      "geometry_name": "ag_geom",
      "properties": {
        "restricted": "<FNT name='TW Cen MT' size='6'><CLR cyan='70' magenta='10' yellow='100' black='0'>R97A <UND>FL 300</UND> GND</CLR></FNT>",
        "res_lbl_1": "R97A",
        "res_lbl_2": "FL 300",
        "res_lbl_3": "GND"
      },
      "bbox": [
        14046664.43181781,
        4305208.98012797,
        14091192.22813513,
        4346585.01656434
      ]
    },
    {
      "type": "Feature",
      "id": "lt_c_aisresc.39",
      "geometry": {
        "type": "MultiPolygon",
        "coordinates": [
          [
            [
              [
                14314264.10027454,
                4074098.21718175
              ],
              [
                14329013.93280466,
                4049446.94249068
              ],
              [
                14313831.19113131,
                4028802.0261344
              ],
              [
                14248894.821539,
                4028802.0261344
              ],
              [
                14248894.821539,
                4050493.25201726
              ],
              [
                14270138.29099495,
                4069193.61437807
              ],
              [
                14314264.10027454,
                4074098.21718175
              ]
            ]
          ]
        ]
      },
      "geometry_name": "ag_geom",
      "properties": {
        "restricted": "<FNT name='TW Cen MT' size='6'><CLR cyan='70' magenta='10' yellow='100' black='0'>R72 <UND>UNL</UND> GND</CLR></FNT>",
        "res_lbl_1": "R72",
        "res_lbl_2": "UNL",
        "res_lbl_3": "GND"
      },
      "bbox": [
        14248894.821539,
        4028802.0261344,
        14329013.93280466,
        4074098.21718175
      ]
    },
    {
      "type": "Feature",
      "id": "lt_c_aisresc.40",
      "geometry": {
        "type": "MultiPolygon",
        "coordinates": [
          [
            [
              [
                14306502.63776438,
                4650538.90954728
              ],
              [
                14306409.89181931,
                4650301.83673895
              ],
              [
                14306409.87445347,
                4650301.83986827
              ],
              [
                14306409.87322895,
                4650301.83673895
              ],
              [
                14306409.85931401,
                4650301.8427131
              ],
              [
                14306160.16468679,
                4650347.4271446
              ],
              [
                14305910.43655239,
                4650393.01789536
              ],
              [
                14305660.70730482,
                4650438.60870673
              ],
              [
                14305410.97694403,
                4650484.19972099
              ],
              [
                14305161.24547005,
                4650529.79093812
              ],
              [
                14304911.51288287,
                4650575.38235812
              ],
              [
                14304661.77929383,
                4650620.97412326
              ],
              [
                14304412.04448027,
                4650666.56594903
              ],
              [
                14304162.30855351,
                4650712.15797769
              ],
              [
                14303912.57162487,
                4650757.75020925
              ],
              [
                14303662.83347173,
                4650803.34264369
              ],
              [
                14303413.09420538,
                4650848.93528103
              ],
              [
                14303163.35393716,
                4650894.52812128
              ],
              [
                14302913.61255575,
                4650940.12116443
              ],
              [
                14302663.86994983,
                4650985.71441048
              ],
              [
                14302414.12634202,
                4651031.30785945
              ],
              [
                14302164.38162102,
                4651076.90151134
              ],
              [
                14301914.63567552,
                4651122.49536613
              ],
              [
                14301664.88872813,
                4651168.08942384
              ],
              [
                14301415.14066755,
                4651213.68368449
              ],
              [
                14301165.39149378,
                4651259.27814805
              ],
              [
                14300915.6412068,
                4651304.87281455
              ],
              [
                14300665.88980664,
                4651350.46768397
              ],
              [
                14300416.13729327,
                4651396.06275634
              ],
              [
                14300166.38377803,
                4651441.6578894
              ],
              [
                14299916.62903828,
                4651487.25336764
              ],
              [
                14299666.87318534,
                4651532.84904884
              ],
              [
                14299417.1162192,
                4651578.44493298
              ],
              [
                14299167.35825118,
                4651624.04102008
              ],
              [
                14298917.59905865,
                4651669.63716787
              ],
              [
                14298667.83886424,
                4651715.23366088
              ],
              [
                14298418.07744532,
                4651760.83035685
              ],
              [
                14298168.31502452,
                4651806.42725579
              ],
              [
                14297918.55149053,
                4651852.02421543
              ],
              [
                14297668.78673202,
                4651897.62152031
              ],
              [
                14297419.02097165,
                4651943.21902816
              ],
              [
                14297169.25409806,
                4651988.81659673
              ],
              [
                14296919.4861113,
                4652034.41451055
              ],
              [
                14296669.71701133,
                4652080.01248508
              ],
              [
                14296419.94679818,
                4652125.61080486
              ],
              [
                14296170.17547182,
                4652171.20932763
              ],
              [
                14295920.40303227,
                4652216.80791114
              ],
              [
                14295670.62947952,
                4652262.4068399
              ],
              [
                14295420.85481358,
                4652308.00582941
              ],
              [
                14295171.07914576,
                4652353.60516418
              ],
              [
                14294921.30225343,
                4652399.20455969
              ],
              [
                14294671.52424791,
                4652444.80430048
              ],
              [
                14294421.74524051,
                4652490.40410201
              ],
              [
                14294171.9650086,
                4652536.00410656
              ],
              [
                14293922.1837748,
                4652581.6044564
              ],
              [
                14293672.4013165,
                4652627.20486699
              ],
              [
                14293422.61785632,
                4652672.80562288
              ],
              [
                14293422.61785632,
                4652922.41379197
              ],
              [
                14293422.61785632,
                4653172.02818693
              ],
              [
                14293422.61785632,
                4653421.64838143
              ],
              [
                14293422.61785632,
                4653671.27466057
              ],
              [
                14293422.61785632,
                4653920.90702487
              ],
              [
                14293422.61785632,
                4654170.54533258
              ],
              [
                14293422.61785632,
                4654420.18972652
              ],
              [
                14293422.61785632,
                4654669.8400649
              ],
              [
                14293422.61785632,
                4654919.49634825
              ],
              [
                14293422.61785632,
                4655169.15871941
              ],
              [
                14293422.61785632,
                4655418.82703658
              ],
              [
                14293422.61785632,
                4655668.50144261
              ],
              [
                14293422.61785632,
                4655918.18193802
              ],
              [
                14293422.61785632,
                4656167.86838103
              ],
              [
                14293422.61785632,
                4656417.56077216
              ],
              [
                14293422.61785632,
                4656667.25925425
              ],
              [
                14293422.61785632,
                4656916.9636855
              ],
              [
                14293422.61785632,
                4657166.67420878
              ],
              [
                14293422.61785632,
                4657416.39068227
              ],
              [
                14293672.34487752,
                4657462.01277399
              ],
              [
                14293922.0729006,
                4657507.63521141
              ],
              [
                14294171.80214819,
                4657553.25770988
              ],
              [
                14294421.53250896,
                4657598.88041172
              ],
              [
                14294671.26387162,
                4657644.50331693
              ],
              [
                14294920.9964588,
                4657690.12642553
              ],
              [
                14295170.73004783,
                4657735.74987986
              ],
              [
                14295420.4648614,
                4657781.37339524
              ],
              [
                14295670.20067684,
                4657826.99711401
              ],
              [
                14295919.93760548,
                4657872.62103618
              ],
              [
                14296169.67575862,
                4657918.24516173
              ],
              [
                14296419.41491364,
                4657963.8694907
              ],
              [
                14296669.15518186,
                4658009.49402308
              ],
              [
                14296918.89656328,
                4658055.11875886
              ],
              [
                14297168.63916921,
                4658100.74369805
              ],
              [
                14297418.38277701,
                4658146.36884066
              ],
              [
                14297668.127498,
                4658191.99418669
              ],
              [
                14297917.87333219,
                4658237.61973614
              ],
              [
                14298167.62027958,
                4658283.24548902
              ],
              [
                14298417.36834017,
                4658328.87144532
              ],
              [
                14298667.11751394,
                4658374.49760506
              ],
              [
                14298916.86780092,
                4658420.12396823
              ],
              [
                14299166.61908976,
                4658465.75053483
              ],
              [
                14299416.37160312,
                4658511.37730489
              ],
              [
                14299666.12522968,
                4658557.00413602
              ],
              [
                14299915.87996943,
                4658602.63131297
              ],
              [
                14300165.63582237,
                4658648.25869336
              ],
              [
                14300415.3926772,
                4658693.8862772
              ],
              [
                14300665.15075653,
                4658739.51406451
              ],
              [
                14300914.90983775,
                4658785.14191291
              ],
              [
                14301164.67014347,
                4658830.77010715
              ],
              [
                14301414.4315624,
                4658876.39850485
              ],
              [
                14301664.19398318,
                4658922.02710601
              ],
              [
                14301913.95751718,
                4658967.65576829
              ],
              [
                14302163.72227568,
                4659013.28477641
              ],
              [
                14302413.48803607,
                4659058.91398801
              ],
              [
                14302663.25502096,
                4659104.54326073
              ],
              [
                14302913.02300774,
                4659150.17287929
              ],
              [
                14303162.7921077,
                4659195.80255899
              ],
              [
                14303412.56232086,
                4659241.43258453
              ],
              [
                14303662.33375853,
                4659287.06281358
              ],
              [
                14303912.10619808,
                4659332.69310377
              ],
              [
                14304161.87975083,
                4659378.32373981
              ],
              [
                14304411.65441677,
                4659423.954437
              ],
              [
                14304661.43019591,
                4659469.58548007
              ],
              [
                14304911.20708824,
                4659515.21658427
              ],
              [
                14305160.98509376,
                4659560.84803436
              ],
              [
                14305410.76421248,
                4659606.47954561
              ],
              [
                14305660.54444439,
                4659652.11126037
              ],
              [
                14305910.32578951,
                4659697.74332103
              ],
              [
                14306160.1082478,
                4659743.37544285
              ],
              [
                14306409.89181931,
                4659789.00791056
              ],
              [
                14306502.678396,
                4659551.72209823
              ],
              [
                14306510.9673566,
                4659530.52461589
              ],
              [
                14308265.235182,
                4655044.3471228
              ],
              [
                14308229.85428561,
                4654953.93299001
              ],
              [
                14308172.43001496,
                4654807.14752094
              ],
              [
                14308079.64566467,
                4654569.97717843
              ],
              [
                14307986.86331812,
                4654332.81204487
              ],
              [
                14307894.08319795,
                4654095.65254669
              ],
              [
                14307801.30519287,
                4653858.49839886
              ],
              [
                14307708.52930286,
                4653621.34960093
              ],
              [
                14307615.75563923,
                4653384.20629473
              ],
              [
                14307522.98397935,
                4653147.06847982
              ],
              [
                14307430.21454587,
                4652909.93601346
              ],
              [
                14307337.44722745,
                4652672.8088952
              ],
              [
                14307244.68213542,
                4652435.68740914
              ],
              [
                14307151.91904715,
                4652198.57112802
              ],
              [
                14307059.15818527,
                4651961.46033592
              ],
              [
                14306966.39943845,
                4651724.3550324
              ],
              [
                14306873.6428067,
                4651487.25507475
              ],
              [
                14306780.88829002,
                4651250.16060475
              ],
              [
                14306688.13599975,
                4651013.07147972
              ],
              [
                14306595.38582452,
                4650775.98784147
              ],
              [
                14306502.63776438,
                4650538.90954728
              ]
            ]
          ]
        ]
      },
      "geometry_name": "ag_geom",
      "properties": {
        "restricted": "<FNT name='TW Cen MT' size='6'><CLR cyan='70' magenta='10' yellow='100' black='0'>R77 <UND>FL 150</UND> GND</CLR></FNT>",
        "res_lbl_1": "R77",
        "res_lbl_2": "FL 150",
        "res_lbl_3": "GND"
      },
      "bbox": [
        14293422.61785632,
        4650301.83673895,
        14308265.235182,
        4659789.00791056
      ]
    },
    {
      "type": "Feature",
      "id": "lt_c_aisresc.41",
      "geometry": {
        "type": "MultiPolygon",
        "coordinates": [
          [
            [
              [
                14291526.12335142,
                4357779.53038546
              ],
              [
                14291636.21832782,
                4356173.03074687
              ],
              [
                14291522.72810696,
                4354566.97863908
              ],
              [
                14291187.8234189,
                4352992.62217336
              ],
              [
                14290638.18343311,
                4351480.6383607
              ],
              [
                14289884.60614018,
                4350060.30549105
              ],
              [
                14288941.73005316,
                4348759.22977135
              ],
              [
                14287827.97854778,
                4347602.65812557
              ],
              [
                14286565.05892473,
                4346612.99903902
              ],
              [
                14285177.46147199,
                4345809.34368208
              ],
              [
                14283692.23682583,
                4345207.33236536
              ],
              [
                14282138.1610746,
                4344818.60596673
              ],
              [
                14280545.40180034,
                4344650.60202802
              ],
              [
                14278944.8501617,
                4344706.69515688
              ],
              [
                14277367.56429666,
                4344985.71445826
              ],
              [
                14275844.2127249,
                4345482.2886026
              ],
              [
                14274404.29511149,
                4346186.84419461
              ],
              [
                14273075.80830836,
                4347085.67202878
              ],
              [
                14271884.57843738,
                4348161.40692099
              ],
              [
                14270853.75995264,
                4349393.23055046
              ],
              [
                14270003.44602222,
                4350757.28126245
              ],
              [
                14269350.22325023,
                4352226.99480549
              ],
              [
                14268906.89337815,
                4353773.92937493
              ],
              [
                14268682.13932623,
                4355367.96937927
              ],
              [
                14268680.41387414,
                4356978.22158318
              ],
              [
                14268901.88400106,
                4358573.22113494
              ],
              [
                14269342.3195664,
                4360121.9688187
              ],
              [
                14269993.2602888,
                4361594.20903157
              ],
              [
                14270842.0714061,
                4362961.26240751
              ],
              [
                14271872.3332934,
                4364196.44453543
              ],
              [
                14273063.89712285,
                4365275.62385165
              ],
              [
                14274393.66410011,
                4366177.6416283
              ],
              [
                14275835.69678385,
                4366884.87051009
              ],
              [
                14277361.83134288,
                4367383.42670662
              ],
              [
                14278942.28981342,
                4367663.65841236
              ],
              [
                14280546.23669651,
                4367719.94100883
              ],
              [
                14282142.33555552,
                4367551.30178749
              ],
              [
                14283699.47259272,
                4367160.93569939
              ],
              [
                14285187.14626769,
                4366556.55047262
              ],
              [
                14286576.41351279,
                4365749.9489459
              ],
              [
                14287840.16803202,
                4364756.95643672
              ],
              [
                14288953.80821791,
                4363596.93197855
              ],
              [
                14289895.62676978,
                4362292.62514219
              ],
              [
                14290647.31163135,
                4360869.47909795
              ],
              [
                14291194.33560911,
                4359355.2800226
              ],
              [
                14291526.12335142,
                4357779.53038546
              ]
            ]
          ]
        ]
      },
      "geometry_name": "ag_geom",
      "properties": {
        "restricted": "<FNT name='TW Cen MT' size='6'><CLR cyan='70' magenta='10' yellow='100' black='0'>R81 <UND>FL 220</UND> SFC</CLR></FNT>",
        "res_lbl_1": "R81",
        "res_lbl_2": "FL 220",
        "res_lbl_3": "SFC"
      },
      "bbox": [
        14268680.41387414,
        4344650.60202802,
        14291636.21832782,
        4367719.94100883
      ]
    },
    {
      "type": "Feature",
      "id": "lt_c_aisresc.42",
      "geometry": {
        "type": "MultiPolygon",
        "coordinates": [
          [
            [
              [
                13982037.26446765,
                4197945.12388726
              ],
              [
                13982099.10856735,
                4141254.812941
              ],
              [
                13862678.03269738,
                4141141.79660366
              ],
              [
                13862492.50017562,
                4197793.66467462
              ],
              [
                13982037.26446765,
                4197945.12388726
              ]
            ]
          ]
        ]
      },
      "geometry_name": "ag_geom",
      "properties": {
        "restricted": "<FNT name='TW Cen MT' size='6'><CLR cyan='70' magenta='10' yellow='100' black='0'>R84 <UND>FL 500</UND> GND</CLR></FNT>",
        "res_lbl_1": "R84",
        "res_lbl_2": "FL 500",
        "res_lbl_3": "GND"
      },
      "bbox": [
        13862492.50017562,
        4141141.79660366,
        13982099.10856735,
        4197945.12388726
      ]
    },
    {
      "type": "Feature",
      "id": "lt_c_aisresc.43",
      "geometry": {
        "type": "MultiPolygon",
        "coordinates": [
          [
            [
              [
                14140667.5412971,
                4537132.13004293
              ],
              [
                14143666.97818482,
                4536194.21521612
              ],
              [
                14147253.93708107,
                4533732.60222187
              ],
              [
                14152417.92580752,
                4528811.11730877
              ],
              [
                14153345.59565211,
                4525258.16434624
              ],
              [
                14155200.91307736,
                4520223.60478317
              ],
              [
                14150160.62256906,
                4514996.48513887
              ],
              [
                14144316.34930242,
                4501745.33995347
              ],
              [
                14132689.64074626,
                4501745.33995347
              ],
              [
                14116053.56623635,
                4518741.02887921
              ],
              [
                14115837.1054865,
                4521901.52661434
              ],
              [
                14115125.89639178,
                4525453.33828369
              ],
              [
                14115713.41840028,
                4527444.45284948
              ],
              [
                14116053.56623635,
                4532013.72791115
              ],
              [
                14124557.13968661,
                4527678.73070714
              ],
              [
                14140667.5412971,
                4537132.13004293
              ]
            ]
          ]
        ]
      },
      "geometry_name": "ag_geom",
      "properties": {
        "restricted": "<FNT name='TW Cen MT' size='6'><CLR cyan='70' magenta='10' yellow='100' black='0'>R75 <UND>10 000 AMSL</UND> SFC</CLR></FNT>",
        "res_lbl_1": "R75",
        "res_lbl_2": "10 000 AMSL",
        "res_lbl_3": "SFC"
      },
      "bbox": [
        14115125.89639178,
        4501745.33995347,
        14155200.91307736,
        4537132.13004293
      ]
    },
    {
      "type": "Feature",
      "id": "lt_c_aisresc.44",
      "geometry": {
        "type": "MultiPolygon",
        "coordinates": [
          [
            [
              [
                13813202.70339408,
                4543973.60977425
              ],
              [
                13871645.43606055,
                4543973.60977425
              ],
              [
                13871645.43606055,
                4509421.164656
              ],
              [
                13813202.70339408,
                4509577.07732003
              ],
              [
                13813202.70339408,
                4543973.60977425
              ]
            ]
          ]
        ]
      },
      "geometry_name": "ag_geom",
      "properties": {
        "restricted": "<FNT name='TW Cen MT' size='6'><CLR cyan='70' magenta='10' yellow='100' black='0'>R153 <UND>3 000 AMSL</UND> SFC</CLR></FNT>",
        "res_lbl_1": "R153",
        "res_lbl_2": "3 000 AMSL",
        "res_lbl_3": "SFC"
      },
      "bbox": [
        13813202.70339408,
        4509421.164656,
        13871645.43606055,
        4543973.60977425
      ]
    },
    {
      "type": "Feature",
      "id": "lt_c_aisresc.45",
      "geometry": {
        "type": "MultiPolygon",
        "coordinates": [
          [
            [
              [
                14229330.08707362,
                4367050.93796086
              ],
              [
                14229374.5592102,
                4366407.79566069
              ],
              [
                14229329.53047617,
                4365764.69191213
              ],
              [
                14229195.83576773,
                4365134.22324377
              ],
              [
                14228976.0910929,
                4364528.56800662
              ],
              [
                14228674.58225209,
                4363959.55591157
              ],
              [
                14228297.2091783,
                4363438.25325965
              ],
              [
                14227851.26329818,
                4362974.75598188
              ],
              [
                14227345.5388515,
                4362578.12117121
              ],
              [
                14226789.77629373,
                4362256.02186205
              ],
              [
                14226194.82927517,
                4362014.67859454
              ],
              [
                14225572.21936317,
                4361858.86007789
              ],
              [
                14224934.13604194,
                4361791.53776827
              ],
              [
                14224292.88011522,
                4361814.02461816
              ],
              [
                14223661.03068548,
                4361925.90604523
              ],
              [
                14223050.77723696,
                4362124.9706876
              ],
              [
                14222473.97529541,
                4362407.34851868
              ],
              [
                14221941.97944891,
                4362767.57958585
              ],
              [
                14221464.97543086,
                4363198.68259491
              ],
              [
                14221052.31407848,
                4363692.29258133
              ],
              [
                14220712.06605488,
                4364238.79853011
              ],
              [
                14220450.79920999,
                4364827.55020756
              ],
              [
                14220273.63424039,
                4365447.06507108
              ],
              [
                14220184.0220503,
                4366085.4429619
              ],
              [
                14220183.74375158,
                4366730.08882308
              ],
              [
                14220272.7993442,
                4367368.61228955
              ],
              [
                14220449.51903584,
                4367988.48159615
              ],
              [
                14220710.39626252,
                4368577.64678683
              ],
              [
                14221050.42164715,
                4369124.60936571
              ],
              [
                14221462.97168002,
                4369618.69979913
              ],
              [
                14221940.03135782,
                4370050.35516997
              ],
              [
                14222472.30550305,
                4370411.11994182
              ],
              [
                14223049.38574332,
                4370693.99294179
              ],
              [
                14223660.08446982,
                4370893.35883734
              ],
              [
                14224292.49049701,
                4371005.40423648
              ],
              [
                14224934.24736143,
                4371027.91040659
              ],
              [
                14225572.88728011,
                4370960.46128738
              ],
              [
                14226195.99812983,
                4370804.37429595
              ],
              [
                14226791.33476659,
                4370562.70016348
              ],
              [
                14227347.3756231,
                4370240.0840741
              ],
              [
                14227853.26704901,
                4369842.90361207
              ],
              [
                14228299.15726939,
                4369378.9218478
              ],
              [
                14228676.36336393,
                4368857.07886703
              ],
              [
                14228977.53824628,
                4368287.62946567
              ],
              [
                14229196.83764314,
                4367681.65773459
              ],
              [
                14229330.08707362,
                4367050.93796086
              ]
            ]
          ]
        ]
      },
      "geometry_name": "ag_geom",
      "properties": {
        "restricted": "<FNT name='TW Cen MT' size='6'><CLR cyan='70' magenta='10' yellow='100' black='0'>R20 <UND>5 000 AMSL</UND> GND</CLR></FNT>",
        "res_lbl_1": "R20",
        "res_lbl_2": "5 000 AMSL",
        "res_lbl_3": "GND"
      },
      "bbox": [
        14220183.74375158,
        4361791.53776827,
        14229374.5592102,
        4371027.91040659
      ]
    },
    {
      "type": "Feature",
      "id": "lt_c_aisresc.46",
      "geometry": {
        "type": "MultiPolygon",
        "coordinates": [
          [
            [
              [
                14167122.75186751,
                4385680.6654925
              ],
              [
                14167167.27966382,
                4385036.40363861
              ],
              [
                14167122.19527005,
                4384392.24992964
              ],
              [
                14166988.22226288,
                4383760.68413565
              ],
              [
                14166768.08796984,
                4383153.97512441
              ],
              [
                14166466.07819132,
                4382584.04248833
              ],
              [
                14166088.03720059,
                4382061.83309424
              ],
              [
                14165641.36774377,
                4381597.52972443
              ],
              [
                14165134.75274117,
                4381200.20518397
              ],
              [
                14164578.04396772,
                4380877.54581198
              ],
              [
                14163982.03941401,
                4380635.85224256
              ],
              [
                14163358.37196684,
                4380479.69351271
              ],
              [
                14162719.17545071,
                4380412.25416206
              ],
              [
                14162076.80632908,
                4380434.78010551
              ],
              [
                14161443.84370444,
                4380546.85604272
              ],
              [
                14160832.53272074,
                4380746.26678077
              ],
              [
                14160254.78456352,
                4381029.13558786
              ],
              [
                14159721.78684161,
                4381389.99304912
              ],
              [
                14159244.00358712,
                4381821.84576749
              ],
              [
                14158830.61865805,
                4382316.31427065
              ],
              [
                14158489.75837725,
                4382863.70154015
              ],
              [
                14158228.04625439,
                4383453.47750074
              ],
              [
                14158050.60298607,
                4384074.07033958
              ],
              [
                14157960.82381674,
                4384713.55921231
              ],
              [
                14157960.54551802,
                4385359.32715355
              ],
              [
                14158049.76808989,
                4385998.8928847
              ],
              [
                14158226.76608024,
                4386619.84150257
              ],
              [
                14158488.14424464,
                4387210.03270631
              ],
              [
                14158828.72622672,
                4387757.94794637
              ],
              [
                14159241.99983629,
                4388252.89907009
              ],
              [
                14159719.89441026,
                4388685.30646302
              ],
              [
                14160253.05911142,
                4389046.69981834
              ],
              [
                14160831.1412271,
                4389329.99635941
              ],
              [
                14161442.89748876,
                4389529.70967311
              ],
              [
                14162076.41671086,
                4389641.95033234
              ],
              [
                14162719.2867702,
                4389664.56509488
              ],
              [
                14163359.03988378,
                4389596.99843113
              ],
              [
                14163983.20826866,
                4389440.63943267
              ],
              [
                14164579.60244059,
                4389198.47479821
              ],
              [
                14165136.58951277,
                4388875.36593647
              ],
              [
                14165643.3714946,
                4388477.49347613
              ],
              [
                14166089.98529168,
                4388012.63405918
              ],
              [
                14166467.85930316,
                4387489.9514646
              ],
              [
                14166769.59078296,
                4386919.51030898
              ],
              [
                14166989.27979804,
                4386312.48337979
              ],
              [
                14167122.75186751,
                4385680.6654925
              ]
            ]
          ]
        ]
      },
      "geometry_name": "ag_geom",
      "properties": {
        "restricted": "<FNT name='TW Cen MT' size='6'><CLR cyan='70' magenta='10' yellow='100' black='0'>R19 <UND>3 400 AMSL</UND> GND</CLR></FNT>",
        "res_lbl_1": "R19",
        "res_lbl_2": "3 400 AMSL",
        "res_lbl_3": "GND"
      },
      "bbox": [
        14157960.54551802,
        4380412.25416206,
        14167167.27966382,
        4389664.56509488
      ]
    },
    {
      "type": "Feature",
      "id": "lt_c_aisresc.47",
      "geometry": {
        "type": "MultiPolygon",
        "coordinates": [
          [
            [
              [
                14215627.49265315,
                4487673.4731486
              ],
              [
                14215738.92346343,
                4486047.43165619
              ],
              [
                14215623.93042944,
                4484421.92151351
              ],
              [
                14215284.90692023,
                4482828.50459926
              ],
              [
                14214728.4764455,
                4481298.23406558
              ],
              [
                14213965.6039751,
                4479860.7466067
              ],
              [
                14213011.20632078,
                4478543.91589589
              ],
              [
                14211883.81817777,
                4477373.36696785
              ],
              [
                14210605.4251455,
                4476371.71150769
              ],
              [
                14209200.90713016,
                4475558.41300651
              ],
              [
                14207697.537407,
                4474949.09222422
              ],
              [
                14206124.4816826,
                4474555.67140595
              ],
              [
                14204512.29715718,
                4474385.67843792
              ],
              [
                14202892.20894793,
                4474442.45900084
              ],
              [
                14201295.72047072,
                4474724.82797028
              ],
              [
                14199753.77854399,
                4475227.41870397
              ],
              [
                14198296.27245104,
                4475940.47154708
              ],
              [
                14196951.53300225,
                4476850.11058327
              ],
              [
                14195745.72027798,
                4477938.89919096
              ],
              [
                14194702.26703103,
                4479185.55559228
              ],
              [
                14193841.54472821,
                4480566.06698117
              ],
              [
                14193180.30695291,
                4482053.61463232
              ],
              [
                14192731.46676603,
                4483619.26890509
              ],
              [
                14192503.8740671,
                4485232.68521882
              ],
              [
                14192502.09295525,
                4486862.38123849
              ],
              [
                14192726.23474996,
                4488476.7853596
              ],
              [
                14193172.01365084,
                4490044.30665091
              ],
              [
                14193830.8580571,
                4491534.52646068
              ],
              [
                14194690.07754678,
                4492918.2711175
              ],
              [
                14195732.86287679,
                4494168.45604378
              ],
              [
                14196939.06521929,
                4495260.79085389
              ],
              [
                14198285.14050195,
                4496173.78435558
              ],
              [
                14199744.81732498,
                4496889.66042275
              ],
              [
                14201289.70921821,
                4497394.29268899
              ],
              [
                14202889.53728015,
                4497677.90933399
              ],
              [
                14204513.18771311,
                4497734.95595997
              ],
              [
                14206128.87880249,
                4497564.23749753
              ],
              [
                14207705.10713238,
                4497169.05873706
              ],
              [
                14209211.03720383,
                4496557.29333148
              ],
              [
                14210617.39199076,
                4495740.89081687
              ],
              [
                14211896.61991922,
                4494735.80298716
              ],
              [
                14213023.84108299,
                4493561.62910845
              ],
              [
                14213977.18120214,
                4492241.40073216
              ],
              [
                14214738.04992172,
                4490800.94603753
              ],
              [
                14215291.69740917,
                4489268.32463284
              ],
              [
                14215627.49265315,
                4487673.4731486
              ]
            ]
          ]
        ]
      },
      "geometry_name": "ag_geom",
      "properties": {
        "restricted": "<FNT name='TW Cen MT' size='6'><CLR cyan='70' magenta='10' yellow='100' black='0'>R17 <UND>FL 150</UND> GND</CLR></FNT>",
        "res_lbl_1": "R17",
        "res_lbl_2": "FL 150",
        "res_lbl_3": "GND"
      },
      "bbox": [
        14192502.09295525,
        4474385.67843792,
        14215738.92346343,
        4497734.95595997
      ]
    },
    {
      "type": "Feature",
      "id": "lt_c_aisresc.48",
      "geometry": {
        "type": "MultiPolygon",
        "coordinates": [
          [
            [
              [
                14412989.04614577,
                4286141.15529525
              ],
              [
                14417778.84553588,
                4284996.06603149
              ],
              [
                14415428.77976575,
                4279119.99256852
              ],
              [
                14411718.11151939,
                4278204.4746704
              ],
              [
                14409525.72980796,
                4285759.42258085
              ],
              [
                14412989.04614577,
                4286141.15529525
              ]
            ]
          ]
        ]
      },
      "geometry_name": "ag_geom",
      "properties": {
        "restricted": "<FNT name='TW Cen MT' size='6'><CLR cyan='70' magenta='10' yellow='100' black='0'>R90B <UND>5 500 AMSL</UND> GND</CLR></FNT>",
        "res_lbl_1": "R90B",
        "res_lbl_2": "5 500 AMSL",
        "res_lbl_3": "GND"
      },
      "bbox": [
        14409525.72980796,
        4278204.4746704,
        14417778.84553588,
        4286141.15529525
      ]
    },
    {
      "type": "Feature",
      "id": "lt_c_aisresc.49",
      "geometry": {
        "type": "MultiPolygon",
        "coordinates": [
          [
            [
              [
                14410852.32417975,
                4289997.09073947
              ],
              [
                14418242.71385402,
                4285568.62995036
              ],
              [
                14417778.84553588,
                4284996.06603149
              ],
              [
                14412989.04614577,
                4286141.15529525
              ],
              [
                14409525.72980796,
                4285759.42258085
              ],
              [
                14408069.33690991,
                4290569.84927889
              ],
              [
                14410852.32417975,
                4289997.09073947
              ]
            ]
          ]
        ]
      },
      "geometry_name": "ag_geom",
      "properties": {
        "restricted": "<FNT name='TW Cen MT' size='6'><CLR cyan='70' magenta='10' yellow='100' black='0'>R90A <UND>2 000 AMSL</UND> GND</CLR></FNT>",
        "res_lbl_1": "R90A",
        "res_lbl_2": "2 000 AMSL",
        "res_lbl_3": "GND"
      },
      "bbox": [
        14408069.33690991,
        4284996.06603149,
        14418242.71385402,
        4290569.84927889
      ]
    },
    {
      "type": "Feature",
      "id": "lt_c_aisresc.50",
      "geometry": {
        "type": "MultiPolygon",
        "coordinates": [
          [
            [
              [
                14044809.06986476,
                4346585.01656434
              ],
              [
                14053581.65799647,
                4351480.15449353
              ],
              [
                14082150.58079416,
                4349752.19632257
              ],
              [
                14096758.20267479,
                4332775.38287512
              ],
              [
                14067072.96802342,
                4284580.09326372
              ],
              [
                14031821.81449213,
                4328176.07529827
              ],
              [
                14020689.8654128,
                4332775.38287512
              ],
              [
                14020689.8654128,
                4346585.01656434
              ],
              [
                14044809.06986476,
                4346585.01656434
              ]
            ]
          ]
        ]
      },
      "geometry_name": "ag_geom",
      "properties": {
        "restricted": "<FNT name='TW Cen MT' size='6'><CLR cyan='70' magenta='10' yellow='100' black='0'>R97B <UND>UNL</UND> GND</CLR></FNT>",
        "res_lbl_1": "R97B",
        "res_lbl_2": "UNL",
        "res_lbl_3": "GND"
      },
      "bbox": [
        14020689.8654128,
        4284580.09326372,
        14096758.20267479,
        4351480.15449353
      ]
    },
    {
      "type": "Feature",
      "id": "lt_c_aisresc.51",
      "geometry": {
        "type": "MultiPolygon",
        "coordinates": [
          [
            [
              [
                13995086.38253034,
                4536585.0055314
              ],
              [
                14017288.43647798,
                4527249.23074998
              ],
              [
                14015494.95580535,
                4521394.21726448
              ],
              [
                13992952.75891971,
                4531388.75335373
              ],
              [
                13995086.38253034,
                4536585.0055314
              ]
            ]
          ]
        ]
      },
      "geometry_name": "ag_geom",
      "properties": {
        "restricted": "<FNT name='TW Cen MT' size='6'><CLR cyan='70' magenta='10' yellow='100' black='0'>R154 <UND>3 000 AMSL</UND> SFC</CLR></FNT>",
        "res_lbl_1": "R154",
        "res_lbl_2": "3 000 AMSL",
        "res_lbl_3": "SFC"
      },
      "bbox": [
        13992952.75891971,
        4521394.21726448,
        14017288.43647798,
        4536585.0055314
      ]
    },
    {
      "type": "Feature",
      "id": "lt_c_aisresc.52",
      "geometry": {
        "type": "MultiPolygon",
        "coordinates": [
          [
            [
              [
                14227218.44293983,
                4426150.00668083
              ],
              [
                14227466.78603712,
                4426143.30505578
              ],
              [
                14227714.41212557,
                4426123.21983554
              ],
              [
                14227960.60631141,
                4426089.80873154
              ],
              [
                14228204.65804233,
                4426043.16848517
              ],
              [
                14228445.86255463,
                4425983.4338914
              ],
              [
                14228683.52354491,
                4425910.77779632
              ],
              [
                14228916.95528508,
                4425825.40998027
              ],
              [
                14229145.48362433,
                4425727.57715398
              ],
              [
                14229368.44932862,
                4425617.5623974
              ],
              [
                14229585.20885998,
                4425495.68320578
              ],
              [
                14229795.13671419,
                4425362.29218033
              ],
              [
                14229997.62720191,
                4425217.77451669
              ],
              [
                14230192.09634106,
                4425062.54785953
              ],
              [
                14230377.98297013,
                4424897.06062567
              ],
              [
                14230554.75119706,
                4424721.79102302
              ],
              [
                14230721.89128991,
                4424537.24509503
              ],
              [
                14230878.92145794,
                4424343.95615706
              ],
              [
                14231025.38907607,
                4424142.48228409
              ],
              [
                14231160.87213213,
                4423933.40519048
              ],
              [
                14231284.98033999,
                4423717.32869245
              ],
              [
                14231397.35647539,
                4423494.87647478
              ],
              [
                14231497.67693257,
                4423266.69083228
              ],
              [
                14231585.65317142,
                4423033.43015904
              ],
              [
                14231661.03227405,
                4422795.76782997
              ],
              [
                14231723.59750143,
                4422554.38955189
              ],
              [
                14231773.16940652,
                4422309.99182874
              ],
              [
                14231809.60594564,
                4422063.27945326
              ],
              [
                14231832.80292378,
                4421814.9642517
              ],
              [
                14231842.69421713,
                4421565.76215954
              ],
              [
                14231839.25244111,
                4421316.39196771
              ],
              [
                14231822.48839371,
                4421067.57253894
              ],
              [
                14231792.45138947,
                4420820.02113805
              ],
              [
                14231749.22870286,
                4420574.45134571
              ],
              [
                14231692.94612492,
                4420331.57083356
              ],
              [
                14231623.76662736,
                4420092.07955781
              ],
              [
                14231541.89047397,
                4419856.66739671
              ],
              [
                14231447.5545526,
                4419626.01276288
              ],
              [
                14231341.03137339,
                4419400.77982476
              ],
              [
                14231222.62873472,
                4419181.61725925
              ],
              [
                14231092.68849875,
                4418969.15630911
              ],
              [
                14230951.58570084,
                4418764.00870172
              ],
              [
                14230799.72765899,
                4418566.76498569
              ],
              [
                14230637.55230411,
                4418377.9928677
              ],
              [
                14230465.52751199,
                4418198.23596697
              ],
              [
                14230284.14909968,
                4418028.01159612
              ],
              [
                14230093.94015742,
                4417867.80937679
              ],
              [
                14229895.44882242,
                4417718.0905508
              ],
              [
                14229689.24727683,
                4417579.28576111
              ],
              [
                14229475.92952149,
                4417451.7945018
              ],
              [
                14229256.11026261,
                4417335.98331602
              ],
              [
                14229030.42279677,
                4417232.18552371
              ],
              [
                14228799.51711848,
                4417140.69969696
              ],
              [
                14228564.05847301,
                4417061.78883063
              ],
              [
                14228324.72479607,
                4416995.68006867
              ],
              [
                14228082.20548927,
                4416942.56345631
              ],
              [
                14227837.19897107,
                4416902.59180444
              ],
              [
                14227590.41067311,
                4416875.87999691
              ],
              [
                14227342.551259,
                4416862.50471449
              ],
              [
                14227094.33450934,
                4416862.50471449
              ],
              [
                14226846.47520656,
                4416875.87999691
              ],
              [
                14226599.68690861,
                4416902.59180444
              ],
              [
                14226354.68027909,
                4416942.56345631
              ],
              [
                14226112.16097228,
                4416995.68006867
              ],
              [
                14225872.82740666,
                4417061.78883063
              ],
              [
                14225637.36864988,
                4417140.69969696
              ],
              [
                14225406.46308291,
                4417232.18552371
              ],
              [
                14225180.77550574,
                4417335.98331602
              ],
              [
                14224960.95624686,
                4417451.7945018
              ],
              [
                14224747.63860283,
                4417579.28576111
              ],
              [
                14224541.43694594,
                4417718.0905508
              ],
              [
                14224342.94572225,
                4417867.80937679
              ],
              [
                14224152.73666868,
                4418028.01159612
              ],
              [
                14223971.35836767,
                4418198.23596697
              ],
              [
                14223799.33346425,
                4418377.9928677
              ],
              [
                14223637.15822069,
                4418566.76498569
              ],
              [
                14223485.30006752,
                4418764.00870172
              ],
              [
                14223344.19738093,
                4418969.15630911
              ],
              [
                14223214.25714495,
                4419181.61725925
              ],
              [
                14223095.85450628,
                4419400.77982476
              ],
              [
                14222989.33132706,
                4419626.01276288
              ],
              [
                14222894.99529438,
                4419856.66739671
              ],
              [
                14222813.11914099,
                4420092.07955781
              ],
              [
                14222743.93964343,
                4420331.57083356
              ],
              [
                14222687.6570655,
                4420574.45134571
              ],
              [
                14222644.4344902,
                4420820.02113805
              ],
              [
                14222614.39737463,
                4421067.57253894
              ],
              [
                14222597.63332725,
                4421316.39196771
              ],
              [
                14222594.19155123,
                4421565.76215954
              ],
              [
                14222604.0829559,
                4421814.9642517
              ],
              [
                14222627.27982271,
                4422063.27945326
              ],
              [
                14222663.71636184,
                4422309.99182874
              ],
              [
                14222713.28826693,
                4422554.38955189
              ],
              [
                14222775.85360561,
                4422795.76782997
              ],
              [
                14222851.23259693,
                4423033.43015904
              ],
              [
                14222939.20883577,
                4423266.69083228
              ],
              [
                14223039.52929296,
                4423494.87647478
              ],
              [
                14223151.90542837,
                4423717.32869245
              ],
              [
                14223276.01374754,
                4423933.40519048
              ],
              [
                14223411.49680361,
                4424142.48228409
              ],
              [
                14223557.96442174,
                4424343.95615706
              ],
              [
                14223714.99447843,
                4424537.24509503
              ],
              [
                14223882.13457129,
                4424721.79102302
              ],
              [
                14224058.90279822,
                4424897.06062567
              ],
              [
                14224244.7895386,
                4425062.54785953
              ],
              [
                14224439.25856645,
                4425217.77451669
              ],
              [
                14224641.74905416,
                4425362.29218033
              ],
              [
                14224851.67690837,
                4425495.68320578
              ],
              [
                14225068.43643974,
                4425617.5623974
              ],
              [
                14225291.40214402,
                4425727.57715398
              ],
              [
                14225519.93059459,
                4425825.40998027
              ],
              [
                14225753.36222345,
                4425910.77779632
              ],
              [
                14225991.02332503,
                4425983.4338914
              ],
              [
                14226232.22783734,
                4426043.16848517
              ],
              [
                14226476.27945694,
                4426089.80873154
              ],
              [
                14226722.47375409,
                4426123.21983554
              ],
              [
                14226970.09984255,
                4426143.30505578
              ],
              [
                14227218.44293983,
                4426150.00668083
              ]
            ]
          ]
        ]
      },
      "geometry_name": "ag_geom",
      "properties": {
        "restricted": "<FNT name='TW Cen MT' size='6'><CLR cyan='70' magenta='10' yellow='100' black='0'>R152 <UND>2 100 AMSL</UND> SFC</CLR></FNT>",
        "res_lbl_1": "R152",
        "res_lbl_2": "2 100 AMSL",
        "res_lbl_3": "SFC"
      },
      "bbox": [
        14222594.19155123,
        4416862.50471449,
        14231842.69421713,
        4426150.00668083
      ]
    },
    {
      "type": "Feature",
      "id": "lt_c_aisresc.59",
      "geometry": {
        "type": "MultiPolygon",
        "coordinates": [
          [
            [
              [
                14170723.71475568,
                4490131.91547575
              ],
              [
                14170768.68782996,
                4489481.34458433
              ],
              [
                14170723.10249849,
                4488830.88398119
              ],
              [
                14170587.84931718,
                4488193.13695049
              ],
              [
                14170365.54429407,
                4487580.56372047
              ],
              [
                14170060.52888929,
                4487004.99165727
              ],
              [
                14169678.75869561,
                4486477.68580267
              ],
              [
                14169227.69211892,
                4486008.92945856
              ],
              [
                14168716.06773923,
                4485607.74494579
              ],
              [
                14168153.90431073,
                4485281.89442071
              ],
              [
                14167551.99982401,
                4485037.81064064
              ],
              [
                14166922.20980485,
                4484880.17766787
              ],
              [
                14166276.72373747,
                4484812.07143489
              ],
              [
                14165628.06506463,
                4484834.82012759
              ],
              [
                14164988.86854848,
                4484948.00435461
              ],
              [
                14164371.49065255,
                4485149.31709638
              ],
              [
                14163788.0652013,
                4485434.98341008
              ],
              [
                14163249.83546331,
                4485799.33996765
              ],
              [
                14162767.32113047,
                4486235.39440841
              ],
              [
                14162349.87304,
                4486734.68459615
              ],
              [
                14162005.67317447,
                4487287.41780204
              ],
              [
                14161741.34504358,
                4487882.95996607
              ],
              [
                14161562.1206634,
                4488509.62493166
              ],
              [
                14161471.45093814,
                4489155.30396575
              ],
              [
                14161471.17263943,
                4489807.4653462
              ],
              [
                14161561.28576722,
                4490453.29414901
              ],
              [
                14161740.00920968,
                4491080.25246205
              ],
              [
                14162003.94772236,
                4491676.21970185
              ],
              [
                14162347.92494891,
                4492229.49302301
              ],
              [
                14162765.2617199,
                4492729.34823371
              ],
              [
                14163247.83171248,
                4493165.97048732
              ],
              [
                14163786.28408945,
                4493530.87536344
              ],
              [
                14164370.09915891,
                4493816.97974002
              ],
              [
                14164987.86667307,
                4494018.67259693
              ],
              [
                14165627.61978666,
                4494131.9557647
              ],
              [
                14166276.83505696,
                4494154.79469607
              ],
              [
                14166922.93338153,
                4494086.55828174
              ],
              [
                14167553.2243384,
                4493928.64942953
              ],
              [
                14168155.51844335,
                4493684.15460385
              ],
              [
                14168718.01583032,
                4493357.84344251
              ],
              [
                14169229.7515295,
                4492956.09813208
              ],
              [
                14169680.81810619,
                4492486.70254333
              ],
              [
                14170062.42132063,
                4491958.91148182
              ],
              [
                14170367.10276693,
                4491382.88949326
              ],
              [
                14170588.96251208,
                4490769.92023035
              ],
              [
                14170723.71475568,
                4490131.91547575
              ]
            ]
          ]
        ]
      },
      "geometry_name": "ag_geom",
      "properties": {
        "restricted": "<FNT name='TW Cen MT' size='6'><CLR cyan='70' magenta='10' yellow='100' black='0'>R35 <UND>2 500 AMSL</UND> GND</CLR></FNT>",
        "res_lbl_1": "R35",
        "res_lbl_2": "2 500 AMSL",
        "res_lbl_3": "GND"
      },
      "bbox": [
        14161471.17263943,
        4484812.07143489,
        14170768.68782996,
        4494154.79469607
      ]
    },
    {
      "type": "Feature",
      "id": "lt_c_aisresc.60",
      "geometry": {
        "type": "MultiPolygon",
        "coordinates": [
          [
            [
              [
                14348402.07748826,
                4133873.4777186
              ],
              [
                14366429.65053113,
                4104659.54354899
              ],
              [
                14329013.93280466,
                4049446.94249068
              ],
              [
                14314264.10027454,
                4074098.21718175
              ],
              [
                14329508.68615892,
                4121080.66284394
              ],
              [
                14342619.64832132,
                4132442.96641037
              ],
              [
                14348402.07748826,
                4133873.4777186
              ]
            ]
          ]
        ]
      },
      "geometry_name": "ag_geom",
      "properties": {
        "restricted": "<FNT name='TW Cen MT' size='6'><CLR cyan='70' magenta='10' yellow='100' black='0'>R99 <UND>FL 360</UND> GND</CLR></FNT>",
        "res_lbl_1": "R99",
        "res_lbl_2": "FL 360",
        "res_lbl_3": "GND"
      },
      "bbox": [
        14314264.10027454,
        4049446.94249068,
        14366429.65053113,
        4133873.4777186
      ]
    },
    {
      "type": "Feature",
      "id": "lt_c_aisresc.61",
      "geometry": {
        "type": "MultiPolygon",
        "coordinates": [
          [
            [
              [
                14104179.48350776,
                4184284.2748276
              ],
              [
                14107890.15175411,
                4184284.2748276
              ],
              [
                14110573.55138296,
                4182643.83641362
              ],
              [
                14107468.04683538,
                4175908.02960948
              ],
              [
                14102324.17721444,
                4177479.06218108
              ],
              [
                14102868.36254519,
                4181486.07811934
              ],
              [
                14102222.09724139,
                4182242.2723094
              ],
              [
                14104179.48350776,
                4184284.2748276
              ]
            ]
          ]
        ]
      },
      "geometry_name": "ag_geom",
      "properties": {
        "restricted": "<FNT name='TW Cen MT' size='6'><CLR cyan='70' magenta='10' yellow='100' black='0'>R14</CLR></FNT>",
        "res_lbl_1": "R14",
        "res_lbl_2": null,
        "res_lbl_3": null
      },
      "bbox": [
        14102222.09724139,
        4175908.02960948,
        14110573.55138296,
        4184284.2748276
      ]
    },
    {
      "type": "Feature",
      "id": "lt_c_aisresc.62",
      "geometry": {
        "type": "MultiPolygon",
        "coordinates": [
          [
            [
              [
                13811347.38474431,
                4577071.66285339
              ],
              [
                13874428.41097392,
                4577071.66285339
              ],
              [
                13882468.16430738,
                4577895.53926754
              ],
              [
                13882468.16430738,
                4565308.78236454
              ],
              [
                13874428.41097392,
                4565308.78236454
              ],
              [
                13811347.38474431,
                4565308.78236454
              ],
              [
                13811347.38474431,
                4577071.66285339
              ]
            ]
          ]
        ]
      },
      "geometry_name": "ag_geom",
      "properties": {
        "restricted": "<FNT name='TW Cen MT' size='6'><CLR cyan='70' magenta='10' yellow='100' black='0'>R131 <UND>5 000 AMSL</UND> SFC</CLR></FNT>",
        "res_lbl_1": "R131",
        "res_lbl_2": "5 000 AMSL",
        "res_lbl_3": "SFC"
      },
      "bbox": [
        13811347.38474431,
        4565308.78236454,
        13882468.16430738,
        4577895.53926754
      ]
    },
    {
      "type": "Feature",
      "id": "lt_c_aisresc.63",
      "geometry": {
        "type": "MultiPolygon",
        "coordinates": [
          [
            [
              [
                14026905.222202,
                4528654.89112303
              ],
              [
                14026843.38422488,
                4523970.03470224
              ],
              [
                14017721.36421156,
                4523930.97143945
              ],
              [
                14017814.09334739,
                4528811.14542491
              ],
              [
                14026905.222202,
                4528654.89112303
              ]
            ]
          ]
        ]
      },
      "geometry_name": "ag_geom",
      "properties": {
        "restricted": "<FNT name='TW Cen MT' size='6'><CLR cyan='70' magenta='10' yellow='100' black='0'>R137 <UND>5 000 AMSL</UND> SFC</CLR></FNT>",
        "res_lbl_1": "R137",
        "res_lbl_2": "5 000 AMSL",
        "res_lbl_3": "SFC"
      },
      "bbox": [
        14017721.36421156,
        4523930.97143945,
        14026905.222202,
        4528811.14542491
      ]
    },
    {
      "type": "Feature",
      "id": "lt_c_aisresc.64",
      "geometry": {
        "type": "MultiPolygon",
        "coordinates": [
          [
            [
              [
                14085409.78048915,
                4348621.82142027
              ],
              [
                14085655.19109709,
                4348602.8949563
              ],
              [
                14085894.84693264,
                4348546.55955662
              ],
              [
                14086123.12836525,
                4348454.13680911
              ],
              [
                14086334.68293118,
                4348327.79473309
              ],
              [
                14086524.5506792,
                4348170.49695198
              ],
              [
                14086688.28072209,
                4347985.93290412
              ],
              [
                14086822.03576569,
                4347778.43117787
              ],
              [
                14086922.68172107,
                4347552.85792025
              ],
              [
                14086987.86128668,
                4347314.50199251
              ],
              [
                14087016.04871758,
                4347068.9517227
              ],
              [
                14087006.58600427,
                4346821.96326668
              ],
              [
                14086959.69745552,
                4346579.32542154
              ],
              [
                14086876.48446635,
                4346346.72462621
              ],
              [
                14086758.89935802,
                4346129.6111152
              ],
              [
                14086609.69973694,
                4345933.07174764
              ],
              [
                14086432.38337284,
                4345761.71074563
              ],
              [
                14086231.10626757,
                4345619.54206053
              ],
              [
                14086010.58525061,
                4345509.89584022
              ],
              [
                14085775.98777273,
                4345435.33981159
              ],
              [
                14085532.81034509,
                4345397.62012435
              ],
              [
                14085286.75052188,
                4345397.62012435
              ],
              [
                14085043.57320556,
                4345435.33981159
              ],
              [
                14084808.97561636,
                4345509.89584022
              ],
              [
                14084588.45471073,
                4345619.54206053
              ],
              [
                14084387.17760546,
                4345761.71074563
              ],
              [
                14084209.86113003,
                4345933.07174764
              ],
              [
                14084060.66150895,
                4346129.6111152
              ],
              [
                14083943.07651194,
                4346346.72462621
              ],
              [
                14083859.86341147,
                4346579.32542154
              ],
              [
                14083812.9748627,
                4346821.96326668
              ],
              [
                14083803.51226071,
                4347068.9517227
              ],
              [
                14083831.69969161,
                4347314.50199251
              ],
              [
                14083896.87925722,
                4347552.85792025
              ],
              [
                14083997.52521261,
                4347778.43117787
              ],
              [
                14084131.28025621,
                4347985.93290412
              ],
              [
                14084295.0102991,
                4348170.49695198
              ],
              [
                14084484.87804711,
                4348327.79473309
              ],
              [
                14084696.43261304,
                4348454.13680911
              ],
              [
                14084924.71404566,
                4348546.55955662
              ],
              [
                14085164.3698812,
                4348602.8949563
              ],
              [
                14085409.78048915,
                4348621.82142027
              ]
            ]
          ]
        ]
      },
      "geometry_name": "ag_geom",
      "properties": {
        "restricted": "<FNT name='TW Cen MT' size='6'><CLR cyan='70' magenta='10' yellow='100' black='0'>R138 <UND>4 400 AMSL</UND> SFC</CLR></FNT>",
        "res_lbl_1": "R138",
        "res_lbl_2": "4 400 AMSL",
        "res_lbl_3": "SFC"
      },
      "bbox": [
        14083803.51226071,
        4345397.62012435,
        14087016.04871758,
        4348621.82142027
      ]
    },
    {
      "type": "Feature",
      "id": "lt_c_aisresc.53",
      "geometry": {
        "type": "MultiPolygon",
        "coordinates": [
          [
            [
              [
                14280094.58257555,
                4310091.89755519
              ],
              [
                14277063.17194707,
                4308472.34601235
              ],
              [
                14277046.93711254,
                4308504.94457586
              ],
              [
                14276921.96985217,
                4308716.62453651
              ],
              [
                14276782.28114575,
                4308918.81298799
              ],
              [
                14276628.58221349,
                4309110.47839248
              ],
              [
                14276461.6560767,
                4309290.64301191
              ],
              [
                14276282.35321628,
                4309458.38746712
              ],
              [
                14276091.58756526,
                4309612.85598591
              ],
              [
                14275890.33138807,
                4309753.26013635
              ],
              [
                14275679.61060511,
                4309878.88338618
              ],
              [
                14275460.49956083,
                4309989.08442218
              ],
              [
                14275234.11556893,
                4310083.30101956
              ],
              [
                14275001.61301254,
                4310161.05198223
              ],
              [
                14274764.17766689,
                4310221.94045873
              ],
              [
                14274523.02046537,
                4310265.65560409
              ],
              [
                14274279.37137705,
                4310291.9742397
              ],
              [
                14274034.47317272,
                4310300.76209817
              ],
              [
                14273789.57496839,
                4310291.9742397
              ],
              [
                14273545.92599139,
                4310265.65560409
              ],
              [
                14273304.76878987,
                4310221.94045873
              ],
              [
                14273067.33344421,
                4310161.05198223
              ],
              [
                14272834.83088781,
                4310083.30101956
              ],
              [
                14272608.44689593,
                4309989.08442218
              ],
              [
                14272389.33585164,
                4309878.88338618
              ],
              [
                14272178.6150687,
                4309753.26013635
              ],
              [
                14271977.35878018,
                4309612.85598591
              ],
              [
                14271786.59312916,
                4309458.38746712
              ],
              [
                14271607.29038005,
                4309290.64301191
              ],
              [
                14271440.36424326,
                4309110.47839248
              ],
              [
                14271286.66531101,
                4308918.81298799
              ],
              [
                14271146.97660458,
                4308716.62453651
              ],
              [
                14271022.00934421,
                4308504.94457586
              ],
              [
                14270912.39994344,
                4308284.85278364
              ],
              [
                14270818.70622423,
                4308057.47159353
              ],
              [
                14270741.40463399,
                4307823.96067529
              ],
              [
                14270680.88835317,
                4307585.51031472
              ],
              [
                14270637.46451223,
                4307343.3365854
              ],
              [
                14270611.35341247,
                4307098.67363083
              ],
              [
                14270602.68696748,
                4306852.76870258
              ],
              [
                14270611.50803524,
                4306606.87472218
              ],
              [
                14270637.77064083,
                4306362.24477298
              ],
              [
                14270681.33964238,
                4306120.12507975
              ],
              [
                14270741.99206694,
                4305881.74909208
              ],
              [
                14270819.41766709,
                4305648.33101917
              ],
              [
                14270913.221036,
                4305421.05950453
              ],
              [
                14271006.75668155,
                4305233.5085089
              ],
              [
                14267978.0744938,
                4303612.25736974
              ],
              [
                14267977.90217122,
                4303612.250075
              ],
              [
                14267947.77760299,
                4303686.80381655
              ],
              [
                14267918.36652237,
                4303761.79231359
              ],
              [
                14267889.67302322,
                4303837.20513709
              ],
              [
                14267861.70109949,
                4303913.0317988
              ],
              [
                14267834.4546447,
                4303989.26175267
              ],
              [
                14267807.93745141,
                4304065.88439637
              ],
              [
                14267782.15321062,
                4304142.88907269
              ],
              [
                14267757.10551137,
                4304220.26507109
              ],
              [
                14267732.79784012,
                4304298.00162913
              ],
              [
                14267709.23358037,
                4304376.08793401
              ],
              [
                14267686.41601211,
                4304454.51312403
              ],
              [
                14267664.3483114,
                4304533.26629011
              ],
              [
                14267643.03354995,
                4304612.33647734
              ],
              [
                14267622.47469463,
                4304691.71268643
              ],
              [
                14267602.6746071,
                4304771.38387531
              ],
              [
                14267583.63604343,
                4304851.33896061
              ],
              [
                14267565.36165366,
                4304931.56681925
              ],
              [
                14267547.85398147,
                4305012.05628993
              ],
              [
                14267531.11546384,
                4305092.7961747
              ],
              [
                14267515.14843064,
                4305173.77524055
              ],
              [
                14267499.95510441,
                4305254.98222091
              ],
              [
                14267485.53759996,
                4305336.40581728
              ],
              [
                14267471.89792411,
                4305418.03470073
              ],
              [
                14267459.03797542,
                4305499.85751354
              ],
              [
                14267446.95954394,
                4305581.86287075
              ],
              [
                14267435.66431088,
                4305664.03936171
              ],
              [
                14267425.15384849,
                4305746.37555174
              ],
              [
                14267415.42961976,
                4305828.85998364
              ],
              [
                14267406.49297823,
                4305911.48117935
              ],
              [
                14267398.34516784,
                4305994.22764151
              ],
              [
                14267390.98732271,
                4306077.08785503
              ],
              [
                14267384.42046701,
                4306160.05028878
              ],
              [
                14267378.6455148,
                4306243.10339712
              ],
              [
                14267373.66326993,
                4306326.2356215
              ],
              [
                14267369.47442588,
                4306409.43539211
              ],
              [
                14267366.07956572,
                4306492.6911295
              ],
              [
                14267363.47916201,
                4306575.99124613
              ],
              [
                14267361.67357668,
                4306659.32414802
              ],
              [
                14267360.66306108,
                4306742.67823637
              ],
              [
                14267360.44775586,
                4306826.04190916
              ],
              [
                14267361.02769098,
                4306909.40356277
              ],
              [
                14267362.40278573,
                4306992.75159358
              ],
              [
                14267364.5728487,
                4307076.07439963
              ],
              [
                14267367.53757783,
                4307159.36038216
              ],
              [
                14267371.29656045,
                4307242.59794731
              ],
              [
                14267375.84927334,
                4307325.77550766
              ],
              [
                14267381.19508277,
                4307408.8814839
              ],
              [
                14267387.33324465,
                4307491.90430642
              ],
              [
                14267394.26290458,
                4307574.83241689
              ],
              [
                14267401.983098,
                4307657.65426993
              ],
              [
                14267410.49275031,
                4307740.35833469
              ],
              [
                14267419.790677,
                4307822.93309643
              ],
              [
                14267429.87558388,
                4307905.36705817
              ],
              [
                14267440.74606716,
                4307987.64874228
              ],
              [
                14267452.40061377,
                4308069.76669203
              ],
              [
                14267464.83760145,
                4308151.70947328
              ],
              [
                14267478.05529904,
                4308233.465676
              ],
              [
                14267492.05186674,
                4308315.02391585
              ],
              [
                14267506.82535629,
                4308396.37283585
              ],
              [
                14267522.37371132,
                4308477.50110788
              ],
              [
                14267538.6947676,
                4308558.39743432
              ],
              [
                14267555.78625334,
                4308639.05054955
              ],
              [
                14267573.64578949,
                4308719.44922162
              ],
              [
                14267592.27089013,
                4308799.58225373
              ],
              [
                14267611.65896276,
                4308879.43848584
              ],
              [
                14267631.80730867,
                4308959.00679622
              ],
              [
                14267652.71312333,
                4309038.27610298
              ],
              [
                14267674.37349679,
                4309117.23536563
              ],
              [
                14267696.78541405,
                4309195.87358665
              ],
              [
                14267719.94575551,
                4309274.17981294
              ],
              [
                14267743.8512974,
                4309352.14313748
              ],
              [
                14267768.49871221,
                4309429.7527007
              ],
              [
                14267793.88456916,
                4309506.99769213
              ],
              [
                14267820.0053347,
                4309583.86735183
              ],
              [
                14267846.85737299,
                4309660.3509719
              ],
              [
                14267874.43694637,
                4309736.43789801
              ],
              [
                14267902.74021595,
                4309812.11753086
              ],
              [
                14267931.76324208,
                4309887.37932767
              ],
              [
                14267961.50198493,
                4309962.21280363
              ],
              [
                14267991.95230505,
                4310036.60753341
              ],
              [
                14268023.10996395,
                4310110.55315257
              ],
              [
                14268054.97062466,
                4310184.03935903
              ],
              [
                14268087.52985239,
                4310257.05591452
              ],
              [
                14268120.78311507,
                4310329.59264597
              ],
              [
                14268154.72578406,
                4310401.63944698
              ],
              [
                14268189.35313475,
                4310473.18627921
              ],
              [
                14268224.66034723,
                4310544.22317377
              ],
              [
                14268260.64250693,
                4310614.74023263
              ],
              [
                14268297.29460538,
                4310684.72763001
              ],
              [
                14268334.61154082,
                4310754.17561371
              ],
              [
                14268372.58811896,
                4310823.07450656
              ],
              [
                14268411.21905369,
                4310891.41470767
              ],
              [
                14268450.49896782,
                4310959.18669385
              ],
              [
                14268490.42239383,
                4311026.3810209
              ],
              [
                14268530.98377462,
                4311092.98832493
              ],
              [
                14268572.1774643,
                4311158.99932371
              ],
              [
                14268613.99772895,
                4311224.40481793
              ],
              [
                14268656.43874745,
                4311289.1956925
              ],
              [
                14268699.49461226,
                4311353.36291781
              ],
              [
                14268743.15933029,
                4311416.897551
              ],
              [
                14268787.42682365,
                4311479.79073725
              ],
              [
                14268832.2909306,
                4311542.03371096
              ],
              [
                14268877.74540632,
                4311603.617797
              ],
              [
                14268923.78392382,
                4311664.53441193
              ],
              [
                14268970.40007481,
                4311724.77506521
              ],
              [
                14269017.58737064,
                4311784.33136034
              ],
              [
                14269065.33924309,
                4311843.19499611
              ],
              [
                14269113.64904542,
                4311901.3577677
              ],
              [
                14269162.51005318,
                4311958.81156784
              ],
              [
                14269211.91546523,
                4312015.54838797
              ],
              [
                14269261.85840463,
                4312071.56031935
              ],
              [
                14269312.33191963,
                4312126.83955415
              ],
              [
                14269363.32898463,
                4312181.37838656
              ],
              [
                14269414.84250114,
                4312235.16921387
              ],
              [
                14269466.8652988,
                4312288.20453752
              ],
              [
                14269519.39013635,
                4312340.47696416
              ],
              [
                14269572.40970266,
                4312391.9792067
              ],
              [
                14269625.91661772,
                4312442.7040853
              ],
              [
                14269679.90343371,
                4312492.64452839
              ],
              [
                14269734.36263598,
                4312541.79357367
              ],
              [
                14269789.28664415,
                4312590.14436906
              ],
              [
                14269844.66781314,
                4312637.69017371
              ],
              [
                14269900.49843421,
                4312684.42435888
              ],
              [
                14269956.77073609,
                4312730.34040889
              ],
              [
                14270013.47688602,
                4312775.43192209
              ],
              [
                14270070.60899085,
                4312819.69261165
              ],
              [
                14270128.15909813,
                4312863.11630654
              ],
              [
                14270186.11919725,
                4312905.69695233
              ],
              [
                14270244.48122052,
                4312947.4286121
              ],
              [
                14270303.2370443,
                4312988.30546719
              ],
              [
                14270362.37849012,
                4313028.32181808
              ],
              [
                14270421.89732588,
                4313067.47208517
              ],
              [
                14270481.7852669,
                4313105.75080957
              ],
              [
                14270542.03397715,
                4313143.15265382
              ],
              [
                14270602.63507039,
                4313179.67240272
              ],
              [
                14270663.5801113,
                4313215.30496398
              ],
              [
                14270724.86061672,
                4313250.04536899
              ],
              [
                14270786.46805676,
                4313283.88877349
              ],
              [
                14270848.39385606,
                4313316.83045824
              ],
              [
                14270910.6293949,
                4313348.86582972
              ],
              [
                14270973.1660105,
                4313379.99042073
              ],
              [
                14271035.99499814,
                4313410.19989105
              ],
              [
                14271099.10761239,
                4313439.49002803
              ],
              [
                14271162.49506838,
                4313467.85674718
              ],
              [
                14271226.14854295,
                4313495.29609275
              ],
              [
                14271290.05917595,
                4313521.80423829
              ],
              [
                14271354.21807137,
                4313547.37748718
              ],
              [
                14271418.61629872,
                4313572.01227313
              ],
              [
                14271483.24489414,
                4313595.70516073
              ],
              [
                14271548.09486173,
                4313618.45284585
              ],
              [
                14271613.15717477,
                4313640.25215622
              ],
              [
                14271678.42277698,
                4313661.10005175
              ],
              [
                14271743.88258379,
                4313680.99362504
              ],
              [
                14271809.5274836,
                4313699.93010176
              ],
              [
                14271875.34833903,
                4313717.90684104
              ],
              [
                14271941.33598823,
                4313734.92133583
              ],
              [
                14272007.48124612,
                4313750.97121329
              ],
              [
                14272073.77490568,
                4313766.05423507
              ],
              [
                14272140.20773924,
                4313780.16829767
              ],
              [
                14272206.77049975,
                4313793.3114327
              ],
              [
                14272273.45392209,
                4313805.48180717
              ],
              [
                14272340.24872433,
                4313816.67772376
              ],
              [
                14272407.14560903,
                4313826.89762104
              ],
              [
                14272474.13526457,
                4313836.14007371
              ],
              [
                14272541.2083664,
                4313844.40379275
              ],
              [
                14272608.35557834,
                4313851.68762567
              ],
              [
                14272675.56755391,
                4313857.99055663
              ],
              [
                14272742.83493763,
                4313863.31170658
              ],
              [
                14272810.14836627,
                4313867.6503334
              ],
              [
                14272877.49847022,
                4313871.005832
              ],
              [
                14272944.87587476,
                4313873.37773441
              ],
              [
                14273012.27120137,
                4313874.76570981
              ],
              [
                14273079.67506903,
                4313875.16956464
              ],
              [
                14273147.07809552,
                4313874.58924257
              ],
              [
                14273214.47089877,
                4313873.02482453
              ],
              [
                14273281.8440981,
                4313870.47652872
              ],
              [
                14273349.18831557,
                4313866.94471052
              ],
              [
                14273416.49417729,
                4313862.42986251
              ],
              [
                14273483.75231469,
                4313856.93261437
              ],
              [
                14273550.95336585,
                4313850.45373277
              ],
              [
                14273618.08797678,
                4313842.99412128
              ],
              [
                14273685.14680277,
                4313834.55482027
              ],
              [
                14273752.12050963,
                4313825.13700674
              ],
              [
                14273818.99977503,
                4313814.74199412
              ],
              [
                14273885.77528979,
                4313803.37123217
              ],
              [
                14273952.43775916,
                4313791.02630668
              ],
              [
                14274018.97790414,
                4313777.70893933
              ],
              [
                14274085.38646274,
                4313763.42098739
              ],
              [
                14274151.6541913,
                4313748.16444352
              ],
              [
                14274227.45680987,
                4313749.39459325
              ],
              [
                14274303.26569559,
                4313749.63545287
              ],
              [
                14274379.07241873,
                4313748.88699552
              ],
              [
                14274454.86854977,
                4313747.14930464
              ],
              [
                14274530.64566038,
                4313744.42257393
              ],
              [
                14274606.39532437,
                4313740.70710733
              ],
              [
                14274682.10911857,
                4313736.00331902
              ],
              [
                14274757.77862382,
                4313730.31173334
              ],
              [
                14274833.39542585,
                4313723.63298472
              ],
              [
                14274908.95111631,
                4313715.96781766
              ],
              [
                14274984.43729358,
                4313707.31708659
              ],
              [
                14275059.84556382,
                4313697.68175581
              ],
              [
                14275135.16754183,
                4313687.06289939
              ],
              [
                14275210.39485201,
                4313675.46170098
              ],
              [
                14275285.51912928,
                4313662.87945378
              ],
              [
                14275360.53202002,
                4313649.31756031
              ],
              [
                14275435.42518301,
                4313634.77753229
              ],
              [
                14275510.19029033,
                4313619.26099048
              ],
              [
                14275584.8190283,
                4313602.76966447
              ],
              [
                14275659.3030984,
                4313585.3053925
              ],
              [
                14275733.63421821,
                4313566.87012125
              ],
              [
                14275807.80412232,
                4313547.46590563
              ],
              [
                14275881.80456321,
                4313527.09490854
              ],
              [
                14275955.62731224,
                4313505.75940063
              ],
              [
                14276029.26416054,
                4313483.46176004
              ],
              [
                14276102.70691986,
                4313460.20447216
              ],
              [
                14276175.94742359,
                4313435.99012929
              ],
              [
                14276248.97752757,
                4313410.82143044
              ],
              [
                14276321.78911104,
                4313384.70118091
              ],
              [
                14276394.37407757,
                4313357.63229211
              ],
              [
                14276466.7243559,
                4313329.61778112
              ],
              [
                14276538.83190087,
                4313300.66077041
              ],
              [
                14276610.68869431,
                4313270.76448746
              ],
              [
                14276682.28674596,
                4313239.93226443
              ],
              [
                14276753.61809428,
                4313208.16753776
              ],
              [
                14276824.67480744,
                4313175.47384778
              ],
              [
                14276895.44898412,
                4313141.85483835
              ],
              [
                14276965.93275441,
                4313107.31425642
              ],
              [
                14277036.11828072,
                4313071.8559516
              ],
              [
                14277105.99775861,
                4313035.48387577
              ],
              [
                14277175.56341765,
                4312998.20208257
              ],
              [
                14277244.80752235,
                4312960.01472702
              ],
              [
                14277313.72237294,
                4312920.92606501
              ],
              [
                14277382.30030628,
                4312880.94045283
              ],
              [
                14277450.53369668,
                4312840.06234669
              ],
              [
                14277518.41495678,
                4312798.2963022
              ],
              [
                14277585.93653836,
                4312755.64697387
              ],
              [
                14277653.09093321,
                4312712.11911462
              ],
              [
                14277719.87067394,
                4312667.71757517
              ],
              [
                14277786.26833482,
                4312622.44730359
              ],
              [
                14277852.27653262,
                4312576.31334466
              ],
              [
                14277917.88792738,
                4312529.32083936
              ],
              [
                14277983.09522332,
                4312481.47502428
              ],
              [
                14278047.89116955,
                4312432.781231
              ],
              [
                14278112.26856093,
                4312383.24488557
              ],
              [
                14278176.22023888,
                4312332.87150779
              ],
              [
                14278239.73909214,
                4312281.66671071
              ],
              [
                14278302.81805759,
                4312229.6361999
              ],
              [
                14278365.45012101,
                4312176.78577288
              ],
              [
                14278427.62831789,
                4312123.12131842
              ],
              [
                14278489.34573418,
                4312068.64881594
              ],
              [
                14278550.59550707,
                4312013.37433477
              ],
              [
                14278611.37082575,
                4311957.30403352
              ],
              [
                14278671.66493218,
                4311900.44415936
              ],
              [
                14278731.4711218,
                4311842.80104734
              ],
              [
                14278790.78274433,
                4311784.38111967
              ],
              [
                14278849.59320448,
                4311725.19088502
              ],
              [
                14278907.89596268,
                4311665.23693774
              ],
              [
                14278965.68453583,
                4311604.52595718
              ],
              [
                14279022.95249799,
                4311543.0647069
              ],
              [
                14279079.69348112,
                4311480.86003396
              ],
              [
                14279135.90117577,
                4311417.91886808
              ],
              [
                14279191.5693318,
                4311354.24822094
              ],
              [
                14279246.69175906,
                4311289.85518532
              ],
              [
                14279301.26232808,
                4311224.7469344
              ],
              [
                14279355.27497078,
                4311158.93072084
              ],
              [
                14279408.72368107,
                4311092.4138761
              ],
              [
                14279461.60251563,
                4311025.20380947
              ],
              [
                14279513.90559444,
                4310957.30800739
              ],
              [
                14279565.62710157,
                4310888.7340325
              ],
              [
                14279616.76128572,
                4310819.48952285
              ],
              [
                14279667.30246089,
                4310749.58219101
              ],
              [
                14279717.24500706,
                4310679.01982326
              ],
              [
                14279766.58337074,
                4310607.81027866
              ],
              [
                14279815.31206564,
                4310535.96148821
              ],
              [
                14279863.42567327,
                4310463.48145392
              ],
              [
                14279910.91884351,
                4310390.37824798
              ],
              [
                14279957.78629525,
                4310316.66001178
              ],
              [
                14280004.02281697,
                4310242.33495507
              ],
              [
                14280049.62326728,
                4310167.411355
              ],
              [
                14280094.58257555,
                4310091.89755519
              ]
            ]
          ]
        ]
      },
      "geometry_name": "ag_geom",
      "properties": {
        "restricted": "<FNT name='TW Cen MT' size='6'><CLR cyan='70' magenta='10' yellow='100' black='0'>R155B <UND>FL 196</UND> SFC</CLR></FNT>",
        "res_lbl_1": "R155B",
        "res_lbl_2": "FL 196",
        "res_lbl_3": "SFC"
      },
      "bbox": [
        14267360.44775586,
        4303612.250075,
        14280094.58257555,
        4313875.16956464
      ]
    },
    {
      "type": "Feature",
      "id": "lt_c_aisresc.54",
      "geometry": {
        "type": "MultiPolygon",
        "coordinates": [
          [
            [
              [
                14373063.19757786,
                4235635.09049778
              ],
              [
                14373107.22443648,
                4234999.62193385
              ],
              [
                14373062.69664016,
                4234364.12177058
              ],
              [
                14372930.61606433,
                4233741.17173366
              ],
              [
                14372713.48739753,
                4233142.66697001
              ],
              [
                14372415.59644018,
                4232580.43178517
              ],
              [
                14372042.73180577,
                4232065.33119844
              ],
              [
                14371602.18492094,
                4231607.33996199
              ],
              [
                14371102.52738652,
                4231215.40651247
              ],
              [
                14370553.38833844,
                4230897.11187612
              ],
              [
                14369965.56576731,
                4230658.67038985
              ],
              [
                14369350.46992093,
                4230504.65689404
              ],
              [
                14368719.95632507,
                4230438.14396574
              ],
              [
                14368086.43710296,
                4230460.36046946
              ],
              [
                14367462.10173885,
                4230570.89678808
              ],
              [
                14366859.13971697,
                4230767.56805274
              ],
              [
                14366289.2952436,
                4231046.61896847
              ],
              [
                14365763.64460807,
                4231402.58665961
              ],
              [
                14365292.37354381,
                4231828.64189651
              ],
              [
                14364884.66590877,
                4232316.31494115
              ],
              [
                14364548.48104658,
                4232856.315209
              ],
              [
                14364290.33114742,
                4233438.1203457
              ],
              [
                14364115.28124816,
                4234050.31738356
              ],
              [
                14364026.78225297,
                4234681.08082837
              ],
              [
                14364026.50395424,
                4235318.10389398
              ],
              [
                14364114.55767146,
                4235949.00858333
              ],
              [
                14364289.10663303,
                4236561.48246022
              ],
              [
                14364546.9225737,
                4237143.68920596
              ],
              [
                14364882.88479691,
                4237684.13220502
              ],
              [
                14365290.48111246,
                4238172.40748282
              ],
              [
                14365761.80783647,
                4238598.93077787
              ],
              [
                14366287.68111098,
                4238955.34868709
              ],
              [
                14366857.85954283,
                4239234.81305522
              ],
              [
                14367461.21118292,
                4239431.84484502
              ],
              [
                14368086.04748475,
                4239542.53995187
              ],
              [
                14368720.1233043,
                4239564.77488866
              ],
              [
                14369351.08217812,
                4239498.13862836
              ],
              [
                14369966.67896221,
                4239343.93265431
              ],
              [
                14370554.89115156,
                4239105.10239212
              ],
              [
                14371104.25283863,
                4238786.37368576
              ],
              [
                14371604.07735229,
                4238393.91021337
              ],
              [
                14372044.6242371,
                4237935.3812557
              ],
              [
                14372417.32189227,
                4237419.75573777
              ],
              [
                14372714.87889117,
                4236857.09626405
              ],
              [
                14372931.61793974,
                4236258.3532053
              ],
              [
                14373063.19757786,
                4235635.09049778
              ]
            ]
          ]
        ]
      },
      "geometry_name": "ag_geom",
      "properties": {
        "restricted": "<FNT name='TW Cen MT' size='6'><CLR cyan='70' magenta='10' yellow='100' black='0'>R21 <UND>5 000 AMSL</UND> GND</CLR></FNT>",
        "res_lbl_1": "R21",
        "res_lbl_2": "5 000 AMSL",
        "res_lbl_3": "GND"
      },
      "bbox": [
        14364026.50395424,
        4230438.14396574,
        14373107.22443648,
        4239564.77488866
      ]
    },
    {
      "type": "Feature",
      "id": "lt_c_aisresc.55",
      "geometry": {
        "type": "MultiPolygon",
        "coordinates": [
          [
            [
              [
                14404485.46156357,
                4294160.02065925
              ],
              [
                14408196.12980993,
                4294160.02065925
              ],
              [
                14397064.1807306,
                4282706.31762594
              ],
              [
                14398919.48702391,
                4291868.27329105
              ],
              [
                14404485.46156357,
                4294160.02065925
              ]
            ]
          ]
        ]
      },
      "geometry_name": "ag_geom",
      "properties": {
        "restricted": "<FNT name='TW Cen MT' size='6'><CLR cyan='70' magenta='10' yellow='100' black='0'>R89 <UND>1 000 AMSL</UND> GND</CLR></FNT>",
        "res_lbl_1": "R89",
        "res_lbl_2": "1 000 AMSL",
        "res_lbl_3": "GND"
      },
      "bbox": [
        14397064.1807306,
        4282706.31762594,
        14408196.12980993,
        4294160.02065925
      ]
    },
    {
      "type": "Feature",
      "id": "lt_c_aisresc.56",
      "geometry": {
        "type": "MultiPolygon",
        "coordinates": [
          [
            [
              [
                13981728.04363515,
                4444063.93268311
              ],
              [
                13981728.04363515,
                4374257.56248937
              ],
              [
                13896383.10065654,
                4374257.56248937
              ],
              [
                13896383.10065654,
                4442243.46129343
              ],
              [
                13981728.04363515,
                4444063.93268311
              ]
            ]
          ]
        ]
      },
      "geometry_name": "ag_geom",
      "properties": {
        "restricted": "<FNT name='TW Cen MT' size='6'><CLR cyan='70' magenta='10' yellow='100' black='0'>R88 <UND>FL 500</UND> GND</CLR></FNT>",
        "res_lbl_1": "R88",
        "res_lbl_2": "FL 500",
        "res_lbl_3": "GND"
      },
      "bbox": [
        13896383.10065654,
        4374257.56248937,
        13981728.04363515,
        4444063.93268311
      ]
    },
    {
      "type": "Feature",
      "id": "lt_c_aisresc.57",
      "geometry": {
        "type": "MultiPolygon",
        "coordinates": [
          [
            [
              [
                13981728.04363515,
                4374257.56248937
              ],
              [
                13981851.73194589,
                4312132.23925751
              ],
              [
                13862121.43524342,
                4311902.66723453
              ],
              [
                13861935.90272165,
                4355647.59572141
              ],
              [
                13896383.10065654,
                4374257.56248937
              ],
              [
                13981728.04363515,
                4374257.56248937
              ]
            ]
          ]
        ]
      },
      "geometry_name": "ag_geom",
      "properties": {
        "restricted": "<FNT name='TW Cen MT' size='6'><CLR cyan='70' magenta='10' yellow='100' black='0'>R80 <UND>FL 500</UND> GND</CLR></FNT>",
        "res_lbl_1": "R80",
        "res_lbl_2": "FL 500",
        "res_lbl_3": "GND"
      },
      "bbox": [
        13861935.90272165,
        4311902.66723453,
        13981851.73194589,
        4374257.56248937
      ]
    },
    {
      "type": "Feature",
      "id": "lt_c_aisresc.58",
      "geometry": {
        "type": "MultiPolygon",
        "coordinates": [
          [
            [
              [
                14082150.58079416,
                4349752.19632257
              ],
              [
                14096758.20267479,
                4332775.38287512
              ],
              [
                14037387.78903179,
                4243439.13120411
              ],
              [
                14011413.22262678,
                4259419.96554791
              ],
              [
                14072134.94356851,
                4349560.20274295
              ],
              [
                14082150.58079416,
                4349752.19632257
              ]
            ]
          ]
        ]
      },
      "geometry_name": "ag_geom",
      "properties": {
        "restricted": "<FNT name='TW Cen MT' size='6'><CLR cyan='70' magenta='10' yellow='100' black='0'>R97D <UND>UNL</UND> GND</CLR></FNT>",
        "res_lbl_1": "R97D",
        "res_lbl_2": "UNL",
        "res_lbl_3": "GND"
      },
      "bbox": [
        14011413.22262678,
        4243439.13120411,
        14096758.20267479,
        4349752.19632257
      ]
    },
    {
      "type": "Feature",
      "id": "lt_c_aisresc.65",
      "geometry": {
        "type": "MultiPolygon",
        "coordinates": [
          [
            [
              [
                14182876.17903297,
                4418530.56342627
              ],
              [
                14183123.19175102,
                4418511.51440197
              ],
              [
                14183364.41195938,
                4418454.81423595
              ],
              [
                14183594.18351469,
                4418361.79305243
              ],
              [
                14183807.11888759,
                4418234.63324052
              ],
              [
                14183998.22562153,
                4418076.31731791
              ],
              [
                14184163.02399758,
                4417890.55879461
              ],
              [
                14184297.65156335,
                4417681.71438067
              ],
              [
                14184398.95385845,
                4417454.68130882
              ],
              [
                14184464.5579966,
                4417214.78340388
              ],
              [
                14184492.9287707,
                4416967.64466064
              ],
              [
                14184483.40371847,
                4416719.05854897
              ],
              [
                14184436.20848452,
                4416474.85152327
              ],
              [
                14184352.4520336,
                4416240.7465822
              ],
              [
                14184234.09926606,
                4416022.22924184
              ],
              [
                14184083.9259334,
                4415824.41925496
              ],
              [
                14183905.4525145,
                4415651.95057028
              ],
              [
                14183702.86228453,
                4415508.86299624
              ],
              [
                14183480.90268579,
                4415398.50805819
              ],
              [
                14183244.77501019,
                4415323.47014672
              ],
              [
                14183000.01150245,
                4415285.50669782
              ],
              [
                14182752.34667482,
                4415285.50669782
              ],
              [
                14182507.58316707,
                4415323.47014672
              ],
              [
                14182271.45538014,
                4415398.50805819
              ],
              [
                14182049.49589273,
                4415508.86299624
              ],
              [
                14181846.90566276,
                4415651.95057028
              ],
              [
                14181668.43224386,
                4415824.41925496
              ],
              [
                14181518.2589112,
                4416022.22924184
              ],
              [
                14181399.90614365,
                4416240.7465822
              ],
              [
                14181316.14958143,
                4416474.85152327
              ],
              [
                14181268.95445879,
                4416719.05854897
              ],
              [
                14181259.42929524,
                4416967.64466064
              ],
              [
                14181287.80006935,
                4417214.78340388
              ],
              [
                14181353.40431881,
                4417454.68130882
              ],
              [
                14181454.7066139,
                4417681.71438067
              ],
              [
                14181589.33417969,
                4417890.55879461
              ],
              [
                14181754.13255572,
                4418076.31731791
              ],
              [
                14181945.23928966,
                4418234.63324052
              ],
              [
                14182158.17466256,
                4418361.79305243
              ],
              [
                14182387.94621788,
                4418454.81423595
              ],
              [
                14182629.16642623,
                4418511.51440197
              ],
              [
                14182876.17903297,
                4418530.56342627
              ]
            ]
          ]
        ]
      },
      "geometry_name": "ag_geom",
      "properties": {
        "restricted": "<FNT name='TW Cen MT' size='6'><CLR cyan='70' magenta='10' yellow='100' black='0'>R139 <UND>5 400 AMSL</UND> GND</CLR></FNT>",
        "res_lbl_1": "R139",
        "res_lbl_2": "5 400 AMSL",
        "res_lbl_3": "GND"
      },
      "bbox": [
        14181259.42929524,
        4415285.50669782,
        14184492.9287707,
        4418530.56342627
      ]
    },
    {
      "type": "Feature",
      "id": "lt_c_aisresc.66",
      "geometry": {
        "type": "MultiPolygon",
        "coordinates": [
          [
            [
              [
                14087543.40409979,
                4343476.28250612
              ],
              [
                14096758.18408442,
                4332775.3598278
              ],
              [
                14085966.37794311,
                4315270.21090499
              ],
              [
                14072638.96115344,
                4332353.67722011
              ],
              [
                14087543.40409979,
                4343476.28250612
              ]
            ]
          ]
        ]
      },
      "geometry_name": "ag_geom",
      "properties": {
        "restricted": "<FNT name='TW Cen MT' size='6'><CLR cyan='70' magenta='10' yellow='100' black='0'>R97E <UND>FL 300</UND> SFC</CLR></FNT>",
        "res_lbl_1": "R97E",
        "res_lbl_2": "FL 300",
        "res_lbl_3": "SFC"
      },
      "bbox": [
        14072638.96115344,
        4315270.21090499,
        14096758.18408442,
        4343476.28250612
      ]
    },
    {
      "type": "Feature",
      "id": "lt_c_aisresc.67",
      "geometry": {
        "type": "MultiPolygon",
        "coordinates": [
          [
            [
              [
                14083770.91023277,
                4346584.99348747
              ],
              [
                14091192.20954477,
                4341979.81575679
              ],
              [
                14083678.14391622,
                4328444.31303059
              ],
              [
                14072638.96115344,
                4340368.46850872
              ],
              [
                14083770.91023277,
                4346584.99348747
              ]
            ]
          ]
        ]
      },
      "geometry_name": "ag_geom",
      "properties": {
        "restricted": "<FNT name='TW Cen MT' size='6'><CLR cyan='70' magenta='10' yellow='100' black='0'>R97F <UND>FL 150</UND> SFC</CLR></FNT>",
        "res_lbl_1": "R97F",
        "res_lbl_2": "FL 150",
        "res_lbl_3": "SFC"
      },
      "bbox": [
        14072638.96115344,
        4328444.31303059,
        14091192.20954477,
        4346584.99348747
      ]
    },
    {
      "type": "Feature",
      "id": "lt_c_aisresc.69",
      "geometry": {
        "type": "MultiPolygon",
        "coordinates": [
          [
            [
              [
                14423295.35715225,
                4462369.35762524
              ],
              [
                14423544.54750219,
                4462362.63331792
              ],
              [
                14423793.01839424,
                4462342.47997875
              ],
              [
                14424040.05248564,
                4462308.955797
              ],
              [
                14424284.93666371,
                4462262.15770699
              ],
              [
                14424526.96404969,
                4462202.22082748
              ],
              [
                14424765.43577981,
                4462129.31859884
              ],
              [
                14424999.66356567,
                4462043.66180196
              ],
              [
                14425228.9714753,
                4461945.49785601
              ],
              [
                14425452.69749172,
                4461835.11053457
              ],
              [
                14425670.1961845,
                4461712.81870347
              ],
              [
                14425880.83982304,
                4461578.97617567
              ],
              [
                14426084.02060291,
                4461433.96933063
              ],
              [
                14426279.15253833,
                4461278.21724791
              ],
              [
                14426465.67279792,
                4461112.1700243
              ],
              [
                14426643.04337462,
                4460936.30723078
              ],
              [
                14426810.75286668,
                4460751.13692779
              ],
              [
                14426968.31792485,
                4460557.19398236
              ],
              [
                14427115.2842543,
                4460355.03852475
              ],
              [
                14427251.22861834,
                4460145.25426568
              ],
              [
                14427375.75917233,
                4459928.44695345
              ],
              [
                14427488.51769019,
                4459705.24241234
              ],
              [
                14427589.17923029,
                4459476.28513994
              ],
              [
                14427677.45458462,
                4459242.23592752
              ],
              [
                14427753.08961076,
                4459003.77003928
              ],
              [
                14427815.8671244,
                4458761.57595106
              ],
              [
                14427865.60701059,
                4458516.35199463
              ],
              [
                14427902.16666909,
                4458268.80593548
              ],
              [
                14427925.44168217,
                4458019.6517583
              ],
              [
                14427935.36570346,
                4457769.60771003
              ],
              [
                14427931.91123702,
                4457519.39518153
              ],
              [
                14427915.08896953,
                4457269.73521613
              ],
              [
                14427884.94854948,
                4457021.34781173
              ],
              [
                14427841.57780795,
                4456774.94884986
              ],
              [
                14427785.10242465,
                4456531.24828231
              ],
              [
                14427715.68637318,
                4456290.94859761
              ],
              [
                14427633.53047391,
                4456054.74189211
              ],
              [
                14427538.87228261,
                4455823.30875673
              ],
              [
                14427431.98542263,
                4455597.31562866
              ],
              [
                14427313.17880551,
                4455377.41367929
              ],
              [
                14427182.79529532,
                4455164.23588778
              ],
              [
                14427041.21137457,
                4454958.39620929
              ],
              [
                14426888.8356971,
                4454760.48720782
              ],
              [
                14426726.10752962,
                4454571.07852711
              ],
              [
                14426553.49652908,
                4454390.7153617
              ],
              [
                14426371.50018226,
                4454219.9169282
              ],
              [
                14426180.64324925,
                4454059.17451792
              ],
              [
                14425981.47587098,
                4453908.95094532
              ],
              [
                14425774.57201074,
                4453769.67818177
              ],
              [
                14425560.52789572,
                4453641.75708307
              ],
              [
                14425339.96023589,
                4453525.55558111
              ],
              [
                14425113.50444292,
                4453421.40799204
              ],
              [
                14424881.81273771,
                4453329.61376569
              ],
              [
                14424645.55248059,
                4453250.43693244
              ],
              [
                14424405.40416762,
                4453184.10541003
              ],
              [
                14424162.05942679,
                4453130.80975147
              ],
              [
                14423916.21901428,
                4453090.70328812
              ],
              [
                14423668.59081077,
                4453063.9014347
              ],
              [
                14423419.88792889,
                4453050.48127268
              ],
              [
                14423170.8263756,
                4453050.48127268
              ],
              [
                14422922.12338241,
                4453063.9014347
              ],
              [
                14422674.49517888,
                4453090.70328812
              ],
              [
                14422428.65476639,
                4453130.80975147
              ],
              [
                14422185.31002555,
                4453184.10541003
              ],
              [
                14421945.16171259,
                4453250.43693244
              ],
              [
                14421708.90156678,
                4453329.61376569
              ],
              [
                14421477.20986157,
                4453421.40799204
              ],
              [
                14421250.75395728,
                4453525.55558111
              ],
              [
                14421030.18629745,
                4453641.75708307
              ],
              [
                14420816.14218244,
                4453769.67818177
              ],
              [
                14420609.23832219,
                4453908.95094532
              ],
              [
                14420410.07094391,
                4454059.17451792
              ],
              [
                14420219.21401091,
                4454219.9169282
              ],
              [
                14420037.21777541,
                4454390.7153617
              ],
              [
                14419864.60666355,
                4454571.07852711
              ],
              [
                14419701.87860739,
                4454760.48720782
              ],
              [
                14419549.50281861,
                4454958.39620929
              ],
              [
                14419407.91889784,
                4455164.23588778
              ],
              [
                14419277.53549898,
                4455377.41367929
              ],
              [
                14419158.72877055,
                4455597.31562866
              ],
              [
                14419051.84202188,
                4455823.30875673
              ],
              [
                14418957.18383059,
                4456054.74189211
              ],
              [
                14418875.02781999,
                4456290.94859761
              ],
              [
                14418805.61176853,
                4456531.24828231
              ],
              [
                14418749.13649654,
                4456774.94884986
              ],
              [
                14418705.76564369,
                4457021.34781173
              ],
              [
                14418675.62522364,
                4457269.73521613
              ],
              [
                14418658.80306748,
                4457519.39518153
              ],
              [
                14418655.34848971,
                4457769.60771003
              ],
              [
                14418665.272511,
                4458019.6517583
              ],
              [
                14418688.54752409,
                4458268.80593548
              ],
              [
                14418725.10718258,
                4458516.35199463
              ],
              [
                14418774.84706877,
                4458761.57595106
              ],
              [
                14418837.62458241,
                4459003.77003928
              ],
              [
                14418913.25971987,
                4459242.23592752
              ],
              [
                14419001.53496288,
                4459476.28513994
              ],
              [
                14419102.19661431,
                4459705.24241234
              ],
              [
                14419214.95502084,
                4459928.44695345
              ],
              [
                14419339.48568615,
                4460145.25426568
              ],
              [
                14419475.42993887,
                4460355.03852475
              ],
              [
                14419622.39637965,
                4460557.19398236
              ],
              [
                14419779.96132649,
                4460751.13692779
              ],
              [
                14419947.67092987,
                4460936.30723078
              ],
              [
                14420125.04139524,
                4461112.1700243
              ],
              [
                14420311.56165485,
                4461278.21724791
              ],
              [
                14420506.69359026,
                4461433.96933063
              ],
              [
                14420709.87448145,
                4461578.97617567
              ],
              [
                14420920.51800867,
                4461712.81870347
              ],
              [
                14421138.01670145,
                4461835.11053457
              ],
              [
                14421361.74271787,
                4461945.49785601
              ],
              [
                14421591.05062751,
                4462043.66180196
              ],
              [
                14421825.27841336,
                4462129.31859884
              ],
              [
                14422063.7502548,
                4462202.22082748
              ],
              [
                14422305.77752946,
                4462262.15770699
              ],
              [
                14422550.66170753,
                4462308.955797
              ],
              [
                14422797.69591025,
                4462342.47997875
              ],
              [
                14423046.16680231,
                4462362.63331792
              ],
              [
                14423295.35715225,
                4462369.35762524
              ]
            ]
          ]
        ]
      },
      "geometry_name": "ag_geom",
      "properties": {
        "restricted": "<FNT name='TW Cen MT' size='6'><CLR cyan='70' magenta='10' yellow='100' black='0'>R142A <UND>300 AMSL</UND> SFC</CLR></FNT>",
        "res_lbl_1": "R142A",
        "res_lbl_2": "300 AMSL",
        "res_lbl_3": "SFC"
      },
      "bbox": [
        14418655.34848971,
        4453050.48127268,
        14427935.36570346,
        4462369.35762524
      ]
    },
    {
      "type": "Feature",
      "id": "lt_c_aisresc.70",
      "geometry": {
        "type": "MultiPolygon",
        "coordinates": [
          [
            [
              [
                14050375.06299478,
                4005906.56620496
              ],
              [
                14050615.48192543,
                4005903.9558849
              ],
              [
                14050855.78853472,
                4005896.12640234
              ],
              [
                14051095.87038996,
                4005883.08138615
              ],
              [
                14051335.6152811,
                4005864.82688447
              ],
              [
                14051574.91099809,
                4005841.37149857
              ],
              [
                14051813.64577617,
                4005812.72624887
              ],
              [
                14052051.7079619,
                4005778.90457484
              ],
              [
                14052288.98623575,
                4005739.92220091
              ],
              [
                14052525.36972355,
                4005695.79753835
              ],
              [
                14052760.74799635,
                4005646.55114917
              ],
              [
                14052995.01084783,
                4005592.20628197
              ],
              [
                14053228.04885098,
                4005532.78833579
              ],
              [
                14053459.75313529,
                4005468.32512789
              ],
              [
                14053690.01538693,
                4005398.84702767
              ],
              [
                14053918.72784861,
                4005324.38642036
              ],
              [
                14054145.78387628,
                4005244.97824288
              ],
              [
                14054371.0771598,
                4005160.65984958
              ],
              [
                14054594.50250227,
                4005071.47061003
              ],
              [
                14054815.95559732,
                4004977.4524447
              ],
              [
                14055035.33280651,
                4004878.64928878
              ],
              [
                14055252.53171591,
                4004775.10762784
              ],
              [
                14055467.45091344,
                4004666.87582759
              ],
              [
                14055679.98998895,
                4004554.00466952
              ],
              [
                14055890.04964543,
                4004436.54694868
              ],
              [
                14056097.53181043,
                4004314.55787524
              ],
              [
                14056302.33952466,
                4004188.09440431
              ],
              [
                14056504.37727601,
                4004057.21603947
              ],
              [
                14056703.55066554,
                4003921.9838945
              ],
              [
                14056899.76674146,
                4003782.46122908
              ],
              [
                14057092.93399918,
                4003638.71371625
              ],
              [
                14057282.96215858,
                4003490.8083703
              ],
              [
                14057469.76272066,
                4003338.81461819
              ],
              [
                14057653.24829963,
                4003182.80349534
              ],
              [
                14057833.33351343,
                4003022.84831509
              ],
              [
                14058009.93420452,
                4002859.02373054
              ],
              [
                14058182.96821914,
                4002691.40653799
              ],
              [
                14058352.35473932,
                4002520.07514064
              ],
              [
                14058518.01483954,
                4002345.10981622
              ],
              [
                14058679.87126409,
                4002166.59244858
              ],
              [
                14058837.84853834,
                4001984.60652736
              ],
              [
                14058991.87330274,
                4001799.2371476
              ],
              [
                14059141.8735336,
                4001610.57127727
              ],
              [
                14059287.7795449,
                4001418.69695314
              ],
              [
                14059429.52343177,
                4001223.7042181
              ],
              [
                14059567.03907041,
                4001025.68391521
              ],
              [
                14059700.26256345,
                4000824.72889291
              ],
              [
                14059829.13190592,
                4000620.93320093
              ],
              [
                14059953.58709663,
                4000414.39195599
              ],
              [
                14060073.57036075,
                4000205.20174333
              ],
              [
                14060189.02592723,
                3999993.46048241
              ],
              [
                14060299.90014006,
                3999779.26715865
              ],
              [
                14060406.14145833,
                3999562.72182318
              ],
              [
                14060507.70045617,
                3999343.92572639
              ],
              [
                14060604.53026808,
                3999122.98104984
              ],
              [
                14060696.58580966,
                3998899.99103983
              ],
              [
                14060783.82433426,
                3998675.06000716
              ],
              [
                14060866.20554417,
                3998448.29292504
              ],
              [
                14060943.69114554,
                3998219.79569674
              ],
              [
                14061016.24540477,
                3997989.67515526
              ],
              [
                14061083.8347034,
                3997758.03866143
              ],
              [
                14061146.42787196,
                3997524.9943715
              ],
              [
                14061203.99596739,
                3997290.65110297
              ],
              [
                14061256.51238432,
                3997055.11833445
              ],
              [
                14061303.95296644,
                3996818.50593766
              ],
              [
                14061346.29600642,
                3996580.92431116
              ],
              [
                14061383.52191207,
                3996342.48438022
              ],
              [
                14061415.61376279,
                3996103.29746277
              ],
              [
                14061442.55675311,
                3995863.47500155
              ],
              [
                14061464.33886051,
                3995623.12883169
              ],
              [
                14061480.95006625,
                3995382.37131464
              ],
              [
                14061492.38302322,
                3995141.31453467
              ],
              [
                14061498.63272208,
                3994900.07096832
              ],
              [
                14061499.69660245,
                3994658.7530827
              ],
              [
                14061495.5744417,
                3994417.47333543
              ],
              [
                14061486.26846623,
                3994176.34430861
              ],
              [
                14061471.78346278,
                3993935.47830707
              ],
              [
                14061452.12633314,
                3993694.98749246
              ],
              [
                14061427.30676211,
                3993454.98401699
              ],
              [
                14061397.33643823,
                3993215.57975588
              ],
              [
                14061362.22983306,
                3992976.88603966
              ],
              [
                14061322.00342187,
                3992739.0143236
              ],
              [
                14061276.67646293,
                3992502.07525078
              ],
              [
                14061226.27021826,
                3992266.17905382
              ],
              [
                14061170.80862155,
                3992031.43568887
              ],
              [
                14061110.31783289,
                3991797.95456807
              ],
              [
                14061044.82612743,
                3991565.84402432
              ],
              [
                14060974.3645633,
                3991335.21238224
              ],
              [
                14060898.96609108,
                3991106.16702148
              ],
              [
                14060818.66611036,
                3990878.81424308
              ],
              [
                14060733.50246976,
                3990653.26007277
              ],
              [
                14060643.51491035,
                3990429.60932429
              ],
              [
                14060548.74584484,
                3990207.96600123
              ],
              [
                14060449.2394671,
                3989988.43329725
              ],
              [
                14060345.04241996,
                3989771.11332868
              ],
              [
                14060236.20357271,
                3989556.10700106
              ],
              [
                14060122.77379832,
                3989343.51441085
              ],
              [
                14060004.80619623,
                3989133.43444428
              ],
              [
                14059882.35586954,
                3988925.96464388
              ],
              [
                14059755.48014783,
                3988721.20134261
              ],
              [
                14059624.23814173,
                3988519.23993186
              ],
              [
                14059488.69129959,
                3988320.17419263
              ],
              [
                14059348.90296222,
                3988124.09656365
              ],
              [
                14059204.93836284,
                3987931.09827541
              ],
              [
                14059056.86462709,
                3987741.2688154
              ],
              [
                14058904.75088438,
                3987554.69646361
              ],
              [
                14058748.66826787,
                3987371.46789158
              ],
              [
                14058588.68935786,
                3987191.66816272
              ],
              [
                14058424.88896105,
                3987015.38073268
              ],
              [
                14058257.34333129,
                3986842.68744978
              ],
              [
                14058086.13061487,
                3986673.66868914
              ],
              [
                14057911.33073916,
                3986508.40268412
              ],
              [
                14057733.02496743,
                3986346.96632947
              ],
              [
                14057551.29656663,
                3986189.43437892
              ],
              [
                14057366.23013957,
                3986035.88011455
              ],
              [
                14057177.91184755,
                3985886.37481198
              ],
              [
                14056986.42952164,
                3985740.98760703
              ],
              [
                14056791.87221745,
                3985599.78629868
              ],
              [
                14056594.33066034,
                3985462.8362793
              ],
              [
                14056393.8966889,
                3985330.20093629
              ],
              [
                14056190.66370018,
                3985201.94192001
              ],
              [
                14055984.72620443,
                3985078.11887655
              ],
              [
                14055776.18027038,
                3984958.78904679
              ],
              [
                14055565.12263466,
                3984844.00780182
              ],
              [
                14055351.65181502,
                3984733.82837569
              ],
              [
                14055135.86699712,
                3984628.30199955
              ],
              [
                14054917.86847982,
                3984527.4775006
              ],
              [
                14054697.75789783,
                3984431.40170374
              ],
              [
                14054475.63744243,
                3984340.11903053
              ],
              [
                14054251.61052944,
                3984253.67190078
              ],
              [
                14054025.7814652,
                3984172.10046528
              ],
              [
                14053798.25500137,
                3984095.44247228
              ],
              [
                14053569.13722542,
                3984023.73340154
              ],
              [
                14053338.53444747,
                3983957.00659825
              ],
              [
                14053106.55409081,
                3983895.29300578
              ],
              [
                14052873.30391272,
                3983838.62103212
              ],
              [
                14052638.89233839,
                3983787.01721881
              ],
              [
                14052403.42846091,
                3983740.5053049
              ],
              [
                14052167.02159601,
                3983699.10702953
              ],
              [
                14051929.7818387,
                3983662.84146343
              ],
              [
                14051691.81928393,
                3983631.72527644
              ],
              [
                14051453.24469459,
                3983605.77313895
              ],
              [
                14051214.16894492,
                3983584.99705322
              ],
              [
                14050974.70313173,
                3983569.4064872
              ],
              [
                14050734.95857456,
                3983559.00877587
              ],
              [
                14050495.0468155,
                3983553.80872002
              ],
              [
                14050255.07917406,
                3983553.80872002
              ],
              [
                14050015.16730369,
                3983559.00877587
              ],
              [
                14049775.4227465,
                3983569.4064872
              ],
              [
                14049535.95693333,
                3983584.99705322
              ],
              [
                14049296.88118364,
                3983605.77313895
              ],
              [
                14049058.30659431,
                3983631.72527644
              ],
              [
                14048820.34415086,
                3983662.84146343
              ],
              [
                14048583.10428223,
                3983699.10702953
              ],
              [
                14048346.69752866,
                3983740.5053049
              ],
              [
                14048111.23353985,
                3983787.01721881
              ],
              [
                14047876.82207684,
                3983838.62103212
              ],
              [
                14047643.57189875,
                3983895.29300578
              ],
              [
                14047411.59143077,
                3983957.00659825
              ],
              [
                14047180.98876413,
                3984023.73340154
              ],
              [
                14046951.87087686,
                3984095.44247228
              ],
              [
                14046724.34452435,
                3984172.10046528
              ],
              [
                14046498.5153488,
                3984253.67190078
              ],
              [
                14046274.4884358,
                3984340.11903053
              ],
              [
                14046052.36809173,
                3984431.40170374
              ],
              [
                14045832.25739841,
                3984527.4775006
              ],
              [
                14045614.25899244,
                3984628.30199955
              ],
              [
                14045398.47406322,
                3984733.82837569
              ],
              [
                14045185.00324358,
                3984844.00780182
              ],
              [
                14044973.94571917,
                3984958.78904679
              ],
              [
                14044765.3996738,
                3985078.11887655
              ],
              [
                14044559.46228938,
                3985201.94192001
              ],
              [
                14044356.22930066,
                3985330.20093629
              ],
              [
                14044155.79532923,
                3985462.8362793
              ],
              [
                14043958.25366079,
                3985599.78629868
              ],
              [
                14043763.69635659,
                3985740.98760703
              ],
              [
                14043572.21403069,
                3985886.37481198
              ],
              [
                14043383.89573867,
                3986035.88011455
              ],
              [
                14043198.82931162,
                3986189.43437892
              ],
              [
                14043017.10091081,
                3986346.96632947
              ],
              [
                14042838.79525039,
                3986508.40268412
              ],
              [
                14042663.99526338,
                3986673.66868914
              ],
              [
                14042492.78254695,
                3986842.68744978
              ],
              [
                14042325.23702851,
                3987015.38073268
              ],
              [
                14042161.43652038,
                3987191.66816272
              ],
              [
                14042001.45772169,
                3987371.46789158
              ],
              [
                14041845.37499386,
                3987554.69646361
              ],
              [
                14041693.26136247,
                3987741.2688154
              ],
              [
                14041545.18762672,
                3987931.09827541
              ],
              [
                14041401.22291602,
                3988124.09656365
              ],
              [
                14041261.43457864,
                3988320.17419263
              ],
              [
                14041125.88773652,
                3988519.23993186
              ],
              [
                14040994.64584173,
                3988721.20134261
              ],
              [
                14040867.7700087,
                3988925.96464388
              ],
              [
                14040745.31968202,
                3989133.43444428
              ],
              [
                14040627.35207991,
                3989343.51441085
              ],
              [
                14040513.92230553,
                3989556.10700106
              ],
              [
                14040405.08345828,
                3989771.11332868
              ],
              [
                14040300.88652247,
                3989988.43329725
              ],
              [
                14040201.38014471,
                3990207.96600123
              ],
              [
                14040106.6109679,
                3990429.60932429
              ],
              [
                14040016.6235198,
                3990653.26007277
              ],
              [
                14039931.45976789,
                3990878.81424308
              ],
              [
                14039851.15989849,
                3991106.16702148
              ],
              [
                14039775.76142625,
                3991335.21238224
              ],
              [
                14039705.2997508,
                3991565.84402432
              ],
              [
                14039639.80815666,
                3991797.95456807
              ],
              [
                14039579.31725668,
                3992031.43568887
              ],
              [
                14039523.85565998,
                3992266.17905382
              ],
              [
                14039473.44941531,
                3992502.07525078
              ],
              [
                14039428.12245637,
                3992739.0143236
              ],
              [
                14039387.89615649,
                3992976.88603966
              ],
              [
                14039352.78944001,
                3993215.57975588
              ],
              [
                14039322.81911614,
                3993454.98401699
              ],
              [
                14039297.99954512,
                3993694.98749246
              ],
              [
                14039278.34241546,
                3993935.47830707
              ],
              [
                14039263.857412,
                3994176.34430861
              ],
              [
                14039254.55154785,
                3994417.47333543
              ],
              [
                14039250.4293871,
                3994658.7530827
              ],
              [
                14039251.49315616,
                3994900.07096832
              ],
              [
                14039257.74285502,
                3995141.31453467
              ],
              [
                14039269.17592332,
                3995382.37131464
              ],
              [
                14039285.78712906,
                3995623.12883169
              ],
              [
                14039307.56912513,
                3995863.47500155
              ],
              [
                14039334.51222677,
                3996103.29746277
              ],
              [
                14039366.60396618,
                3996342.48438022
              ],
              [
                14039403.82998313,
                3996580.92431116
              ],
              [
                14039446.1729118,
                3996818.50593766
              ],
              [
                14039493.61349392,
                3997055.11833445
              ],
              [
                14039546.12991084,
                3997290.65110297
              ],
              [
                14039603.69800628,
                3997524.9943715
              ],
              [
                14039666.29117484,
                3997758.03866143
              ],
              [
                14039733.88047347,
                3997989.67515526
              ],
              [
                14039806.43473271,
                3998219.79569674
              ],
              [
                14039883.92044538,
                3998448.29292504
              ],
              [
                14039966.30154399,
                3998675.06000716
              ],
              [
                14040053.54017989,
                3998899.99103983
              ],
              [
                14040145.59561017,
                3999122.98104984
              ],
              [
                14040242.42542208,
                3999343.92572639
              ],
              [
                14040343.98453124,
                3999562.72182318
              ],
              [
                14040450.22584951,
                3999779.26715865
              ],
              [
                14040561.09995102,
                3999993.46048241
              ],
              [
                14040676.55551748,
                4000205.20174333
              ],
              [
                14040796.53878161,
                4000414.39195599
              ],
              [
                14040920.99408363,
                4000620.93320093
              ],
              [
                14041049.86331479,
                4000824.72889291
              ],
              [
                14041183.08680783,
                4001025.68391521
              ],
              [
                14041320.60244648,
                4001223.7042181
              ],
              [
                14041462.34633334,
                4001418.69695314
              ],
              [
                14041608.25234464,
                4001610.57127727
              ],
              [
                14041758.2525755,
                4001799.2371476
              ],
              [
                14041912.27733991,
                4001984.60652736
              ],
              [
                14042070.25472548,
                4002166.59244858
              ],
              [
                14042232.11115001,
                4002345.10981622
              ],
              [
                14042397.77125024,
                4002520.07514064
              ],
              [
                14042567.1576591,
                4002691.40653799
              ],
              [
                14042740.19167371,
                4002859.02373054
              ],
              [
                14042916.79236481,
                4003022.84831509
              ],
              [
                14043096.87757861,
                4003182.80349534
              ],
              [
                14043280.36326889,
                4003338.81461819
              ],
              [
                14043467.16371966,
                4003490.8083703
              ],
              [
                14043657.19187905,
                4003638.71371625
              ],
              [
                14043850.35913677,
                4003782.46122908
              ],
              [
                14044046.57521271,
                4003921.9838945
              ],
              [
                14044245.74871356,
                4004057.21603947
              ],
              [
                14044447.78635357,
                4004188.09440431
              ],
              [
                14044652.59417912,
                4004314.55787524
              ],
              [
                14044860.07634412,
                4004436.54694868
              ],
              [
                14045070.1358893,
                4004554.00466952
              ],
              [
                14045282.67496479,
                4004666.87582759
              ],
              [
                14045497.59416234,
                4004775.10762784
              ],
              [
                14045714.79307172,
                4004878.64928878
              ],
              [
                14045934.17028091,
                4004977.4524447
              ],
              [
                14046155.62337596,
                4005071.47061003
              ],
              [
                14046379.04871844,
                4005160.65984958
              ],
              [
                14046604.34200196,
                4005244.97824288
              ],
              [
                14046831.39802962,
                4005324.38642036
              ],
              [
                14047060.11060263,
                4005398.84702767
              ],
              [
                14047290.37274294,
                4005468.32512789
              ],
              [
                14047522.07702726,
                4005532.78833579
              ],
              [
                14047755.1150304,
                4005592.20628197
              ],
              [
                14047989.37799322,
                4005646.55114917
              ],
              [
                14048224.75615468,
                4005695.79753835
              ],
              [
                14048461.13964248,
                4005739.92220091
              ],
              [
                14048698.41802767,
                4005778.90457484
              ],
              [
                14048936.48021338,
                4005812.72624887
              ],
              [
                14049175.21488014,
                4005841.37149857
              ],
              [
                14049414.51070845,
                4005864.82688447
              ],
              [
                14049654.25548828,
                4005883.08138615
              ],
              [
                14049894.33734351,
                4005896.12640234
              ],
              [
                14050134.6439528,
                4005903.9558849
              ],
              [
                14050375.06299478,
                4005906.56620496
              ]
            ]
          ]
        ]
      },
      "geometry_name": "ag_geom",
      "properties": {
        "restricted": "<FNT name='TW Cen MT' size='6'><CLR cyan='70' magenta='10' yellow='100' black='0'>R149 <UND>300 AMSL</UND> SFC</CLR></FNT>",
        "res_lbl_1": "R149",
        "res_lbl_2": "300 AMSL",
        "res_lbl_3": "SFC"
      },
      "bbox": [
        14039250.4293871,
        3983553.80872002,
        14061499.69660245,
        4005906.56620496
      ]
    },
    {
      "type": "Feature",
      "id": "lt_c_aisresc.71",
      "geometry": {
        "type": "MultiPolygon",
        "coordinates": [
          [
            [
              [
                14067072.98661377,
                3914122.97601032
              ],
              [
                14080060.26046544,
                3914122.97601032
              ],
              [
                14080060.26046544,
                3891986.101472
              ],
              [
                14067072.98661377,
                3891986.101472
              ],
              [
                14067072.98661377,
                3914122.97601032
              ]
            ]
          ]
        ]
      },
      "geometry_name": "ag_geom",
      "properties": {
        "restricted": "<FNT name='TW Cen MT' size='6'><CLR cyan='70' magenta='10' yellow='100' black='0'>R150 <UND>300 AMSL</UND> SFC</CLR></FNT>",
        "res_lbl_1": "R150",
        "res_lbl_2": "300 AMSL",
        "res_lbl_3": "SFC"
      },
      "bbox": [
        14067072.98661377,
        3891986.101472,
        14080060.26046544,
        3914122.97601032
      ]
    },
    {
      "type": "Feature",
      "id": "lt_c_aisresc.72",
      "geometry": {
        "type": "MultiPolygon",
        "coordinates": [
          [
            [
              [
                14257924.06911321,
                4107269.83202914
              ],
              [
                14258166.6357308,
                4107267.19868909
              ],
              [
                14258409.08902516,
                4107259.29961912
              ],
              [
                14258651.31545038,
                4107246.1387514
              ],
              [
                14258893.20179456,
                4107227.72218883
              ],
              [
                14259134.63506842,
                4107204.05861058
              ],
              [
                14259375.50228266,
                4107175.1590017
              ],
              [
                14259615.69078197,
                4107141.03705858
              ],
              [
                14259855.08846762,
                4107101.70864807
              ],
              [
                14260093.58324088,
                4107057.19221299
              ],
              [
                14260331.06355961,
                4107007.50877196
              ],
              [
                14260567.41854962,
                4106952.68151368
              ],
              [
                14260802.53767065,
                4106892.73606721
              ],
              [
                14261036.31105033,
                4106827.70077208
              ],
              [
                14261268.62937297,
                4106757.60586703
              ],
              [
                14261499.38399071,
                4106682.48443611
              ],
              [
                14261728.4671463,
                4106602.3715973
              ],
              [
                14261955.77175039,
                4106517.30477266
              ],
              [
                14262181.19160417,
                4106427.32409369
              ],
              [
                14262404.6212881,
                4106332.47158986
              ],
              [
                14262625.95649581,
                4106232.79186432
              ],
              [
                14262845.09381149,
                4106128.33141766
              ],
              [
                14263061.93093253,
                4106019.13932355
              ],
              [
                14263276.36633558,
                4105905.26682287
              ],
              [
                14263488.30005568,
                4105786.76718818
              ],
              [
                14263697.63312986,
                4105663.6958586
              ],
              [
                14263904.26770826,
                4105536.11084501
              ],
              [
                14264108.10738819,
                4105404.07151301
              ],
              [
                14264309.0568802,
                4105267.64006967
              ],
              [
                14264507.02245324,
                4105126.88021122
              ],
              [
                14264701.91182348,
                4104981.85793385
              ],
              [
                14264893.63382025,
                4104832.64126296
              ],
              [
                14265082.09916532,
                4104679.29998237
              ],
              [
                14265267.21980497,
                4104521.90590434
              ],
              [
                14265448.90946659,
                4104360.53273397
              ],
              [
                14265627.08332473,
                4104195.25620401
              ],
              [
                14265801.65844637,
                4104026.15339856
              ],
              [
                14265972.55323434,
                4103853.30383408
              ],
              [
                14266139.68809517,
                4103676.78810724
              ],
              [
                14266302.98521656,
                4103496.6891111
              ],
              [
                14266462.36845598,
                4103313.09095332
              ],
              [
                14266617.76345199,
                4103126.07963162
              ],
              [
                14266769.09795828,
                4102935.74276305
              ],
              [
                14266916.30150957,
                4102742.16917812
              ],
              [
                14267059.30553306,
                4102545.4495962
              ],
              [
                14267198.04334839,
                4102345.67608451
              ],
              [
                14267332.45061289,
                4102142.94192255
              ],
              [
                14267462.46465369,
                4101937.34214242
              ],
              [
                14267588.02491299,
                4101728.97271749
              ],
              [
                14267709.073282,
                4101517.93123778
              ],
              [
                14267825.55332175,
                4101304.31623389
              ],
              [
                14267937.41093096,
                4101088.22771725
              ],
              [
                14268044.59423475,
                4100869.76663919
              ],
              [
                14268147.053362,
                4100649.03502578
              ],
              [
                14268244.74077927,
                4100426.13624778
              ],
              [
                14268337.61129085,
                4100201.17420952
              ],
              [
                14268425.62170479,
                4099974.25415943
              ],
              [
                14268508.73138946,
                4099745.4821492
              ],
              [
                14268586.90171701,
                4099514.96489843
              ],
              [
                14268660.0965086,
                4099282.81033486
              ],
              [
                14268728.28203442,
                4099049.12664824
              ],
              [
                14268791.42667974,
                4098814.02296579
              ],
              [
                14268849.50150148,
                4098577.60921677
              ],
              [
                14268902.47944902,
                4098339.9955919
              ],
              [
                14268950.33636604,
                4098101.29308361
              ],
              [
                14268993.04998861,
                4097861.61321561
              ],
              [
                14269030.60105848,
                4097621.0676375
              ],
              [
                14269062.97209849,
                4097379.76866499
              ],
              [
                14269090.14852577,
                4097137.82900959
              ],
              [
                14269112.11798388,
                4096895.36137325
              ],
              [
                14269128.87045405,
                4096652.47885356
              ],
              [
                14269140.39847788,
                4096409.29480852
              ],
              [
                14269146.6971573,
                4096165.92258641
              ],
              [
                14269147.76370934,
                4095922.47566076
              ],
              [
                14269143.598134,
                4095679.06749533
              ],
              [
                14269134.20265765,
                4095435.81167911
              ],
              [
                14269119.58195574,
                4095192.82152116
              ],
              [
                14269099.74315269,
                4094950.21018572
              ],
              [
                14269074.6959333,
                4094708.09069226
              ],
              [
                14269044.45232008,
                4094466.57605056
              ],
              [
                14269009.02656193,
                4094225.77858557
              ],
              [
                14268968.43569072,
                4093985.8104777
              ],
              [
                14268922.6987421,
                4093746.7834928
              ],
              [
                14268871.83753467,
                4093508.80898236
              ],
              [
                14268815.87611345,
                4093271.99774857
              ],
              [
                14268754.84063853,
                4093036.46004448
              ],
              [
                14268688.76016428,
                4092802.30530412
              ],
              [
                14268617.6655262,
                4092569.64281788
              ],
              [
                14268541.59023147,
                4092338.58065242
              ],
              [
                14268460.57001365,
                4092109.22646111
              ],
              [
                14268374.64294397,
                4091881.68680912
              ],
              [
                14268283.84920881,
                4091656.06771375
              ],
              [
                14268188.23155484,
                4091432.47396961
              ],
              [
                14268087.83473248,
                4091211.00955395
              ],
              [
                14267982.70571857,
                4090991.77762691
              ],
              [
                14267872.89371631,
                4090774.87985682
              ],
              [
                14267758.45015534,
                4090560.41736553
              ],
              [
                14267639.42858029,
                4090348.48978367
              ],
              [
                14267515.88453962,
                4090139.19552102
              ],
              [
                14267387.87603077,
                4089932.63190184
              ],
              [
                14267255.46272099,
                4089728.89489522
              ],
              [
                14267118.70639259,
                4089528.07925043
              ],
              [
                14266977.67105428,
                4089330.27822728
              ],
              [
                14266832.42260721,
                4089135.58373148
              ],
              [
                14266683.0286223,
                4088944.08604506
              ],
              [
                14266529.55911951,
                4088755.87436669
              ],
              [
                14266372.08545464,
                4088571.03586713
              ],
              [
                14266210.68132118,
                4088389.65663454
              ],
              [
                14266045.42185981,
                4088211.82072998
              ],
              [
                14265876.3841036,
                4088037.61072772
              ],
              [
                14265703.64686675,
                4087867.10744568
              ],
              [
                14265527.29085589,
                4087700.39021581
              ],
              [
                14265347.39800218,
                4087537.53634451
              ],
              [
                14265164.0523518,
                4087378.62124807
              ],
              [
                14264977.33917552,
                4087223.7189929
              ],
              [
                14264787.34552516,
                4087072.90121618
              ],
              [
                14264594.15989973,
                4086926.23793606
              ],
              [
                14264397.87224537,
                4086783.79728211
              ],
              [
                14264198.57384405,
                4086645.64522575
              ],
              [
                14263996.35775889,
                4086511.84598552
              ],
              [
                14263791.31794351,
                4086382.46162261
              ],
              [
                14263583.54979874,
                4086257.5520411
              ],
              [
                14263373.15017253,
                4086137.17525842
              ],
              [
                14263160.21691471,
                4086021.38700063
              ],
              [
                14262944.84898831,
                4085910.24110775
              ],
              [
                14262727.1468035,
                4085803.78899424
              ],
              [
                14262507.21143839,
                4085702.0801891
              ],
              [
                14262285.1453069,
                4085605.16166146
              ],
              [
                14262061.05182484,
                4085513.07849563
              ],
              [
                14261835.03496463,
                4085425.87321661
              ],
              [
                14261607.20003449,
                4085343.58633021
              ],
              [
                14261377.65289927,
                4085266.25618827
              ],
              [
                14261146.50031434,
                4085193.91831431
              ],
              [
                14260913.84981435,
                4085126.60634827
              ],
              [
                14260679.80949051,
                4085064.35164195
              ],
              [
                14260444.4882133,
                4085007.1828544
              ],
              [
                14260207.99540977,
                4084955.12662681
              ],
              [
                14259970.44095224,
                4084908.20690797
              ],
              [
                14259731.93538099,
                4084866.44562913
              ],
              [
                14259492.58934759,
                4084829.86202953
              ],
              [
                14259252.51439416,
                4084798.47319615
              ],
              [
                14259011.8218402,
                4084772.29352421
              ],
              [
                14258770.62378443,
                4084751.33525692
              ],
              [
                14258529.03221425,
                4084735.6079459
              ],
              [
                14258287.15945105,
                4084725.11912584
              ],
              [
                14258045.11803882,
                4084719.87350502
              ],
              [
                14257803.02029892,
                4084719.87350502
              ],
              [
                14257560.97877536,
                4084725.11912584
              ],
              [
                14257319.10601216,
                4084735.6079459
              ],
              [
                14257077.51444198,
                4084751.33525692
              ],
              [
                14256836.31638621,
                4084772.29352421
              ],
              [
                14256595.62394357,
                4084798.47319615
              ],
              [
                14256355.54887882,
                4084829.86202953
              ],
              [
                14256116.20295674,
                4084866.44562913
              ],
              [
                14255877.69727417,
                4084908.20690797
              ],
              [
                14255640.14281665,
                4084955.12662681
              ],
              [
                14255403.65001311,
                4085007.1828544
              ],
              [
                14255168.3287359,
                4085064.35164195
              ],
              [
                14254934.28841207,
                4085126.60634827
              ],
              [
                14254701.63791208,
                4085193.91831431
              ],
              [
                14254470.48532715,
                4085266.25618827
              ],
              [
                14254240.93819192,
                4085343.58633021
              ],
              [
                14254013.10326179,
                4085425.87321661
              ],
              [
                14253787.08640157,
                4085513.07849563
              ],
              [
                14253562.99291952,
                4085605.16166146
              ],
              [
                14253340.92678803,
                4085702.0801891
              ],
              [
                14253120.99153423,
                4085803.78899424
              ],
              [
                14252903.28923811,
                4085910.24110775
              ],
              [
                14252687.92142302,
                4086021.38700063
              ],
              [
                14252474.98805388,
                4086137.17525842
              ],
              [
                14252264.58842767,
                4086257.5520411
              ],
              [
                14252056.8202829,
                4086382.46162261
              ],
              [
                14251851.78046753,
                4086511.84598552
              ],
              [
                14251649.56438236,
                4086645.64522575
              ],
              [
                14251450.26609237,
                4086783.79728211
              ],
              [
                14251253.978438,
                4086926.23793606
              ],
              [
                14251060.79270125,
                4087072.90121618
              ],
              [
                14250870.79905089,
                4087223.7189929
              ],
              [
                14250684.08598593,
                4087378.62124807
              ],
              [
                14250500.74022425,
                4087537.53634451
              ],
              [
                14250320.84748184,
                4087700.39021581
              ],
              [
                14250144.49135966,
                4087867.10744568
              ],
              [
                14249971.75423414,
                4088037.61072772
              ],
              [
                14249802.71647792,
                4088211.82072998
              ],
              [
                14249637.45690523,
                4088389.65663454
              ],
              [
                14249476.05277177,
                4088571.03586713
              ],
              [
                14249318.5791069,
                4088755.87436669
              ],
              [
                14249165.10960412,
                4088944.08604506
              ],
              [
                14249015.71573053,
                4089135.58373148
              ],
              [
                14248870.46717213,
                4089330.27822728
              ],
              [
                14248729.43183383,
                4089528.07925043
              ],
              [
                14248592.67561675,
                4089728.89489522
              ],
              [
                14248460.26219564,
                4089932.63190184
              ],
              [
                14248332.25368679,
                4090139.19552102
              ],
              [
                14248208.70975744,
                4090348.48978367
              ],
              [
                14248089.6881824,
                4090560.41736553
              ],
              [
                14247975.24462142,
                4090774.87985682
              ],
              [
                14247865.43261916,
                4090991.77762691
              ],
              [
                14247760.30349394,
                4091211.00955395
              ],
              [
                14247659.90667158,
                4091432.47396961
              ],
              [
                14247564.2890176,
                4091656.06771375
              ],
              [
                14247473.49539376,
                4091881.68680912
              ],
              [
                14247387.56821277,
                4092109.22646111
              ],
              [
                14247306.54810626,
                4092338.58065242
              ],
              [
                14247230.47281153,
                4092569.64281788
              ],
              [
                14247159.37817345,
                4092802.30530412
              ],
              [
                14247093.29758789,
                4093036.46004448
              ],
              [
                14247032.26211297,
                4093271.99774857
              ],
              [
                14246976.30069175,
                4093508.80898236
              ],
              [
                14246925.43948431,
                4093746.7834928
              ],
              [
                14246879.70264701,
                4093985.8104777
              ],
              [
                14246839.11166449,
                4094225.77858557
              ],
              [
                14246803.68601765,
                4094466.57605056
              ],
              [
                14246773.44229312,
                4094708.09069226
              ],
              [
                14246748.39507373,
                4094950.21018572
              ],
              [
                14246728.55627068,
                4095192.82152116
              ],
              [
                14246713.93556876,
                4095435.81167911
              ],
              [
                14246704.54009242,
                4095679.06749533
              ],
              [
                14246700.37451707,
                4095922.47566076
              ],
              [
                14246701.44106911,
                4096165.92258641
              ],
              [
                14246707.73974854,
                4096409.29480852
              ],
              [
                14246719.26788369,
                4096652.47885356
              ],
              [
                14246736.02035386,
                4096895.36137325
              ],
              [
                14246757.98970064,
                4097137.82900959
              ],
              [
                14246785.16612793,
                4097379.76866499
              ],
              [
                14246817.53716794,
                4097621.0676375
              ],
              [
                14246855.08823781,
                4097861.61321561
              ],
              [
                14246897.80197171,
                4098101.29308361
              ],
              [
                14246945.65877739,
                4098339.9955919
              ],
              [
                14246998.63683625,
                4098577.60921677
              ],
              [
                14247056.71154669,
                4098814.02296579
              ],
              [
                14247119.856192,
                4099049.12664824
              ],
              [
                14247188.04171782,
                4099282.81033486
              ],
              [
                14247261.23662072,
                4099514.96489843
              ],
              [
                14247339.40694827,
                4099745.4821492
              ],
              [
                14247422.51652163,
                4099974.25415943
              ],
              [
                14247510.52693557,
                4100201.17420952
              ],
              [
                14247603.39744715,
                4100426.13624778
              ],
              [
                14247701.08486442,
                4100649.03502578
              ],
              [
                14247803.54399166,
                4100869.76663919
              ],
              [
                14247910.72729546,
                4101088.22771725
              ],
              [
                14248022.58490467,
                4101304.31623389
              ],
              [
                14248139.06494442,
                4101517.93123778
              ],
              [
                14248260.11331342,
                4101728.97271749
              ],
              [
                14248385.67368404,
                4101937.34214242
              ],
              [
                14248515.68761352,
                4102142.94192255
              ],
              [
                14248650.09487802,
                4102345.67608451
              ],
              [
                14248788.83269336,
                4102545.4495962
              ],
              [
                14248931.83671686,
                4102742.16917812
              ],
              [
                14249079.04026815,
                4102935.74276305
              ],
              [
                14249230.37477442,
                4103126.07963162
              ],
              [
                14249385.76988175,
                4103313.09095332
              ],
              [
                14249545.15300985,
                4103496.6891111
              ],
              [
                14249708.45013124,
                4103676.78810724
              ],
              [
                14249875.58510341,
                4103853.30383408
              ],
              [
                14250046.47989136,
                4104026.15339856
              ],
              [
                14250221.05490168,
                4104195.25620401
              ],
              [
                14250399.22875982,
                4104360.53273397
              ],
              [
                14250580.91842144,
                4104521.90590434
              ],
              [
                14250766.03906109,
                4104679.29998237
              ],
              [
                14250954.50440616,
                4104832.64126296
              ],
              [
                14251146.22640293,
                4104981.85793385
              ],
              [
                14251341.11577317,
                4105126.88021122
              ],
              [
                14251539.08134622,
                4105267.64006967
              ],
              [
                14251740.03094955,
                4105404.07151301
              ],
              [
                14251943.87051817,
                4105536.11084501
              ],
              [
                14252150.50509656,
                4105663.6958586
              ],
              [
                14252359.83817073,
                4105786.76718818
              ],
              [
                14252571.77189084,
                4105905.26682287
              ],
              [
                14252786.2074052,
                4106019.13932355
              ],
              [
                14253003.04441492,
                4106128.33141766
              ],
              [
                14253222.1817306,
                4106232.79186432
              ],
              [
                14253443.51693832,
                4106332.47158986
              ],
              [
                14253666.94662224,
                4106427.32409369
              ],
              [
                14253892.36647603,
                4106517.30477266
              ],
              [
                14254119.67108012,
                4106602.3715973
              ],
              [
                14254348.75423571,
                4106682.48443611
              ],
              [
                14254579.50885345,
                4106757.60586703
              ],
              [
                14254811.82717608,
                4106827.70077208
              ],
              [
                14255045.60055578,
                4106892.73606721
              ],
              [
                14255280.7196768,
                4106952.68151368
              ],
              [
                14255517.0746668,
                4107007.50877196
              ],
              [
                14255754.55509685,
                4107057.19221299
              ],
              [
                14255993.04975879,
                4107101.70864807
              ],
              [
                14256232.44744445,
                4107141.03705858
              ],
              [
                14256472.63594375,
                4107175.1590017
              ],
              [
                14256713.503158,
                4107204.05861058
              ],
              [
                14256954.93643185,
                4107227.72218883
              ],
              [
                14257196.82288735,
                4107246.1387514
              ],
              [
                14257439.04931259,
                4107259.29961912
              ],
              [
                14257681.50249561,
                4107267.19868909
              ],
              [
                14257924.06911321,
                4107269.83202914
              ]
            ]
          ]
        ]
      },
      "geometry_name": "ag_geom",
      "properties": {
        "restricted": "<FNT name='TW Cen MT' size='6'><CLR cyan='70' magenta='10' yellow='100' black='0'>R145 <UND>300 AMSL</UND> SFC</CLR></FNT>",
        "res_lbl_1": "R145",
        "res_lbl_2": "300 AMSL",
        "res_lbl_3": "SFC"
      },
      "bbox": [
        14246700.37451707,
        4084719.87350502,
        14269147.76370934,
        4107269.83202914
      ]
    },
    {
      "type": "Feature",
      "id": "lt_c_aisresc.73",
      "geometry": {
        "type": "MultiPolygon",
        "coordinates": [
          [
            [
              [
                14297133.26751232,
                4125458.70142489
              ],
              [
                14297376.00689777,
                4125455.41077369
              ],
              [
                14297618.56939654,
                4125445.54112822
              ],
              [
                14297860.77801064,
                4125429.09995442
              ],
              [
                14298102.45652134,
                4125406.0990635
              ],
              [
                14298343.42848723,
                4125376.55515351
              ],
              [
                14298583.51835747,
                4125340.49008006
              ],
              [
                14298822.55124915,
                4125297.93004354
              ],
              [
                14299060.35283593,
                4125248.90613065
              ],
              [
                14299296.74990471,
                4125193.45431407
              ],
              [
                14299531.57013289,
                4125131.61477507
              ],
              [
                14299764.64231112,
                4125063.43298654
              ],
              [
                14299995.79678847,
                4124988.95862921
              ],
              [
                14300224.86491593,
                4124908.24626835
              ],
              [
                14300451.68004821,
                4124821.35454077
              ],
              [
                14300676.07665324,
                4124728.3472377
              ],
              [
                14300897.89153663,
                4124629.29208552
              ],
              [
                14301116.96295118,
                4124524.26142227
              ],
              [
                14301333.13137605,
                4124413.33206162
              ],
              [
                14301546.23929414,
                4124296.58502149
              ],
              [
                14301756.13174875,
                4124174.10552336
              ],
              [
                14301962.65567559,
                4124045.98285624
              ],
              [
                14302165.66079329,
                4123912.31078219
              ],
              [
                14302364.99926963,
                4123773.18672318
              ],
              [
                14302560.52616659,
                4123628.71230198
              ],
              [
                14302752.09899524,
                4123478.99307065
              ],
              [
                14302939.5784949,
                4123324.13810349
              ],
              [
                14303122.82807655,
                4123164.26067344
              ],
              [
                14303301.71471338,
                4122999.47716795
              ],
              [
                14303476.10793899,
                4122829.9081715
              ],
              [
                14303645.88129439,
                4122655.67711079
              ],
              [
                14303810.91099233,
                4122476.91120175
              ],
              [
                14303971.07736437,
                4122293.7409072
              ],
              [
                14304126.26374767,
                4122106.29980061
              ],
              [
                14304276.35759822,
                4121914.7245654
              ],
              [
                14304421.24982291,
                4121719.15499413
              ],
              [
                14304560.83500221,
                4121519.7335816
              ],
              [
                14304695.01205801,
                4121316.60593024
              ],
              [
                14304823.68336311,
                4121109.91993709
              ],
              [
                14304946.75563179,
                4120899.8263346
              ],
              [
                14305064.1395858,
                4120686.47841918
              ],
              [
                14305175.75006574,
                4120470.03137364
              ],
              [
                14305281.50625366,
                4120250.64321415
              ],
              [
                14305381.33145043,
                4120028.4737066
              ],
              [
                14305475.15329839,
                4119803.6846368
              ],
              [
                14305562.90389263,
                4119576.4399452
              ],
              [
                14305644.51978106,
                4119346.9049142
              ],
              [
                14305719.94196433,
                4119115.24697975
              ],
              [
                14305789.11589591,
                4118881.63464804
              ],
              [
                14305851.99159334,
                4118646.23803645
              ],
              [
                14305908.52374959,
                4118409.22873776
              ],
              [
                14305958.67173303,
                4118170.77900769
              ],
              [
                14306002.39936486,
                4117931.0624413
              ],
              [
                14306039.67514162,
                4117690.25370191
              ],
              [
                14306070.47256931,
                4117448.52784425
              ],
              [
                14306094.76960664,
                4117206.06072015
              ],
              [
                14306112.5488878,
                4116963.02884304
              ],
              [
                14306123.7980563,
                4116719.60898182
              ],
              [
                14306128.50920847,
                4116475.97816071
              ],
              [
                14306126.67956132,
                4116232.3133886
              ],
              [
                14306118.310562,
                4115988.79206495
              ],
              [
                14306103.40900101,
                4115745.59116787
              ],
              [
                14306081.98589897,
                4115502.88752484
              ],
              [
                14306054.05750852,
                4115260.85740688
              ],
              [
                14306019.64431245,
                4115019.67679927
              ],
              [
                14305978.77180294,
                4114779.5208606
              ],
              [
                14305931.47025887,
                4114540.56432876
              ],
              [
                14305877.7743006,
                4114302.9805742
              ],
              [
                14305817.72333525,
                4114066.9421414
              ],
              [
                14305751.36155665,
                4113832.62061391
              ],
              [
                14305678.73738877,
                4113600.18607353
              ],
              [
                14305599.90415366,
                4113369.80723608
              ],
              [
                14305514.91940348,
                4113141.65145176
              ],
              [
                14305423.84536584,
                4112915.88443514
              ],
              [
                14305326.74838716,
                4112692.66985976
              ],
              [
                14305223.69948924,
                4112472.16976458
              ],
              [
                14305114.77392411,
                4112254.54428395
              ],
              [
                14305000.05095119,
                4112039.95110712
              ],
              [
                14304879.61439411,
                4111828.54615524
              ],
              [
                14304753.55208391,
                4111620.48263512
              ],
              [
                14304621.95563655,
                4111415.91158096
              ],
              [
                14304484.92123206,
                4111214.98117872
              ],
              [
                14304342.54839008,
                4111017.83730791
              ],
              [
                14304194.94086036,
                4110824.62286594
              ],
              [
                14304042.20617753,
                4110635.47803946
              ],
              [
                14303884.45543844,
                4110450.5396288
              ],
              [
                14303721.80330218,
                4110269.94199549
              ],
              [
                14303554.36821268,
                4110093.81598102
              ],
              [
                14303382.27195345,
                4109922.28917814
              ],
              [
                14303205.63953631,
                4109755.48593159
              ],
              [
                14303024.59942392,
                4109593.52706844
              ],
              [
                14302839.28330724,
                4109436.53003404
              ],
              [
                14302649.82566023,
                4109284.60835192
              ],
              [
                14302456.36440774,
                4109137.87230063
              ],
              [
                14302259.03992364,
                4108996.42810318
              ],
              [
                14302057.99558743,
                4108860.37819821
              ],
              [
                14301853.37745029,
                4108729.82110545
              ],
              [
                14301645.33412373,
                4108604.85142653
              ],
              [
                14301434.01677965,
                4108485.55957513
              ],
              [
                14301219.57859362,
                4108372.03204818
              ],
              [
                14301002.17552429,
                4108264.35088557
              ],
              [
                14300781.96520003,
                4108162.59421172
              ],
              [
                14300559.10758697,
                4108066.83569527
              ],
              [
                14300333.76454363,
                4107977.14454969
              ],
              [
                14300106.09937571,
                4107893.58566907
              ],
              [
                14299876.27739267,
                4107816.21976382
              ],
              [
                14299644.4654624,
                4107745.10268512
              ],
              [
                14299410.83167734,
                4107680.285831
              ],
              [
                14299175.5456884,
                4107621.81628204
              ],
              [
                14298938.77803705,
                4107569.73626087
              ],
              [
                14298700.70071188,
                4107524.08353815
              ],
              [
                14298461.48625812,
                4107484.89102729
              ],
              [
                14298221.30833415,
                4107452.18719036
              ],
              [
                14297980.34104369,
                4107425.99576791
              ],
              [
                14297738.75938096,
                4107406.33550876
              ],
              [
                14297496.7384515,
                4107393.2208462
              ],
              [
                14297254.45380618,
                4107386.66108686
              ],
              [
                14297012.08132978,
                4107386.66108686
              ],
              [
                14296769.79668447,
                4107393.2208462
              ],
              [
                14296527.77575501,
                4107406.33550876
              ],
              [
                14296286.19409228,
                4107425.99576791
              ],
              [
                14296045.2268018,
                4107452.18719036
              ],
              [
                14295805.04887785,
                4107484.89102729
              ],
              [
                14295565.83442409,
                4107524.08353815
              ],
              [
                14295327.75698759,
                4107569.73626087
              ],
              [
                14295090.98944757,
                4107621.81628204
              ],
              [
                14294855.70345863,
                4107680.285831
              ],
              [
                14294622.06967357,
                4107745.10268512
              ],
              [
                14294390.2577433,
                4107816.21976382
              ],
              [
                14294160.43576025,
                4107893.58566907
              ],
              [
                14293932.77059234,
                4107977.14454969
              ],
              [
                14293707.42743768,
                4108066.83569527
              ],
              [
                14293484.56982462,
                4108162.59421172
              ],
              [
                14293264.35961168,
                4108264.35088557
              ],
              [
                14293046.95654234,
                4108372.03204818
              ],
              [
                14292832.51835632,
                4108485.55957513
              ],
              [
                14292621.2009009,
                4108604.85142653
              ],
              [
                14292413.15757436,
                4108729.82110545
              ],
              [
                14292208.53954853,
                4108860.37819821
              ],
              [
                14292007.49521233,
                4108996.42810318
              ],
              [
                14291810.17072823,
                4109137.87230063
              ],
              [
                14291616.70936441,
                4109284.60835192
              ],
              [
                14291427.25182873,
                4109436.53003404
              ],
              [
                14291241.93571205,
                4109593.52706844
              ],
              [
                14291060.89559966,
                4109755.48593159
              ],
              [
                14290884.2631825,
                4109922.28917814
              ],
              [
                14290712.16681196,
                4110093.81598102
              ],
              [
                14290544.73172246,
                4110269.94199549
              ],
              [
                14290382.07969751,
                4110450.5396288
              ],
              [
                14290224.32884712,
                4110635.47803946
              ],
              [
                14290071.59416429,
                4110824.62286594
              ],
              [
                14289923.98674589,
                4111017.83730791
              ],
              [
                14289781.6139039,
                4111214.98117872
              ],
              [
                14289644.57938809,
                4111415.91158096
              ],
              [
                14289512.98305205,
                4111620.48263512
              ],
              [
                14289386.92063054,
                4111828.54615524
              ],
              [
                14289266.48407344,
                4112039.95110712
              ],
              [
                14289151.76121186,
                4112254.54428395
              ],
              [
                14289042.83564672,
                4112472.16976458
              ],
              [
                14288939.78674881,
                4112692.66985976
              ],
              [
                14288842.68977012,
                4112915.88443514
              ],
              [
                14288751.61573247,
                4113141.65145176
              ],
              [
                14288666.6309823,
                4113369.80723608
              ],
              [
                14288587.79774719,
                4113600.18607353
              ],
              [
                14288515.17357932,
                4113832.62061391
              ],
              [
                14288448.81180071,
                4114066.9421414
              ],
              [
                14288388.76083536,
                4114302.9805742
              ],
              [
                14288335.0648771,
                4114540.56432876
              ],
              [
                14288287.76322171,
                4114779.5208606
              ],
              [
                14288246.89082352,
                4115019.67679927
              ],
              [
                14288212.47762745,
                4115260.85740688
              ],
              [
                14288184.54912568,
                4115502.88752484
              ],
              [
                14288163.12613495,
                4115745.59116787
              ],
              [
                14288148.22457396,
                4115988.79206495
              ],
              [
                14288139.85557465,
                4116232.3133886
              ],
              [
                14288138.02581618,
                4116475.97816071
              ],
              [
                14288142.73707967,
                4116719.60898182
              ],
              [
                14288153.98613685,
                4116963.02884304
              ],
              [
                14288171.76552932,
                4117206.06072015
              ],
              [
                14288196.06245534,
                4117448.52784425
              ],
              [
                14288226.85988302,
                4117690.25370191
              ],
              [
                14288264.13577111,
                4117931.0624413
              ],
              [
                14288307.86340293,
                4118170.77900769
              ],
              [
                14288358.01127506,
                4118409.22873776
              ],
              [
                14288414.54354262,
                4118646.23803645
              ],
              [
                14288477.41924005,
                4118881.63464804
              ],
              [
                14288546.59317164,
                4119115.24697975
              ],
              [
                14288622.01535491,
                4119346.9049142
              ],
              [
                14288703.63124333,
                4119576.4399452
              ],
              [
                14288791.38183757,
                4119803.6846368
              ],
              [
                14288885.20368553,
                4120028.4737066
              ],
              [
                14288985.0288823,
                4120250.64321415
              ],
              [
                14289090.7849589,
                4120470.03137364
              ],
              [
                14289202.39555017,
                4120686.47841918
              ],
              [
                14289319.77950418,
                4120899.8263346
              ],
              [
                14289442.85177285,
                4121109.91993709
              ],
              [
                14289571.52307796,
                4121316.60593024
              ],
              [
                14289705.70013376,
                4121519.7335816
              ],
              [
                14289845.28531305,
                4121719.15499413
              ],
              [
                14289990.17753775,
                4121914.7245654
              ],
              [
                14290140.27127697,
                4122106.29980061
              ],
              [
                14290295.45777159,
                4122293.7409072
              ],
              [
                14290455.62403231,
                4122476.91120175
              ],
              [
                14290620.65384157,
                4122655.67711079
              ],
              [
                14290790.42708566,
                4122829.9081715
              ],
              [
                14290964.82042258,
                4122999.47716795
              ],
              [
                14291143.7069481,
                4123164.26067344
              ],
              [
                14291326.95664107,
                4123324.13810349
              ],
              [
                14291514.43614072,
                4123478.99307065
              ],
              [
                14291706.00896937,
                4123628.71230198
              ],
              [
                14291901.53575502,
                4123773.18672318
              ],
              [
                14292100.87434267,
                4123912.31078219
              ],
              [
                14292303.87946038,
                4124045.98285624
              ],
              [
                14292510.4033872,
                4124174.10552336
              ],
              [
                14292720.2957305,
                4124296.58502149
              ],
              [
                14292933.40375992,
                4124413.33206162
              ],
              [
                14293149.57218479,
                4124524.26142227
              ],
              [
                14293368.64359933,
                4124629.29208552
              ],
              [
                14293590.45837142,
                4124728.3472377
              ],
              [
                14293814.85508776,
                4124821.35454077
              ],
              [
                14294041.67010872,
                4124908.24626835
              ],
              [
                14294270.7383475,
                4124988.95862921
              ],
              [
                14294501.89271353,
                4125063.43298654
              ],
              [
                14294734.96500308,
                4125131.61477507
              ],
              [
                14294969.78511994,
                4125193.45431407
              ],
              [
                14295206.18218871,
                4125248.90613065
              ],
              [
                14295443.9837755,
                4125297.93004354
              ],
              [
                14295683.01666718,
                4125340.49008006
              ],
              [
                14295923.10664874,
                4125376.55515351
              ],
              [
                14296164.07861463,
                4125406.0990635
              ],
              [
                14296405.757014,
                4125429.09995442
              ],
              [
                14296647.96573943,
                4125445.54112822
              ],
              [
                14296890.52812688,
                4125455.41077369
              ],
              [
                14297133.26751232,
                4125458.70142489
              ]
            ]
          ]
        ]
      },
      "geometry_name": "ag_geom",
      "properties": {
        "restricted": "<FNT name='TW Cen MT' size='6'><CLR cyan='70' magenta='10' yellow='100' black='0'>R144 <UND>300 AMSL</UND> SFC</CLR></FNT>",
        "res_lbl_1": "R144",
        "res_lbl_2": "300 AMSL",
        "res_lbl_3": "SFC"
      },
      "bbox": [
        14288138.02581618,
        4107386.66108686,
        14306128.50920847,
        4125458.70142489
      ]
    },
    {
      "type": "Feature",
      "id": "lt_c_aisresc.74",
      "geometry": {
        "type": "MultiPolygon",
        "coordinates": [
          [
            [
              [
                14391754.83468661,
                4180125.0373338
              ],
              [
                14398557.69244493,
                4173889.10500647
              ],
              [
                14386498.08097943,
                4160106.89542819
              ],
              [
                14379540.61280485,
                4166523.88039362
              ],
              [
                14391754.83468661,
                4180125.0373338
              ]
            ]
          ]
        ]
      },
      "geometry_name": "ag_geom",
      "properties": {
        "restricted": "<FNT name='TW Cen MT' size='6'><CLR cyan='70' magenta='10' yellow='100' black='0'>R143 <UND>300 AMSL</UND> SFC</CLR></FNT>",
        "res_lbl_1": "R143",
        "res_lbl_2": "300 AMSL",
        "res_lbl_3": "SFC"
      },
      "bbox": [
        14379540.61280485,
        4160106.89542819,
        14398557.69244493,
        4180125.0373338
      ]
    },
    {
      "type": "Feature",
      "id": "lt_c_aisresc.76",
      "geometry": {
        "type": "MultiPolygon",
        "coordinates": [
          [
            [
              [
                14016762.76112952,
                4094316.03178867
              ],
              [
                14017004.83148482,
                4094312.7501139
              ],
              [
                14017246.72528742,
                4094302.90752631
              ],
              [
                14017488.26642985,
                4094286.51133599
              ],
              [
                14017729.2786934,
                4094263.57345624
              ],
              [
                14017969.5865272,
                4094234.11053854
              ],
              [
                14018209.01471439,
                4094198.14410743
              ],
              [
                14018447.38881732,
                4094155.70056035
              ],
              [
                14018684.53506626,
                4094106.81089727
              ],
              [
                14018920.28069338,
                4094051.51085555
              ],
              [
                14019154.45382137,
                4093989.84063941
              ],
              [
                14019386.88379745,
                4093921.84559495
              ],
              [
                14019617.40130467,
                4093847.57512934
              ],
              [
                14019845.83836193,
                4093767.08352066
              ],
              [
                14020072.0285466,
                4093680.42964741
              ],
              [
                14020295.80710581,
                4093587.67685291
              ],
              [
                14020517.01095652,
                4093488.8928098
              ],
              [
                14020735.47890811,
                4093384.1496545
              ],
              [
                14020951.05199634,
                4093273.52385161
              ],
              [
                14021163.57326073,
                4093157.09632833
              ],
              [
                14021372.88763323,
                4093034.95193368
              ],
              [
                14021578.84305141,
                4092907.17984298
              ],
              [
                14021781.28934528,
                4092773.87342211
              ],
              [
                14021980.07923916,
                4092635.12995675
              ],
              [
                14022175.06801771,
                4092491.05078672
              ],
              [
                14022366.11363725,
                4092341.74103515
              ],
              [
                14022553.0773937,
                4092187.30960783
              ],
              [
                14022735.82292069,
                4092027.86932736
              ],
              [
                14022914.21752538,
                4091863.53639237
              ],
              [
                14023088.13129793,
                4091694.43105186
              ],
              [
                14023257.43777941,
                4091520.67625416
              ],
              [
                14023422.01396175,
                4091342.39913147
              ],
              [
                14023581.74006519,
                4091159.72937875
              ],
              [
                14023736.50020616,
                4090972.8006032
              ],
              [
                14023886.18172931,
                4090781.74897334
              ],
              [
                14024030.67598684,
                4090586.71375821
              ],
              [
                14024169.87800444,
                4090387.83732674
              ],
              [
                14024303.68670404,
                4090185.26447192
              ],
              [
                14024432.00490372,
                4089979.14308504
              ],
              [
                14024554.73965169,
                4089769.62334508
              ],
              [
                14024671.80178106,
                4089556.85798789
              ],
              [
                14024783.10635504,
                4089341.00217062
              ],
              [
                14024888.57277832,
                4089122.21293102
              ],
              [
                14024988.12457443,
                4088900.6499968
              ],
              [
                14025081.68960832,
                4088676.47457008
              ],
              [
                14025169.20019774,
                4088449.85000182
              ],
              [
                14025250.5930019,
                4088220.94138622
              ],
              [
                14025325.8091328,
                4087989.91556026
              ],
              [
                14025394.79426653,
                4087756.94056329
              ],
              [
                14025457.49853194,
                4087522.18617647
              ],
              [
                14025513.87673334,
                4087285.82324748
              ],
              [
                14025563.8883504,
                4087048.02369014
              ],
              [
                14025607.49731564,
                4086808.96088899
              ],
              [
                14025644.67223696,
                4086568.80861921
              ],
              [
                14025675.38650899,
                4086327.74172117
              ],
              [
                14025699.61842442,
                4086085.93556041
              ],
              [
                14025717.35050611,
                4085843.56616234
              ],
              [
                14025728.57028627,
                4085600.80953735
              ],
              [
                14025733.27019517,
                4085357.84249044
              ],
              [
                14025731.44711587,
                4085114.84154147
              ],
              [
                14025723.10294079,
                4084871.98359995
              ],
              [
                14025708.24390384,
                4084629.44502042
              ],
              [
                14025686.8813596,
                4084387.4022772
              ],
              [
                14025659.03133808,
                4084146.03115488
              ],
              [
                14025624.71443337,
                4083905.50715322
              ],
              [
                14025583.95591501,
                4083666.0050826
              ],
              [
                14025536.78583926,
                4083427.69879433
              ],
              [
                14025483.23904912,
                4083190.76158571
              ],
              [
                14025423.35461772,
                4082955.36539076
              ],
              [
                14025357.17673892,
                4082721.6813203
              ],
              [
                14025284.75361405,
                4082489.87912253
              ],
              [
                14025206.13845382,
                4082260.12691374
              ],
              [
                14025121.38858777,
                4082032.59171832
              ],
              [
                14025030.56613218,
                4081807.43852489
              ],
              [
                14024933.73732213,
                4081584.83082643
              ],
              [
                14024830.97273421,
                4081364.93021611
              ],
              [
                14024722.34762037,
                4081147.89625294
              ],
              [
                14024607.94112877,
                4080933.88632748
              ],
              [
                14024487.83652641,
                4080723.05593223
              ],
              [
                14024362.12153302,
                4080515.55771802
              ],
              [
                14024230.88765324,
                4080311.54243894
              ],
              [
                14024094.23051052,
                4080111.15800875
              ],
              [
                14023952.24962445,
                4079914.54963648
              ],
              [
                14023805.04852219,
                4079721.85996208
              ],
              [
                14023652.73407044,
                4079533.22878731
              ],
              [
                14023495.41725474,
                4079348.79267189
              ],
              [
                14023333.2125115,
                4079168.68533888
              ],
              [
                14023166.23783942,
                4078993.03754054
              ],
              [
                14022994.61468803,
                4078821.97638472
              ],
              [
                14022818.4678465,
                4078655.62587514
              ],
              [
                14022637.92533223,
                4078494.10664242
              ],
              [
                14022453.11850223,
                4078337.53554019
              ],
              [
                14022264.18138516,
                4078186.02618538
              ],
              [
                14022071.25157192,
                4078039.68828459
              ],
              [
                14021874.46910241,
                4077898.62790461
              ],
              [
                14021673.97691088,
                4077762.94706854
              ],
              [
                14021469.92071453,
                4077632.74416113
              ],
              [
                14021262.44856828,
                4077508.11352486
              ],
              [
                14021051.71131005,
                4077389.14519098
              ],
              [
                14020837.86189283,
                4077275.92555439
              ],
              [
                14020621.05549595,
                4077168.53656525
              ],
              [
                14020401.44963653,
                4077067.05572956
              ],
              [
                14020179.20361275,
                4076971.55691885
              ],
              [
                14019954.47883787,
                4076882.10902231
              ],
              [
                14019727.43839494,
                4076798.77675644
              ],
              [
                14019498.2470368,
                4076721.62053069
              ],
              [
                14019267.07107479,
                4076650.69631309
              ],
              [
                14019034.07826736,
                4076586.05522624
              ],
              [
                14018799.43759751,
                4076527.7442219
              ],
              [
                14018563.31949538,
                4076475.80540719
              ],
              [
                14018325.89517035,
                4076430.27631462
              ],
              [
                14018087.33694498,
                4076391.19017211
              ],
              [
                14017847.81769845,
                4076358.57495936
              ],
              [
                14017607.51142311,
                4076332.45448684
              ],
              [
                14017366.59233398,
                4076312.84745207
              ],
              [
                14017125.23509134,
                4076299.76838371
              ],
              [
                14016883.61502339,
                4076293.22642811
              ],
              [
                14016641.90723566,
                4076293.22642811
              ],
              [
                14016400.2871677,
                4076299.76838371
              ],
              [
                14016158.93003637,
                4076312.84745207
              ],
              [
                14015918.01094724,
                4076332.45448684
              ],
              [
                14015677.70456059,
                4076358.57495936
              ],
              [
                14015438.18542538,
                4076391.19017211
              ],
              [
                14015199.62708869,
                4076430.27631462
              ],
              [
                14014962.20276366,
                4076475.80540719
              ],
              [
                14014726.08466154,
                4076527.7442219
              ],
              [
                14014491.444103,
                4076586.05522624
              ],
              [
                14014258.45129558,
                4076650.69631309
              ],
              [
                14014027.27533357,
                4076721.62053069
              ],
              [
                14013798.08397543,
                4076798.77675644
              ],
              [
                14013571.04342118,
                4076882.10902231
              ],
              [
                14013346.31864629,
                4076971.55691885
              ],
              [
                14013124.07273383,
                4077067.05572956
              ],
              [
                14012904.46676309,
                4077168.53656525
              ],
              [
                14012687.66047754,
                4077275.92555439
              ],
              [
                14012473.81094899,
                4077389.14519098
              ],
              [
                14012263.07369076,
                4077508.11352486
              ],
              [
                14012055.60165584,
                4077632.74416113
              ],
              [
                14011851.54534817,
                4077762.94706854
              ],
              [
                14011651.05326795,
                4077898.62790461
              ],
              [
                14011454.27068713,
                4078039.68828459
              ],
              [
                14011261.34087389,
                4078186.02618538
              ],
              [
                14011072.40386815,
                4078337.53554019
              ],
              [
                14010887.59692682,
                4078494.10664242
              ],
              [
                14010707.05441256,
                4078655.62587514
              ],
              [
                14010530.90757102,
                4078821.97638472
              ],
              [
                14010359.28441963,
                4078993.03754054
              ],
              [
                14010192.30974754,
                4079168.68533888
              ],
              [
                14010030.10511563,
                4079348.79267189
              ],
              [
                14009872.78829993,
                4079533.22878731
              ],
              [
                14009720.47384817,
                4079721.85996208
              ],
              [
                14009573.27263458,
                4079914.54963648
              ],
              [
                14009431.29174853,
                4080111.15800875
              ],
              [
                14009294.63471712,
                4080311.54243894
              ],
              [
                14009163.40083734,
                4080515.55771802
              ],
              [
                14009037.68584396,
                4080723.05593223
              ],
              [
                14008917.58124158,
                4080933.88632748
              ],
              [
                14008803.17463867,
                4081147.89625294
              ],
              [
                14008694.54952484,
                4081364.93021611
              ],
              [
                14008591.78504823,
                4081584.83082643
              ],
              [
                14008494.95623819,
                4081807.43852489
              ],
              [
                14008404.13367128,
                4082032.59171832
              ],
              [
                14008319.38391655,
                4082260.12691374
              ],
              [
                14008240.768645,
                4082489.87912253
              ],
              [
                14008168.34563145,
                4082721.6813203
              ],
              [
                14008102.16764132,
                4082955.36539076
              ],
              [
                14008042.28332125,
                4083190.76158571
              ],
              [
                14007988.73641978,
                4083427.69879433
              ],
              [
                14007941.56645535,
                4083666.0050826
              ],
              [
                14007900.80793699,
                4083905.50715322
              ],
              [
                14007866.49092097,
                4084146.03115488
              ],
              [
                14007838.64089944,
                4084387.4022772
              ],
              [
                14007817.2783552,
                4084629.44502042
              ],
              [
                14007802.41942957,
                4084871.98359995
              ],
              [
                14007794.07514318,
                4085114.84154147
              ],
              [
                14007792.25206388,
                4085357.84249044
              ],
              [
                14007796.95197278,
                4085600.80953735
              ],
              [
                14007808.17186426,
                4085843.56616234
              ],
              [
                14007825.90394594,
                4086085.93556041
              ],
              [
                14007850.13575006,
                4086327.74172117
              ],
              [
                14007880.85013341,
                4086568.80861921
              ],
              [
                14007918.02505471,
                4086808.96088899
              ],
              [
                14007961.63401996,
                4087048.02369014
              ],
              [
                14008011.64552571,
                4087285.82324748
              ],
              [
                14008068.02383842,
                4087522.18617647
              ],
              [
                14008130.72810383,
                4087756.94056329
              ],
              [
                14008199.71323755,
                4087989.91556026
              ],
              [
                14008274.92936845,
                4088220.94138622
              ],
              [
                14008356.32217263,
                4088449.85000182
              ],
              [
                14008443.83265072,
                4088676.47457008
              ],
              [
                14008537.39779594,
                4088900.6499968
              ],
              [
                14008636.94959203,
                4089122.21293102
              ],
              [
                14008742.415904,
                4089341.00217062
              ],
              [
                14008853.7205893,
                4089556.85798789
              ],
              [
                14008970.78260735,
                4089769.62334508
              ],
              [
                14009093.51735532,
                4089979.14308504
              ],
              [
                14009221.83566632,
                4090185.26447192
              ],
              [
                14009355.64436592,
                4090387.83732674
              ],
              [
                14009494.84638354,
                4090586.71375821
              ],
              [
                14009639.34064105,
                4090781.74897334
              ],
              [
                14009789.02216421,
                4090972.8006032
              ],
              [
                14009943.78219385,
                4091159.72937875
              ],
              [
                14010103.50840862,
                4091342.39913147
              ],
              [
                14010268.08459096,
                4091520.67625416
              ],
              [
                14010437.39107243,
                4091694.43105186
              ],
              [
                14010611.30484497,
                4091863.53639237
              ],
              [
                14010789.69933834,
                4092027.86932736
              ],
              [
                14010972.44497667,
                4092187.30960783
              ],
              [
                14011159.4086218,
                4092341.74103515
              ],
              [
                14011350.45435266,
                4092491.05078672
              ],
              [
                14011545.44313121,
                4092635.12995675
              ],
              [
                14011744.23302508,
                4092773.87342211
              ],
              [
                14011946.67931896,
                4092907.17984298
              ],
              [
                14012152.63462582,
                4093034.95193368
              ],
              [
                14012361.94910964,
                4093157.09632833
              ],
              [
                14012574.4702627,
                4093273.52385161
              ],
              [
                14012790.04335093,
                4093384.1496545
              ],
              [
                14013008.51141383,
                4093488.8928098
              ],
              [
                14013229.71526456,
                4093587.67685291
              ],
              [
                14013453.49371244,
                4093680.42964741
              ],
              [
                14013679.68389711,
                4093767.08352066
              ],
              [
                14013908.12095438,
                4093847.57512934
              ],
              [
                14014138.63846161,
                4093921.84559495
              ],
              [
                14014371.068549,
                4093989.84063941
              ],
              [
                14014605.24156566,
                4094051.51085555
              ],
              [
                14014840.98719278,
                4094106.81089727
              ],
              [
                14015078.13344172,
                4094155.70056035
              ],
              [
                14015316.50754465,
                4094198.14410743
              ],
              [
                14015555.93573184,
                4094234.11053854
              ],
              [
                14015796.24356565,
                4094263.57345624
              ],
              [
                14016037.2559405,
                4094286.51133599
              ],
              [
                14016278.79697163,
                4094302.90752631
              ],
              [
                14016520.69088553,
                4094312.7501139
              ],
              [
                14016762.76112952,
                4094316.03178867
              ]
            ]
          ]
        ]
      },
      "geometry_name": "ag_geom",
      "properties": {
        "restricted": "<FNT name='TW Cen MT' size='6'><CLR cyan='70' magenta='10' yellow='100' black='0'>R148B <UND>300 AMSL</UND> SFC</CLR></FNT>",
        "res_lbl_1": "R148B",
        "res_lbl_2": "300 AMSL",
        "res_lbl_3": "SFC"
      },
      "bbox": [
        14007792.25206388,
        4076293.22642811,
        14025733.27019517,
        4094316.03178867
      ]
    },
    {
      "type": "Feature",
      "id": "lt_c_aisresc.75",
      "geometry": {
        "type": "MultiPolygon",
        "coordinates": [
          [
            [
              [
                14122516.27738314,
                4049391.97682219
              ],
              [
                14122757.61035813,
                4049389.35666802
              ],
              [
                14122998.83034384,
                4049381.49768882
              ],
              [
                14123239.82479627,
                4049368.40325844
              ],
              [
                14123480.48094876,
                4049350.07985184
              ],
              [
                14123720.68636862,
                4049326.53583443
              ],
              [
                14123960.32851187,
                4049297.78240363
              ],
              [
                14124199.29561373,
                4049263.83291619
              ],
              [
                14124437.47568679,
                4049224.70329165
              ],
              [
                14124674.7576342,
                4049180.41187773
              ],
              [
                14124911.03047042,
                4049130.97958472
              ],
              [
                14125146.18354388,
                4049076.42934726
              ],
              [
                14125380.10720489,
                4049016.78706578
              ],
              [
                14125612.69191506,
                4048952.08039573
              ],
              [
                14125843.82913789,
                4048882.33982349
              ],
              [
                14126073.41067085,
                4048807.5979936
              ],
              [
                14126301.32920192,
                4048727.88997755
              ],
              [
                14126527.47842101,
                4048643.25313907
              ],
              [
                14126751.75257459,
                4048553.72699934
              ],
              [
                14126974.0466884,
                4048459.35390933
              ],
              [
                14127194.25712398,
                4048360.17770438
              ],
              [
                14127412.2809108,
                4048256.24504905
              ],
              [
                14127628.01619152,
                4048147.60462977
              ],
              [
                14127841.36233333,
                4048034.30728901
              ],
              [
                14128052.21948265,
                4047916.40629403
              ],
              [
                14128260.48923304,
                4047793.95666398
              ],
              [
                14128466.07429128,
                4047667.01597663
              ],
              [
                14128668.87881128,
                4047535.643561
              ],
              [
                14128868.80806014,
                4047399.90103499
              ],
              [
                14129065.76864083,
                4047259.85203608
              ],
              [
                14129259.66871476,
                4047115.5619519
              ],
              [
                14129450.41766786,
                4046967.0985924
              ],
              [
                14129637.92666718,
                4046814.53138247
              ],
              [
                14129822.10799297,
                4046657.93189957
              ],
              [
                14130002.87592919,
                4046497.37333534
              ],
              [
                14130180.14620703,
                4046332.93076424
              ],
              [
                14130353.83589345,
                4046164.68154655
              ],
              [
                14130523.86428181,
                4045992.70411772
              ],
              [
                14130690.15189001,
                4045817.07906373
              ],
              [
                14130852.62146231,
                4045637.88858288
              ],
              [
                14131011.19707882,
                4045455.21661979
              ],
              [
                14131165.8048234,
                4045269.14859613
              ],
              [
                14131316.37289498,
                4045079.77154463
              ],
              [
                14131462.83105096,
                4044887.17424326
              ],
              [
                14131605.11116381,
                4044691.44667689
              ],
              [
                14131743.14688711,
                4044492.68030589
              ],
              [
                14131876.87410085,
                4044290.96820024
              ],
              [
                14132006.23057741,
                4044086.40477018
              ],
              [
                14132131.15609297,
                4043879.08563144
              ],
              [
                14132251.59253874,
                4043669.10773932
              ],
              [
                14132367.48403233,
                4043456.56911946
              ],
              [
                14132478.77669513,
                4043241.56927085
              ],
              [
                14132585.41887488,
                4043024.20876213
              ],
              [
                14132687.36092309,
                4042804.58909684
              ],
              [
                14132784.55564029,
                4042582.81284759
              ],
              [
                14132876.95794209,
                4042358.98365571
              ],
              [
                14132964.5249705,
                4042133.20623099
              ],
              [
                14133047.21620521,
                4041905.58608253
              ],
              [
                14133124.99312968,
                4041676.22924962
              ],
              [
                14133197.82001034,
                4041445.24310804
              ],
              [
                14133265.66311741,
                4041212.73542888
              ],
              [
                14133328.49094746,
                4040978.81491598
              ],
              [
                14133386.27455742,
                4040743.59053361
              ],
              [
                14133438.98745326,
                4040507.17231285
              ],
              [
                14133486.60514469,
                4040269.6705448
              ],
              [
                14133529.1059244,
                4040031.19604934
              ],
              [
                14133566.47020015,
                4039791.86017496
              ],
              [
                14133598.68082878,
                4039551.77439539
              ],
              [
                14133625.72322739,
                4039311.05098149
              ],
              [
                14133647.58492824,
                4039069.80219479
              ],
              [
                14133664.2562465,
                4038828.14042172
              ],
              [
                14133675.72972377,
                4038586.17844245
              ],
              [
                14133682.00023937,
                4038344.02902754
              ],
              [
                14133683.06523294,
                4038101.80520679
              ],
              [
                14133678.92459316,
                4037859.61973158
              ],
              [
                14133669.58054642,
                4037617.58574686
              ],
              [
                14133655.03776814,
                4037375.81571607
              ],
              [
                14133635.30338278,
                4037134.42263061
              ],
              [
                14133610.38696379,
                4036893.51880048
              ],
              [
                14133580.30031105,
                4036653.21639186
              ],
              [
                14133545.05789611,
                4036413.62756155
              ],
              [
                14133504.67641686,
                4036174.86378525
              ],
              [
                14133459.17502027,
                4035937.03626071
              ],
              [
                14133408.57519101,
                4035700.25563923
              ],
              [
                14133352.90086276,
                4035464.63242879
              ],
              [
                14133292.17830692,
                4035230.27605377
              ],
              [
                14133226.43602129,
                4034997.29566126
              ],
              [
                14133155.70495268,
                4034765.79985251
              ],
              [
                14133080.01849692,
                4034535.89628008
              ],
              [
                14132999.41205364,
                4034307.69178245
              ],
              [
                14132913.92358277,
                4034081.29278729
              ],
              [
                14132823.59293669,
                4033856.80437125
              ],
              [
                14132728.46275076,
                4033634.33120065
              ],
              [
                14132628.57744146,
                4033413.97645706
              ],
              [
                14132523.98387431,
                4033195.84291223
              ],
              [
                14132414.73091853,
                4032980.03171939
              ],
              [
                14132300.86966981,
                4032766.64348822
              ],
              [
                14132182.45356148,
                4032555.77734486
              ],
              [
                14132059.53791933,
                4032347.53106658
              ],
              [
                14131932.1800729,
                4032142.00175369
              ],
              [
                14131800.43957811,
                4031939.28475534
              ],
              [
                14131664.37810598,
                4031739.47447578
              ],
              [
                14131524.0591086,
                4031542.66343447
              ],
              [
                14131379.54815315,
                4031348.94334105
              ],
              [
                14131230.91269925,
                4031158.40402108
              ],
              [
                14131078.22198762,
                4030971.13408806
              ],
              [
                14130921.54737405,
                4030787.22040655
              ],
              [
                14130760.96199546,
                4030606.74849544
              ],
              [
                14130596.54065853,
                4030429.80225975
              ],
              [
                14130428.36017371,
                4030256.46358815
              ],
              [
                14130256.4986873,
                4030086.81302474
              ],
              [
                14130081.03657195,
                4029920.92950096
              ],
              [
                14129902.05553619,
                4029758.88993302
              ],
              [
                14129719.63884696,
                4029600.76949089
              ],
              [
                14129533.87166372,
                4029446.64159868
              ],
              [
                14129344.84048168,
                4029296.57780075
              ],
              [
                14129152.63335457,
                4029150.64762779
              ],
              [
                14128957.33967194,
                4029008.91886578
              ],
              [
                14128759.05049313,
                4028871.45742205
              ],
              [
                14128557.85821331,
                4028738.32678856
              ],
              [
                14128353.85634088,
                4028609.58898216
              ],
              [
                14128147.13983134,
                4028485.3034708
              ],
              [
                14127937.80508738,
                4028365.52811376
              ],
              [
                14127725.9492909,
                4028250.31849062
              ],
              [
                14127511.67118231,
                4028139.72776731
              ],
              [
                14127295.07039255,
                4028033.80750213
              ],
              [
                14127076.24777706,
                4027932.60670605
              ],
              [
                14126855.30497055,
                4027836.17224595
              ],
              [
                14126632.34494356,
                4027744.54897909
              ],
              [
                14126407.47133452,
                4027657.77921637
              ],
              [
                14126180.7885611,
                4027575.90339389
              ],
              [
                14125952.40226553,
                4027498.95926769
              ],
              [
                14125722.41864657,
                4027426.98271948
              ],
              [
                14125490.94445965,
                4027360.00681711
              ],
              [
                14125258.087462,
                4027298.06302312
              ],
              [
                14125023.9559675,
                4027241.17958381
              ],
              [
                14124788.6587353,
                4027189.3832748
              ],
              [
                14124552.30530376,
                4027142.69792439
              ],
              [
                14124315.00532261,
                4027101.145085
              ],
              [
                14124076.86933207,
                4027064.74416751
              ],
              [
                14123838.0078724,
                4027033.51203873
              ],
              [
                14123598.53204047,
                4027007.46302144
              ],
              [
                14123358.55304445,
                4026986.60943153
              ],
              [
                14123118.18264909,
                4026970.96063829
              ],
              [
                14122877.53250784,
                4026960.52413851
              ],
              [
                14122636.71449682,
                4026955.30475105
              ],
              [
                14122395.84038077,
                4026955.30475105
              ],
              [
                14122155.02225841,
                4026960.52413851
              ],
              [
                14121914.37211718,
                4026970.96063829
              ],
              [
                14121674.00172182,
                4026986.60943153
              ],
              [
                14121434.02283711,
                4027007.46302144
              ],
              [
                14121194.54700518,
                4027033.51203873
              ],
              [
                14120955.68554551,
                4027064.74416751
              ],
              [
                14120717.54944366,
                4027101.145085
              ],
              [
                14120480.24957381,
                4027142.69792439
              ],
              [
                14120243.89603097,
                4027189.3832748
              ],
              [
                14120008.59879877,
                4027241.17958381
              ],
              [
                14119774.46730427,
                4027298.06302312
              ],
              [
                14119541.61030662,
                4027360.00681711
              ],
              [
                14119310.136231,
                4027426.98271948
              ],
              [
                14119080.15250073,
                4027498.95926769
              ],
              [
                14118851.76620515,
                4027575.90339389
              ],
              [
                14118625.08354307,
                4027657.77921637
              ],
              [
                14118400.2098227,
                4027744.54897909
              ],
              [
                14118177.2497957,
                4027836.17224595
              ],
              [
                14117956.30710053,
                4027932.60670605
              ],
              [
                14117737.48437372,
                4028033.80750213
              ],
              [
                14117520.88358395,
                4028139.72776731
              ],
              [
                14117306.60547537,
                4028250.31849062
              ],
              [
                14117094.74979021,
                4028365.52811376
              ],
              [
                14116885.41493493,
                4028485.3034708
              ],
              [
                14116678.6985367,
                4028609.58898216
              ],
              [
                14116474.69666426,
                4028738.32678856
              ],
              [
                14116273.50427313,
                4028871.45742205
              ],
              [
                14116075.21509432,
                4029008.91886578
              ],
              [
                14115879.92152302,
                4029150.64762779
              ],
              [
                14115687.71428458,
                4029296.57780075
              ],
              [
                14115498.68310255,
                4029446.64159868
              ],
              [
                14115312.91591929,
                4029600.76949089
              ],
              [
                14115130.4993414,
                4029758.88993302
              ],
              [
                14114951.51819432,
                4029920.92950096
              ],
              [
                14114776.05607897,
                4030086.81302474
              ],
              [
                14114604.19470387,
                4030256.46358815
              ],
              [
                14114436.01410774,
                4030429.80225975
              ],
              [
                14114271.59277081,
                4030606.74849544
              ],
              [
                14114111.0073922,
                4030787.22040655
              ],
              [
                14113954.33277864,
                4030971.13408806
              ],
              [
                14113801.64217833,
                4031158.40402108
              ],
              [
                14113653.00661311,
                4031348.94334105
              ],
              [
                14113508.49565767,
                4031542.66343447
              ],
              [
                14113368.17666029,
                4031739.47447578
              ],
              [
                14113232.11518814,
                4031939.28475534
              ],
              [
                14113100.37480469,
                4032142.00175369
              ],
              [
                14112973.01695825,
                4032347.53106658
              ],
              [
                14112850.10120479,
                4032555.77734486
              ],
              [
                14112731.68509645,
                4032766.64348822
              ],
              [
                14112617.82395904,
                4032980.03171939
              ],
              [
                14112508.57100328,
                4033195.84291223
              ],
              [
                14112403.9773248,
                4033413.97645706
              ],
              [
                14112304.09201551,
                4033634.33120065
              ],
              [
                14112208.96182958,
                4033856.80437125
              ],
              [
                14112118.63129482,
                4034081.29278729
              ],
              [
                14112033.14271263,
                4034307.69178245
              ],
              [
                14111952.53626934,
                4034535.89628008
              ],
              [
                14111876.84981359,
                4034765.79985251
              ],
              [
                14111806.1188563,
                4034997.29566126
              ],
              [
                14111740.37657066,
                4035230.27605377
              ],
              [
                14111679.65401482,
                4035464.63242879
              ],
              [
                14111623.97968658,
                4035700.25563923
              ],
              [
                14111573.37985731,
                4035937.03626071
              ],
              [
                14111527.87846072,
                4036174.86378525
              ],
              [
                14111487.49698148,
                4036413.62756155
              ],
              [
                14111452.25445521,
                4036653.21639186
              ],
              [
                14111422.1679138,
                4036893.51880048
              ],
              [
                14111397.25138349,
                4037134.42263061
              ],
              [
                14111377.51699812,
                4037375.81571607
              ],
              [
                14111362.97421985,
                4037617.58574686
              ],
              [
                14111353.63017311,
                4037859.61973158
              ],
              [
                14111349.48953333,
                4038101.80520679
              ],
              [
                14111350.5545269,
                4038344.02902754
              ],
              [
                14111356.82515382,
                4038586.17844245
              ],
              [
                14111368.29851977,
                4038828.14042172
              ],
              [
                14111384.96983803,
                4039069.80219479
              ],
              [
                14111406.83165019,
                4039311.05098149
              ],
              [
                14111433.87404881,
                4039551.77439539
              ],
              [
                14111466.08467742,
                4039791.86017496
              ],
              [
                14111503.44895319,
                4040031.19604934
              ],
              [
                14111545.94962158,
                4040269.6705448
              ],
              [
                14111593.56742433,
                4040507.17231285
              ],
              [
                14111646.28020885,
                4040743.59053361
              ],
              [
                14111704.06393013,
                4040978.81491598
              ],
              [
                14111766.89176018,
                4041212.73542888
              ],
              [
                14111834.73475591,
                4041445.24310804
              ],
              [
                14111907.56163659,
                4041676.22924962
              ],
              [
                14111985.33867237,
                4041905.58608253
              ],
              [
                14112068.02979576,
                4042133.20623099
              ],
              [
                14112155.59682416,
                4042358.98365571
              ],
              [
                14112247.99912598,
                4042582.81284759
              ],
              [
                14112345.19384318,
                4042804.58909684
              ],
              [
                14112447.13600271,
                4043024.20876213
              ],
              [
                14112553.77807114,
                4043241.56927085
              ],
              [
                14112665.07073392,
                4043456.56911946
              ],
              [
                14112780.96222752,
                4043669.10773932
              ],
              [
                14112901.39878462,
                4043879.08563144
              ],
              [
                14113026.32430018,
                4044086.40477018
              ],
              [
                14113155.68066542,
                4044290.96820024
              ],
              [
                14113289.40787915,
                4044492.68030589
              ],
              [
                14113427.44371378,
                4044691.44667689
              ],
              [
                14113569.72371531,
                4044887.17424326
              ],
              [
                14113716.18187129,
                4045079.77154463
              ],
              [
                14113866.74994287,
                4045269.14859613
              ],
              [
                14114021.35779877,
                4045455.21661979
              ],
              [
                14114179.93341528,
                4045637.88858288
              ],
              [
                14114342.40287626,
                4045817.07906373
              ],
              [
                14114508.69059577,
                4045992.70411772
              ],
              [
                14114678.71887282,
                4046164.68154655
              ],
              [
                14114852.40867054,
                4046332.93076424
              ],
              [
                14115029.67883706,
                4046497.37333534
              ],
              [
                14115210.4467733,
                4046657.93189957
              ],
              [
                14115394.62821041,
                4046814.53138247
              ],
              [
                14115582.1370984,
                4046967.0985924
              ],
              [
                14115772.88616283,
                4047115.5619519
              ],
              [
                14115966.78612543,
                4047259.85203608
              ],
              [
                14116163.74670611,
                4047399.90103499
              ],
              [
                14116363.67595499,
                4047535.643561
              ],
              [
                14116566.48047498,
                4047667.01597663
              ],
              [
                14116772.06564454,
                4047793.95666398
              ],
              [
                14116980.33539494,
                4047916.40629403
              ],
              [
                14117191.19254425,
                4048034.30728901
              ],
              [
                14117404.53857475,
                4048147.60462977
              ],
              [
                14117620.27385547,
                4048256.24504905
              ],
              [
                14117838.29764229,
                4048360.17770438
              ],
              [
                14118058.50807787,
                4048459.35390933
              ],
              [
                14118280.80230299,
                4048553.72699934
              ],
              [
                14118505.07634525,
                4048643.25313907
              ],
              [
                14118731.22556435,
                4048727.88997755
              ],
              [
                14118959.14420674,
                4048807.5979936
              ],
              [
                14119188.72573969,
                4048882.33982349
              ],
              [
                14119419.86285121,
                4048952.08039573
              ],
              [
                14119652.44756138,
                4049016.78706578
              ],
              [
                14119886.37122238,
                4049076.42934726
              ],
              [
                14120121.52440717,
                4049130.97958472
              ],
              [
                14120357.79713207,
                4049180.41187773
              ],
              [
                14120595.07907948,
                4049224.70329165
              ],
              [
                14120833.25926385,
                4049263.83291619
              ],
              [
                14121072.22625438,
                4049297.78240363
              ],
              [
                14121311.86850895,
                4049326.53583443
              ],
              [
                14121552.07381751,
                4049350.07985184
              ],
              [
                14121792.72997,
                4049368.40325844
              ],
              [
                14122033.72442243,
                4049381.49768882
              ],
              [
                14122274.94451946,
                4049389.35666802
              ],
              [
                14122516.27738314,
                4049391.97682219
              ]
            ]
          ]
        ]
      },
      "geometry_name": "ag_geom",
      "properties": {
        "restricted": "<FNT name='TW Cen MT' size='6'><CLR cyan='70' magenta='10' yellow='100' black='0'>R146 <UND>300 AMSL</UND> SFC</CLR></FNT>",
        "res_lbl_1": "R146",
        "res_lbl_2": "300 AMSL",
        "res_lbl_3": "SFC"
      },
      "bbox": [
        14111349.48953333,
        4026955.30475105,
        14133683.06523294,
        4049391.97682219
      ]
    },
    {
      "type": "Feature",
      "id": "lt_c_aisresc.77",
      "geometry": {
        "type": "MultiPolygon",
        "coordinates": [
          [
            [
              [
                14051117.19285919,
                4136895.01917028
              ],
              [
                14051359.50989848,
                4136889.77799927
              ],
              [
                14051601.37742968,
                4136874.06385513
              ],
              [
                14051842.34705785,
                4136847.90620003
              ],
              [
                14052081.97183526,
                4136811.3536401
              ],
              [
                14052319.80737449,
                4136764.47378911
              ],
              [
                14052555.41273905,
                4136707.35394541
              ],
              [
                14052788.35088861,
                4136640.10014177
              ],
              [
                14053018.19001486,
                4136562.83727943
              ],
              [
                14053244.50398679,
                4136475.70871984
              ],
              [
                14053466.87301861,
                4136378.87655373
              ],
              [
                14053684.88511688,
                4136272.52024347
              ],
              [
                14053898.13596921,
                4136156.83743406
              ],
              [
                14054106.23050273,
                4136032.0428662
              ],
              [
                14054308.78288407,
                4135898.36823802
              ],
              [
                14054505.41774394,
                4135756.06179564
              ],
              [
                14054695.77095624,
                4135605.3876525
              ],
              [
                14054879.48963822,
                4135446.62537965
              ],
              [
                14055056.2335975,
                4135280.06973156
              ],
              [
                14055225.67555479,
                4135106.02982969
              ],
              [
                14055387.50170043,
                4134924.82861718
              ],
              [
                14055541.41236237,
                4134736.80217785
              ],
              [
                14055687.12278532,
                4134542.29959757
              ],
              [
                14055824.36324219,
                4134341.6814702
              ],
              [
                14055952.87992452,
                4134135.32003004
              ],
              [
                14056072.43505388,
                4133923.59806459
              ],
              [
                14056182.80766108,
                4133706.90823405
              ],
              [
                14056283.79380882,
                4133485.65225542
              ],
              [
                14056375.20681431,
                4133260.24035775
              ],
              [
                14056456.87791721,
                4133031.09033116
              ],
              [
                14056528.65650222,
                4132798.62725348
              ],
              [
                14056590.41009919,
                4132563.28159104
              ],
              [
                14056642.02493957,
                4132325.48987442
              ],
              [
                14056683.40617916,
                4132085.69239312
              ],
              [
                14056714.47767542,
                4131844.33360084
              ],
              [
                14056735.18265544,
                4131601.86048828
              ],
              [
                14056745.48338188,
                4131358.72231131
              ],
              [
                14056745.36148704,
                4131115.36923543
              ],
              [
                14056734.81797279,
                4130872.25192897
              ],
              [
                14056713.87276532,
                4130629.82061465
              ],
              [
                14056682.56560569,
                4130388.5239859
              ],
              [
                14056640.95493662,
                4130148.80880087
              ],
              [
                14056589.11857046,
                4129911.11866393
              ],
              [
                14056527.15302119,
                4129675.89348475
              ],
              [
                14056455.17361581,
                4129443.56853124
              ],
              [
                14056373.31427165,
                4129214.5734828
              ],
              [
                14056281.72705116,
                4128989.33202561
              ],
              [
                14056180.5820505,
                4128768.26090638
              ],
              [
                14056070.06695435,
                4128551.76871526
              ],
              [
                14055950.38692451,
                4128340.25615925
              ],
              [
                14055821.76382076,
                4128134.11403265
              ],
              [
                14055684.43620073,
                4127933.7234908
              ],
              [
                14055538.65842947,
                4127739.45524009
              ],
              [
                14055384.70090205,
                4127551.66805088
              ],
              [
                14055222.84859632,
                4127370.70903142
              ],
              [
                14055053.40140703,
                4127196.91281826
              ],
              [
                14054876.67314378,
                4127030.60049567
              ],
              [
                14054692.9909746,
                4126872.07919254
              ],
              [
                14054502.69498051,
                4126721.64195002
              ],
              [
                14054306.13737638,
                4126579.56664103
              ],
              [
                14054103.6819543,
                4126446.1157025
              ],
              [
                14053895.70330437,
                4126321.53573197
              ],
              [
                14053682.58614676,
                4126206.05667784
              ],
              [
                14053464.7248864,
                4126099.89184215
              ],
              [
                14053242.52249985,
                4126003.23734145
              ],
              [
                14053016.38997868,
                4125916.27170292
              ],
              [
                14052786.74555022,
                4125839.1554604
              ],
              [
                14052554.01389833,
                4125772.03102104
              ],
              [
                14052318.62560678,
                4125715.02239631
              ],
              [
                14052081.01571215,
                4125668.23466197
              ],
              [
                14051841.62370379,
                4125631.75423031
              ],
              [
                14051600.89218801,
                4125605.64871594
              ],
              [
                14051359.26633144,
                4125589.96598872
              ],
              [
                14051117.19285919,
                4125584.73525781
              ],
              [
                14050875.11949826,
                4125589.96598872
              ],
              [
                14050633.49364168,
                4125605.64871594
              ],
              [
                14050392.7621259,
                4125631.75423031
              ],
              [
                14050153.37011754,
                4125668.23466197
              ],
              [
                14049915.76022292,
                4125715.02239631
              ],
              [
                14049680.37182006,
                4125772.03102104
              ],
              [
                14049447.64027947,
                4125839.1554604
              ],
              [
                14049217.99585101,
                4125916.27170292
              ],
              [
                14048991.86332984,
                4126003.23734145
              ],
              [
                14048769.6609433,
                4126099.89184215
              ],
              [
                14048551.79968294,
                4126206.05667784
              ],
              [
                14048338.68252532,
                4126321.53573197
              ],
              [
                14048130.70387538,
                4126446.1157025
              ],
              [
                14047928.248342,
                4126579.56664103
              ],
              [
                14047731.69073787,
                4126721.64195002
              ],
              [
                14047541.39474377,
                4126872.07919254
              ],
              [
                14047357.71268591,
                4127030.60049567
              ],
              [
                14047180.98442268,
                4127196.91281826
              ],
              [
                14047011.53723337,
                4127370.70903142
              ],
              [
                14046849.68492765,
                4127551.66805088
              ],
              [
                14046695.7272889,
                4127739.45524009
              ],
              [
                14046549.94962896,
                4127933.7234908
              ],
              [
                14046412.62200894,
                4128134.11403265
              ],
              [
                14046283.99890518,
                4128340.25615925
              ],
              [
                14046164.31876404,
                4128551.76871526
              ],
              [
                14046053.8037792,
                4128768.26090638
              ],
              [
                14045952.65877855,
                4128989.33202561
              ],
              [
                14045861.07155804,
                4129214.5734828
              ],
              [
                14045779.21210258,
                4129443.56853124
              ],
              [
                14045707.23280851,
                4129675.89348475
              ],
              [
                14045645.26725923,
                4129911.11866393
              ],
              [
                14045593.43078175,
                4130148.80880087
              ],
              [
                14045551.82022401,
                4130388.5239859
              ],
              [
                14045520.51295305,
                4130629.82061465
              ],
              [
                14045499.56785691,
                4130872.25192897
              ],
              [
                14045489.02423133,
                4131115.36923543
              ],
              [
                14045488.9023365,
                4131358.72231131
              ],
              [
                14045499.20317425,
                4131601.86048828
              ],
              [
                14045519.90815427,
                4131844.33360084
              ],
              [
                14045550.97965053,
                4132085.69239312
              ],
              [
                14045592.36077881,
                4132325.48987442
              ],
              [
                14045643.97573051,
                4132563.28159104
              ],
              [
                14045705.72932747,
                4132798.62725348
              ],
              [
                14045777.50780118,
                4133031.09033116
              ],
              [
                14045859.17901539,
                4133260.24035775
              ],
              [
                14045950.59202088,
                4133485.65225542
              ],
              [
                14046051.5780573,
                4133706.90823405
              ],
              [
                14046161.95066451,
                4133923.59806459
              ],
              [
                14046281.50590518,
                4134135.32003004
              ],
              [
                14046410.02258751,
                4134341.6814702
              ],
              [
                14046547.26304437,
                4134542.29959757
              ],
              [
                14046692.97346734,
                4134736.80217785
              ],
              [
                14046846.88412927,
                4134924.82861718
              ],
              [
                14047008.71027491,
                4135106.02982969
              ],
              [
                14047178.15212087,
                4135280.06973156
              ],
              [
                14047354.89619147,
                4135446.62537965
              ],
              [
                14047538.61487345,
                4135605.3876525
              ],
              [
                14047728.96797445,
                4135756.06179564
              ],
              [
                14047925.60294562,
                4135898.36823802
              ],
              [
                14048128.15532697,
                4136032.0428662
              ],
              [
                14048336.24974916,
                4136156.83743406
              ],
              [
                14048549.50071282,
                4136272.52024347
              ],
              [
                14048767.51269977,
                4136378.87655373
              ],
              [
                14048989.88184291,
                4136475.70871984
              ],
              [
                14049216.19570353,
                4136562.83727943
              ],
              [
                14049446.03482978,
                4136640.10014177
              ],
              [
                14049678.97309066,
                4136707.35394541
              ],
              [
                14049914.57834388,
                4136764.47378911
              ],
              [
                14050152.41399443,
                4136811.3536401
              ],
              [
                14050392.03877185,
                4136847.90620003
              ],
              [
                14050633.00840003,
                4136874.06385513
              ],
              [
                14050874.87593121,
                4136889.77799927
              ],
              [
                14051117.19285919,
                4136895.01917028
              ]
            ]
          ]
        ]
      },
      "geometry_name": "ag_geom",
      "properties": {
        "restricted": "<FNT name='TW Cen MT' size='6'><CLR cyan='70' magenta='10' yellow='100' black='0'>R148A <UND>300 AMSL</UND> SFC</CLR></FNT>",
        "res_lbl_1": "R148A",
        "res_lbl_2": "300 AMSL",
        "res_lbl_3": "SFC"
      },
      "bbox": [
        14045488.9023365,
        4125584.73525781,
        14056745.48338188,
        4136895.01917028
      ]
    },
    {
      "type": "Feature",
      "id": "lt_c_aisresc.78",
      "geometry": {
        "type": "MultiPolygon",
        "coordinates": [
          [
            [
              [
                14452980.5546229,
                4358122.56940548
              ],
              [
                14453228.70001677,
                4358119.87578162
              ],
              [
                14453476.72930442,
                4358111.79615907
              ],
              [
                14453724.52660224,
                4358098.3344233
              ],
              [
                14453971.97591534,
                4358079.49681953
              ],
              [
                14454218.96158276,
                4358055.29222929
              ],
              [
                14454465.36816619,
                4358025.73189375
              ],
              [
                14454711.08022731,
                4357990.8298286
              ],
              [
                14454955.98299574,
                4357950.60240894
              ],
              [
                14455199.96203504,
                4357905.06836921
              ],
              [
                14455442.90313139,
                4357854.24907964
              ],
              [
                14455684.69262761,
                4357798.16854617
              ],
              [
                14455925.21764575,
                4357736.85285686
              ],
              [
                14456164.36564178,
                4357670.33101179
              ],
              [
                14456402.02485094,
                4357598.63409275
              ],
              [
                14456638.08406505,
                4357521.79567812
              ],
              [
                14456872.43307784,
                4357439.85184254
              ],
              [
                14457104.9623509,
                4357352.84101835
              ],
              [
                14457335.5630138,
                4357260.80399535
              ],
              [
                14457564.12742055,
                4357163.78405881
              ],
              [
                14457790.5488158,
                4357061.82657414
              ],
              [
                14458014.72133468,
                4356954.97926337
              ],
              [
                14458236.54022559,
                4356843.29248131
              ],
              [
                14458455.90196136,
                4356726.81838537
              ],
              [
                14458672.70390545,
                4356605.6117651
              ],
              [
                14458886.84486842,
                4356479.72921193
              ],
              [
                14459098.22477407,
                4356349.22981039
              ],
              [
                14459306.74510465,
                4356214.17486106
              ],
              [
                14459512.30834426,
                4356074.62760358
              ],
              [
                14459714.81853552,
                4355930.65335457
              ],
              [
                14459914.18116818,
                4355782.31950719
              ],
              [
                14460110.30317914,
                4355629.69580741
              ],
              [
                14460303.09306379,
                4355472.85366198
              ],
              [
                14460492.46087597,
                4355311.86641463
              ],
              [
                14460678.31833932,
                4355146.80976062
              ],
              [
                14460860.57862466,
                4354977.76077812
              ],
              [
                14461039.15690651,
                4354804.79861933
              ],
              [
                14461213.96969526,
                4354628.00450999
              ],
              [
                14461384.9357277,
                4354447.46105752
              ],
              [
                14461551.97518772,
                4354263.25294201
              ],
              [
                14461715.01026305,
                4354075.46622438
              ],
              [
                14461873.96492243,
                4353884.18903731
              ],
              [
                14462028.76536104,
                4353689.51075517
              ],
              [
                14462179.33933255,
                4353491.52240841
              ],
              [
                14462325.61670568,
                4353290.31695969
              ],
              [
                14462467.52946422,
                4353085.98819725
              ],
              [
                14462605.01159568,
                4352878.63197894
              ],
              [
                14462737.99909141,
                4352668.34526396
              ],
              [
                14462866.43016905,
                4352455.22638896
              ],
              [
                14462990.24516136,
                4352239.37506766
              ],
              [
                14463109.38640485,
                4352020.89211393
              ],
              [
                14463223.79868506,
                4351799.8798562
              ],
              [
                14463333.42879126,
                4351576.44158406
              ],
              [
                14463438.22596177,
                4351350.68182442
              ],
              [
                14463538.14143865,
                4351122.70592642
              ],
              [
                14463633.12891299,
                4350892.62047582
              ],
              [
                14463723.1444136,
                4350660.53315647
              ],
              [
                14463808.14630697,
                4350426.55233522
              ],
              [
                14463888.09507471,
                4350190.78719994
              ],
              [
                14463962.95398135,
                4349953.34803566
              ],
              [
                14464032.68818393,
                4349714.34567139
              ],
              [
                14464097.26573374,
                4349473.89189456
              ],
              [
                14464156.6565745,
                4349232.09875966
              ],
              [
                14464210.83354429,
                4348989.07914093
              ],
              [
                14464259.77170751,
                4348744.94673211
              ],
              [
                14464303.44846632,
                4348499.81535524
              ],
              [
                14464341.84389453,
                4348253.79923689
              ],
              [
                14464374.94051498,
                4348007.01356081
              ],
              [
                14464402.72318821,
                4347759.57308582
              ],
              [
                14464425.17922381,
                4347511.59352765
              ],
              [
                14464442.29860301,
                4347263.19031511
              ],
              [
                14464454.07375612,
                4347014.47955733
              ],
              [
                14464460.49956241,
                4346765.5770764
              ],
              [
                14464461.57335021,
                4346516.59896006
              ],
              [
                14464457.2948969,
                4346267.66128534
              ],
              [
                14464447.66676282,
                4346018.87998032
              ],
              [
                14464432.69362339,
                4345770.37123873
              ],
              [
                14464412.38293702,
                4345522.25069094
              ],
              [
                14464386.74449981,
                4345274.63395664
              ],
              [
                14464355.79066824,
                4345027.63636867
              ],
              [
                14464319.53613649,
                4344781.37297303
              ],
              [
                14464277.99827038,
                4344535.95866718
              ],
              [
                14464231.19677346,
                4344291.50750935
              ],
              [
                14464179.153687,
                4344048.13340954
              ],
              [
                14464121.89372392,
                4343805.94957698
              ],
              [
                14464059.44382354,
                4343565.0689348
              ],
              [
                14463991.83348553,
                4343325.60342949
              ],
              [
                14463919.09454726,
                4343087.6645837
              ],
              [
                14463841.26118382,
                4342851.36322013
              ],
              [
                14463758.36990798,
                4342616.80904745
              ],
              [
                14463670.45979291,
                4342384.11121304
              ],
              [
                14463577.5720268,
                4342153.37802703
              ],
              [
                14463479.7502469,
                4341924.71696253
              ],
              [
                14463377.04020554,
                4341698.23396538
              ],
              [
                14463269.49010401,
                4341474.03469752
              ],
              [
                14463157.15014745,
                4341252.22315614
              ],
              [
                14463040.0732126,
                4341032.90264085
              ],
              [
                14462918.313846,
                4340816.17478716
              ],
              [
                14462791.92904323,
                4340602.14067185
              ],
              [
                14462660.97802629,
                4340390.89957025
              ],
              [
                14462525.52179822,
                4340182.54964723
              ],
              [
                14462385.62381115,
                4339977.18754321
              ],
              [
                14462241.34940962,
                4339774.90892705
              ],
              [
                14462092.76583061,
                4339575.80766774
              ],
              [
                14461939.94264878,
                4339379.97597303
              ],
              [
                14461782.9509973,
                4339187.50521832
              ],
              [
                14461621.86434704,
                4338998.48442812
              ],
              [
                14461456.75761601,
                4338813.00138116
              ],
              [
                14461287.7079486,
                4338631.14233466
              ],
              [
                14461114.79427036,
                4338452.99174858
              ],
              [
                14460938.09695395,
                4338278.63200989
              ],
              [
                14460757.69859842,
                4338108.1442615
              ],
              [
                14460573.68313868,
                4337941.60757418
              ],
              [
                14460386.13629072,
                4337779.09922318
              ],
              [
                14460195.14555169,
                4337620.69455057
              ],
              [
                14460000.79986585,
                4337466.46710377
              ],
              [
                14459803.18973593,
                4337316.48835975
              ],
              [
                14459602.40722317,
                4337170.82786362
              ],
              [
                14459398.54561328,
                4337029.55336705
              ],
              [
                14459191.70008445,
                4336892.73013835
              ],
              [
                14458981.96670539,
                4336760.4217913
              ],
              [
                14458769.44321462,
                4336632.68959517
              ],
              [
                14458554.22846383,
                4336509.59275132
              ],
              [
                14458336.42264058,
                4336391.18825542
              ],
              [
                14458116.12704559,
                4336277.53131206
              ],
              [
                14457893.4440928,
                4336168.67423064
              ],
              [
                14457668.47753199,
                4336064.66780625
              ],
              [
                14457441.33189213,
                4335965.55993952
              ],
              [
                14457212.11270412,
                4335871.39674134
              ],
              [
                14456980.92683468,
                4335782.22184288
              ],
              [
                14456747.88159577,
                4335698.07653399
              ],
              [
                14456513.08530127,
                4335618.99976352
              ],
              [
                14456276.64726693,
                4335545.02827756
              ],
              [
                14456038.67736506,
                4335476.19620558
              ],
              [
                14455799.28613595,
                4335412.53561291
              ],
              [
                14455558.58501039,
                4335354.07594873
              ],
              [
                14455316.68564183,
                4335300.84418437
              ],
              [
                14455073.70068558,
                4335252.86508955
              ],
              [
                14454829.74301963,
                4335210.16081848
              ],
              [
                14454584.92607853,
                4335172.75118605
              ],
              [
                14454339.36340817,
                4335140.65366804
              ],
              [
                14454093.16933365,
                4335113.88284902
              ],
              [
                14453846.45829142,
                4335092.4513888
              ],
              [
                14453599.34482922,
                4335076.36905621
              ],
              [
                14453351.94382879,
                4335065.64341938
              ],
              [
                14453104.37028313,
                4335060.2792936
              ],
              [
                14452856.73907399,
                4335060.2792936
              ],
              [
                14452609.16552834,
                4335065.64341938
              ],
              [
                14452361.76452791,
                4335076.36905621
              ],
              [
                14452114.65106572,
                4335092.4513888
              ],
              [
                14451867.93991216,
                4335113.88284902
              ],
              [
                14451621.74583764,
                4335140.65366804
              ],
              [
                14451376.1832786,
                4335172.75118605
              ],
              [
                14451131.36622618,
                4335210.16081848
              ],
              [
                14450887.40856023,
                4335252.86508955
              ],
              [
                14450644.42360399,
                4335300.84418437
              ],
              [
                14450402.52434675,
                4335354.07594873
              ],
              [
                14450161.82322118,
                4335412.53561291
              ],
              [
                14449922.43199206,
                4335476.19620558
              ],
              [
                14449684.4620902,
                4335545.02827756
              ],
              [
                14449448.02394454,
                4335618.99976352
              ],
              [
                14449213.22776137,
                4335698.07653399
              ],
              [
                14448980.18252245,
                4335782.22184288
              ],
              [
                14448748.99654169,
                4335871.39674134
              ],
              [
                14448519.777465,
                4335965.55993952
              ],
              [
                14448292.63182514,
                4336064.66780625
              ],
              [
                14448067.66515301,
                4336168.67423064
              ],
              [
                14447844.98231154,
                4336277.53131206
              ],
              [
                14447624.68671656,
                4336391.18825542
              ],
              [
                14447406.88078198,
                4336509.59275132
              ],
              [
                14447191.66614251,
                4336632.68959517
              ],
              [
                14446979.14265174,
                4336760.4217913
              ],
              [
                14446769.40927268,
                4336892.73013835
              ],
              [
                14446562.56363253,
                4337029.55336705
              ],
              [
                14446358.70213397,
                4337170.82786362
              ],
              [
                14446157.9196212,
                4337316.48835975
              ],
              [
                14445960.30937997,
                4337466.46710377
              ],
              [
                14445765.96369412,
                4337620.69455057
              ],
              [
                14445574.9730664,
                4337779.09922318
              ],
              [
                14445387.42621846,
                4337941.60757418
              ],
              [
                14445203.41075871,
                4338108.1442615
              ],
              [
                14445023.01240318,
                4338278.63200989
              ],
              [
                14444846.31508676,
                4338452.99174858
              ],
              [
                14444673.40129721,
                4338631.14233466
              ],
              [
                14444504.35174113,
                4338813.00138116
              ],
              [
                14444339.24501009,
                4338998.48442812
              ],
              [
                14444178.15824851,
                4339187.50521832
              ],
              [
                14444021.16670835,
                4339379.97597303
              ],
              [
                14443868.34341521,
                4339575.80766774
              ],
              [
                14443719.75994751,
                4339774.90892705
              ],
              [
                14443575.48554599,
                4339977.18754321
              ],
              [
                14443435.58755891,
                4340182.54964723
              ],
              [
                14443300.13133085,
                4340390.89957025
              ],
              [
                14443169.1803139,
                4340602.14067185
              ],
              [
                14443042.79551113,
                4340816.17478716
              ],
              [
                14442921.03614453,
                4341032.90264085
              ],
              [
                14442803.95909836,
                4341252.22315614
              ],
              [
                14442691.61925312,
                4341474.03469752
              ],
              [
                14442584.0691516,
                4341698.23396538
              ],
              [
                14442481.35911023,
                4341924.71696253
              ],
              [
                14442383.53721902,
                4342153.37802703
              ],
              [
                14442290.64945291,
                4342384.11121304
              ],
              [
                14442202.73933783,
                4342616.80904745
              ],
              [
                14442119.84817331,
                4342851.36322013
              ],
              [
                14442042.01480987,
                4343087.6645837
              ],
              [
                14441969.27587159,
                4343325.60342949
              ],
              [
                14441901.66553359,
                4343565.0689348
              ],
              [
                14441839.21563321,
                4343805.94957698
              ],
              [
                14441781.95567013,
                4344048.13340954
              ],
              [
                14441729.91258368,
                4344291.50750935
              ],
              [
                14441683.11097544,
                4344535.95866718
              ],
              [
                14441641.57310932,
                4344781.37297303
              ],
              [
                14441605.31868888,
                4345027.63636867
              ],
              [
                14441574.364746,
                4345274.63395664
              ],
              [
                14441548.72630879,
                4345522.25069094
              ],
              [
                14441528.41573374,
                4345770.37123873
              ],
              [
                14441513.44259431,
                4346018.87998032
              ],
              [
                14441503.81446024,
                4346267.66128534
              ],
              [
                14441499.53600692,
                4346516.59896006
              ],
              [
                14441500.60979473,
                4346765.5770764
              ],
              [
                14441507.03548969,
                4347014.47955733
              ],
              [
                14441518.81064279,
                4347263.19031511
              ],
              [
                14441535.93013332,
                4347511.59352765
              ],
              [
                14441558.38616892,
                4347759.57308582
              ],
              [
                14441586.16884217,
                4348007.01356081
              ],
              [
                14441619.26535129,
                4348253.79923689
              ],
              [
                14441657.66089082,
                4348499.81535524
              ],
              [
                14441701.33764962,
                4348744.94673211
              ],
              [
                14441750.27581285,
                4348989.07914093
              ],
              [
                14441804.45278263,
                4349232.09875966
              ],
              [
                14441863.8436234,
                4349473.89189456
              ],
              [
                14441928.42106188,
                4349714.34567139
              ],
              [
                14441998.15537577,
                4349953.34803566
              ],
              [
                14442073.0141711,
                4350190.78719994
              ],
              [
                14442152.96305016,
                4350426.55233522
              ],
              [
                14442237.96494354,
                4350660.53315647
              ],
              [
                14442327.98044415,
                4350892.62047582
              ],
              [
                14442422.96791848,
                4351122.70592642
              ],
              [
                14442522.88339536,
                4351350.68182442
              ],
              [
                14442627.68045455,
                4351576.44158406
              ],
              [
                14442737.31067207,
                4351799.8798562
              ],
              [
                14442851.72295228,
                4352020.89211393
              ],
              [
                14442970.86419577,
                4352239.37506766
              ],
              [
                14443094.67907676,
                4352455.22638896
              ],
              [
                14443223.1101544,
                4352668.34526396
              ],
              [
                14443356.09776144,
                4352878.63197894
              ],
              [
                14443493.57989293,
                4353085.98819725
              ],
              [
                14443635.49265146,
                4353290.31695969
              ],
              [
                14443781.77002458,
                4353491.52240841
              ],
              [
                14443932.34399609,
                4353689.51075517
              ],
              [
                14444087.1443234,
                4353884.18903731
              ],
              [
                14444246.09909408,
                4354075.46622438
              ],
              [
                14444409.1341694,
                4354263.25294201
              ],
              [
                14444576.17362943,
                4354447.46105752
              ],
              [
                14444747.13966186,
                4354628.00450999
              ],
              [
                14444921.95245062,
                4354804.79861933
              ],
              [
                14445100.53062115,
                4354977.76077812
              ],
              [
                14445282.79101781,
                4355146.80976062
              ],
              [
                14445468.64836984,
                4355311.86641463
              ],
              [
                14445658.01629335,
                4355472.85366198
              ],
              [
                14445850.80617798,
                4355629.69580741
              ],
              [
                14446046.92818895,
                4355782.31950719
              ],
              [
                14446246.29082161,
                4355930.65335457
              ],
              [
                14446448.80101287,
                4356074.62760358
              ],
              [
                14446654.36425248,
                4356214.17486106
              ],
              [
                14446862.88447174,
                4356349.22981039
              ],
              [
                14447074.2644887,
                4356479.72921193
              ],
              [
                14447288.40545168,
                4356605.6117651
              ],
              [
                14447505.20739577,
                4356726.81838537
              ],
              [
                14447724.56902023,
                4356843.29248131
              ],
              [
                14447946.38791113,
                4356954.97926337
              ],
              [
                14448170.56043002,
                4357061.82657414
              ],
              [
                14448396.98182526,
                4357163.78405881
              ],
              [
                14448625.54634334,
                4357260.80399535
              ],
              [
                14448856.14700623,
                4357352.84101835
              ],
              [
                14449088.67616797,
                4357439.85184254
              ],
              [
                14449323.02518076,
                4357521.79567812
              ],
              [
                14449559.0845062,
                4357598.63409275
              ],
              [
                14449796.74371536,
                4357670.33101179
              ],
              [
                14450035.89171138,
                4357736.85285686
              ],
              [
                14450276.4166182,
                4357798.16854617
              ],
              [
                14450518.20622574,
                4357854.24907964
              ],
              [
                14450761.1473221,
                4357905.06836921
              ],
              [
                14451005.12625008,
                4357950.60240894
              ],
              [
                14451250.02912981,
                4357990.8298286
              ],
              [
                14451495.74119093,
                4358025.73189375
              ],
              [
                14451742.14766305,
                4358055.29222929
              ],
              [
                14451989.13333047,
                4358079.49681953
              ],
              [
                14452236.58275489,
                4358098.3344233
              ],
              [
                14452484.37994139,
                4358111.79615907
              ],
              [
                14452732.40934035,
                4358119.87578162
              ],
              [
                14452980.5546229,
                4358122.56940548
              ]
            ]
          ]
        ]
      },
      "geometry_name": "ag_geom",
      "properties": {
        "restricted": "<FNT name='TW Cen MT' size='6'><CLR cyan='70' magenta='10' yellow='100' black='0'>R142B <UND>300 AMSL</UND> SFC</CLR></FNT>",
        "res_lbl_1": "R142B",
        "res_lbl_2": "300 AMSL",
        "res_lbl_3": "SFC"
      },
      "bbox": [
        14441499.53600692,
        4335060.2792936,
        14464461.57335021,
        4358122.56940548
      ]
    },
    {
      "type": "Feature",
      "id": "lt_c_aisresc.86",
      "geometry": {
        "type": "MultiPolygon",
        "coordinates": [
          [
            [
              [
                14163147.89152268,
                4145703.6283714
              ],
              [
                14163388.81784758,
                4145685.04479145
              ],
              [
                14163624.09470831,
                4145629.73015627
              ],
              [
                14163848.20533357,
                4145538.98176898
              ],
              [
                14164055.89488677,
                4145414.9286277
              ],
              [
                14164242.29436473,
                4145260.48045104
              ],
              [
                14164403.03414346,
                4145079.25958363
              ],
              [
                14164534.34694876,
                4144875.51620052
              ],
              [
                14164633.1559099,
                4144654.02790964
              ],
              [
                14164697.14658335,
                4144419.98810702
              ],
              [
                14164724.82116536,
                4144178.88364003
              ],
              [
                14164715.53311231,
                4143936.36640155
              ],
              [
                14164669.50283684,
                4143698.12048967
              ],
              [
                14164587.81113984,
                4143469.7292773
              ],
              [
                14164472.37472031,
                4143256.54469657
              ],
              [
                14164325.90075697,
                4143063.5615816
              ],
              [
                14164151.8228995,
                4142895.30085914
              ],
              [
                14163954.22145249,
                4142755.7041527
              ],
              [
                14163737.72708417,
                4142648.04141488
              ],
              [
                14163507.41295765,
                4142574.83401557
              ],
              [
                14163268.67528526,
                4142537.79652877
              ],
              [
                14163027.1077601,
                4142537.79652877
              ],
              [
                14162788.37019903,
                4142574.83401557
              ],
              [
                14162558.05596119,
                4142648.04141488
              ],
              [
                14162341.56170417,
                4142755.7041527
              ],
              [
                14162143.96014586,
                4142895.30085914
              ],
              [
                14161969.8823997,
                4143063.5615816
              ],
              [
                14161823.40832503,
                4143256.54469657
              ],
              [
                14161707.97201683,
                4143469.7292773
              ],
              [
                14161626.28031984,
                4143698.12048967
              ],
              [
                14161580.24993303,
                4143936.36640155
              ],
              [
                14161570.96199132,
                4144178.88364003
              ],
              [
                14161598.63646201,
                4144419.98810702
              ],
              [
                14161662.62713545,
                4144654.02790964
              ],
              [
                14161761.43609659,
                4144875.51620052
              ],
              [
                14161892.7489019,
                4145079.25958363
              ],
              [
                14162053.48868062,
                4145260.48045104
              ],
              [
                14162239.88815857,
                4145414.9286277
              ],
              [
                14162447.57782311,
                4145538.98176898
              ],
              [
                14162671.68833705,
                4145629.73015627
              ],
              [
                14162906.96519778,
                4145685.04479145
              ],
              [
                14163147.89152268,
                4145703.6283714
              ]
            ]
          ]
        ]
      },
      "geometry_name": "ag_geom",
      "properties": {
        "restricted": "<FNT name='TW Cen MT' size='6'><CLR cyan='70' magenta='10' yellow='100' black='0'>R158 <UND>6 400 AMSL</UND> SFC</CLR></FNT>",
        "res_lbl_1": "R158",
        "res_lbl_2": "6 400 AMSL",
        "res_lbl_3": "SFC"
      },
      "bbox": [
        14161570.96199132,
        4142537.79652877,
        14164724.82116536,
        4145703.6283714
      ]
    },
    {
      "type": "Feature",
      "id": "lt_c_aisresc.79",
      "geometry": {
        "type": "MultiPolygon",
        "coordinates": [
          [
            [
              [
                14443703.93042723,
                4323595.1811278
              ],
              [
                14443951.28545272,
                4323592.49598308
              ],
              [
                14444198.52470595,
                4323584.44206972
              ],
              [
                14444445.53274859,
                4323571.02298488
              ],
              [
                14444692.19391969,
                4323552.24495358
              ],
              [
                14444938.39300358,
                4323528.11696661
              ],
              [
                14445184.01467327,
                4323498.65036672
              ],
              [
                14445428.9442697,
                4323463.8588486
              ],
              [
                14445673.06713377,
                4323423.7587345
              ],
              [
                14445916.2690517,
                4323378.36883626
              ],
              [
                14446158.4364776,
                4323327.71059307
              ],
              [
                14446399.45608823,
                4323271.80751969
              ],
              [
                14446639.21522825,
                4323210.6860337
              ],
              [
                14446877.60179897,
                4323144.37476581
              ],
              [
                14447114.50425824,
                4323072.90483542
              ],
              [
                14447349.81206579,
                4322996.30971255
              ],
              [
                14447583.41501535,
                4322914.62535549
              ],
              [
                14447815.20401379,
                4322827.8899347
              ],
              [
                14448045.07063596,
                4322736.1443842
              ],
              [
                14448272.90768117,
                4322639.43143599
              ],
              [
                14448498.60850535,
                4322537.79672285
              ],
              [
                14448722.06757763,
                4322431.28767502
              ],
              [
                14448943.18070294,
                4322319.95434708
              ],
              [
                14449161.84446553,
                4322203.84886618
              ],
              [
                14449377.95667404,
                4322083.02570739
              ],
              [
                14449591.41647305,
                4321957.54155549
              ],
              [
                14449802.12412031,
                4321827.45502885
              ],
              [
                14450009.98120935,
                4321692.8273684
              ],
              [
                14450214.89078091,
                4321553.72161003
              ],
              [
                14450416.75721156,
                4321410.20272209
              ],
              [
                14450615.48599103,
                4321262.33815643
              ],
              [
                14450810.98472418,
                4321110.19715866
              ],
              [
                14451003.16190634,
                4320953.85104347
              ],
              [
                14451191.92803666,
                4320793.37291851
              ],
              [
                14451377.19495012,
                4320628.83823536
              ],
              [
                14451558.8763741,
                4320460.32368629
              ],
              [
                14451736.88737183,
                4320287.90844452
              ],
              [
                14451911.14512161,
                4320111.67319878
              ],
              [
                14452081.56836021,
                4319931.70042862
              ],
              [
                14452248.0776055,
                4319748.07454184
              ],
              [
                14452410.59526781,
                4319560.8813226
              ],
              [
                14452569.04576123,
                4319370.20848245
              ],
              [
                14452723.35505825,
                4319176.14524635
              ],
              [
                14452873.45158046,
                4318978.78262789
              ],
              [
                14453019.26519659,
                4318778.2126019
              ],
              [
                14453160.72811306,
                4318574.52934452
              ],
              [
                14453297.77465138,
                4318367.82813011
              ],
              [
                14453430.34080281,
                4318158.20546874
              ],
              [
                14453558.36523037,
                4317945.75951923
              ],
              [
                14453681.78826675,
                4317730.58967527
              ],
              [
                14453800.55247112,
                4317512.79642727
              ],
              [
                14453914.60274034,
                4317292.48191323
              ],
              [
                14454023.88630897,
                4317069.74881585
              ],
              [
                14454128.35208135,
                4316844.7014647
              ],
              [
                14454227.95196748,
                4316617.44487121
              ],
              [
                14454322.63954711,
                4316388.08541736
              ],
              [
                14454412.37096038,
                4316156.73016636
              ],
              [
                14454497.10479642,
                4315923.48741354
              ],
              [
                14454576.80164814,
                4315688.46585927
              ],
              [
                14454651.4246688,
                4315451.7754355
              ],
              [
                14454720.93957198,
                4315213.52675427
              ],
              [
                14454785.31407503,
                4314973.83096969
              ],
              [
                14454844.51845565,
                4314732.79991555
              ],
              [
                14454898.52555188,
                4314490.54638059
              ],
              [
                14454947.3105395,
                4314247.1832817
              ],
              [
                14454990.8508206,
                4314002.82421479
              ],
              [
                14455029.12669168,
                4313757.58331688
              ],
              [
                14455062.12045292,
                4313511.57499041
              ],
              [
                14455089.81718751,
                4313264.91404085
              ],
              [
                14455112.20431634,
                4313017.71540115
              ],
              [
                14455129.27170934,
                4312770.09440706
              ],
              [
                14455141.01190813,
                4312522.16679713
              ],
              [
                14455147.41968065,
                4312274.04788607
              ],
              [
                14455148.49235527,
                4312025.85339127
              ],
              [
                14455144.23004328,
                4311777.69915728
              ],
              [
                14455134.63474846,
                4311529.70088029
              ],
              [
                14455119.71159149,
                4311281.97397041
              ],
              [
                14455099.46780812,
                4311034.63396495
              ],
              [
                14455073.91308318,
                4310787.79611524
              ],
              [
                14455043.05988443,
                4310541.57538676
              ],
              [
                14455006.92279473,
                4310296.08659685
              ],
              [
                14454965.51906859,
                4310051.44386402
              ],
              [
                14454918.86840959,
                4309807.76129665
              ],
              [
                14454866.99274764,
                4309565.15216683
              ],
              [
                14454809.91668437,
                4309323.72973678
              ],
              [
                14454747.66727039,
                4309083.60601967
              ],
              [
                14454680.27367143,
                4308844.89301917
              ],
              [
                14454607.76761353,
                4308607.7017657
              ],
              [
                14454530.18338311,
                4308372.14272981
              ],
              [
                14454447.5572703,
                4308138.32527158
              ],
              [
                14454359.92801431,
                4307906.35832941
              ],
              [
                14454267.33702597,
                4307676.34986945
              ],
              [
                14454169.82749723,
                4307448.40661056
              ],
              [
                14454067.44518044,
                4307222.63485072
              ],
              [
                14453960.23805428,
                4306999.13936586
              ],
              [
                14453848.25632383,
                4306778.02409857
              ],
              [
                14453731.55242059,
                4306559.39174547
              ],
              [
                14453610.18089109,
                4306343.34417049
              ],
              [
                14453484.19861961,
                4306129.98157928
              ],
              [
                14453353.66438284,
                4305919.40320782
              ],
              [
                14453218.63929515,
                4305711.70690991
              ],
              [
                14453079.18647474,
                4305506.98901982
              ],
              [
                14452935.37093215,
                4305305.34476568
              ],
              [
                14452787.25990437,
                4305106.86785691
              ],
              [
                14452634.92252081,
                4304911.65034695
              ],
              [
                14452478.4299146,
                4304719.782909
              ],
              [
                14452317.85511136,
                4304531.35483641
              ],
              [
                14452153.27291776,
                4304346.45321723
              ],
              [
                14451984.76025559,
                4304165.16417346
              ],
              [
                14451812.39560507,
                4303987.57189788
              ],
              [
                14451636.25945021,
                4303813.75865459
              ],
              [
                14451456.43372215,
                4303643.80519229
              ],
              [
                14451273.00235578,
                4303477.79019417
              ],
              [
                14451086.05073314,
                4303315.7909665
              ],
              [
                14450895.66601741,
                4303157.88261328
              ],
              [
                14450701.93693023,
                4303004.13817426
              ],
              [
                14450504.95364037,
                4302854.62931353
              ],
              [
                14450304.80787509,
                4302709.42508128
              ],
              [
                14450101.5928088,
                4302568.59287756
              ],
              [
                14449895.40317442,
                4302432.19817751
              ],
              [
                14449686.33481799,
                4302300.30411882
              ],
              [
                14449474.48503278,
                4302172.97177734
              ],
              [
                14449259.95244783,
                4302050.26030521
              ],
              [
                14449042.83691673,
                4301932.22665586
              ],
              [
                14448823.2395176,
                4301818.9254468
              ],
              [
                14448601.26221906,
                4301710.40909768
              ],
              [
                14448377.00843694,
                4301606.7281057
              ],
              [
                14448150.58236628,
                4301507.93049565
              ],
              [
                14447922.08942663,
                4301414.06209535
              ],
              [
                14447691.6358168,
                4301325.16626077
              ],
              [
                14447459.32873743,
                4301241.28428921
              ],
              [
                14447225.27616845,
                4301162.45486905
              ],
              [
                14446989.58698033,
                4301088.71490577
              ],
              [
                14446752.37071142,
                4301020.09828365
              ],
              [
                14446513.73756803,
                4300956.63682933
              ],
              [
                14446273.79864701,
                4300898.36003676
              ],
              [
                14446032.66526786,
                4300845.29479227
              ],
              [
                14445790.44975195,
                4300797.46592513
              ],
              [
                14445547.26442064,
                4300754.89524449
              ],
              [
                14445303.22259714,
                4300717.60264045
              ],
              [
                14445058.43738211,
                4300685.60553368
              ],
              [
                14444813.02276665,
                4300658.91846282
              ],
              [
                14444567.09274197,
                4300637.55404776
              ],
              [
                14444320.76163316,
                4300621.52202658
              ],
              [
                14444074.14387666,
                4300610.82994354
              ],
              [
                14443827.35402022,
                4300605.48259878
              ],
              [
                14443580.50683426,
                4300605.48259878
              ],
              [
                14443333.71697782,
                4300610.82994354
              ],
              [
                14443087.09922132,
                4300621.52202658
              ],
              [
                14442840.76811251,
                4300637.55404776
              ],
              [
                14442594.83808783,
                4300658.91846282
              ],
              [
                14442349.42347238,
                4300685.60553368
              ],
              [
                14442104.63825734,
                4300717.60264045
              ],
              [
                14441860.59643385,
                4300754.89524449
              ],
              [
                14441617.41110253,
                4300797.46592513
              ],
              [
                14441375.19558661,
                4300845.29479227
              ],
              [
                14441134.06220746,
                4300898.36003676
              ],
              [
                14440894.12328645,
                4300956.63682933
              ],
              [
                14440655.49014307,
                4301020.09828365
              ],
              [
                14440418.27387416,
                4301088.71490577
              ],
              [
                14440182.58468603,
                4301162.45486905
              ],
              [
                14439948.53211705,
                4301241.28428921
              ],
              [
                14439716.22503768,
                4301325.16626077
              ],
              [
                14439485.77142785,
                4301414.06209535
              ],
              [
                14439257.2784882,
                4301507.93049565
              ],
              [
                14439030.85241754,
                4301606.7281057
              ],
              [
                14438806.59863542,
                4301710.40909768
              ],
              [
                14438584.62133688,
                4301818.9254468
              ],
              [
                14438365.02393775,
                4301932.22665586
              ],
              [
                14438147.90840665,
                4302050.26030521
              ],
              [
                14437933.3758217,
                4302172.97177734
              ],
              [
                14437721.52603649,
                4302300.30411882
              ],
              [
                14437512.45768006,
                4302432.19817751
              ],
              [
                14437306.26804567,
                4302568.59287756
              ],
              [
                14437103.05297939,
                4302709.42508128
              ],
              [
                14436902.90721412,
                4302854.62931353
              ],
              [
                14436705.92392425,
                4303004.13817426
              ],
              [
                14436512.19483707,
                4303157.88261328
              ],
              [
                14436321.81012133,
                4303315.7909665
              ],
              [
                14436134.8584987,
                4303477.79019417
              ],
              [
                14435951.42713234,
                4303643.80519229
              ],
              [
                14435771.60140427,
                4303813.75865459
              ],
              [
                14435595.46524941,
                4303987.57189788
              ],
              [
                14435423.10059889,
                4304165.16417346
              ],
              [
                14435254.58793671,
                4304346.45321723
              ],
              [
                14435090.00574312,
                4304531.35483641
              ],
              [
                14434929.43093988,
                4304719.782909
              ],
              [
                14434772.93833367,
                4304911.65034695
              ],
              [
                14434620.60095011,
                4305106.86785691
              ],
              [
                14434472.48992233,
                4305305.34476568
              ],
              [
                14434328.67437974,
                4305506.98901982
              ],
              [
                14434189.22155932,
                4305711.70690991
              ],
              [
                14434054.19647164,
                4305919.40320782
              ],
              [
                14433923.66223486,
                4306129.98157928
              ],
              [
                14433797.67996339,
                4306343.34417049
              ],
              [
                14433676.30843388,
                4306559.39174547
              ],
              [
                14433559.60453064,
                4306778.02409857
              ],
              [
                14433447.6228002,
                4306999.13936586
              ],
              [
                14433340.41567404,
                4307222.63485072
              ],
              [
                14433238.03335724,
                4307448.40661056
              ],
              [
                14433140.52382852,
                4307676.34986945
              ],
              [
                14433047.93284017,
                4307906.35832941
              ],
              [
                14432960.30358417,
                4308138.32527158
              ],
              [
                14432877.67747137,
                4308372.14272981
              ],
              [
                14432800.09324094,
                4308607.7017657
              ],
              [
                14432727.58718305,
                4308844.89301917
              ],
              [
                14432660.19358409,
                4309083.60601967
              ],
              [
                14432597.94417011,
                4309323.72973678
              ],
              [
                14432540.86810683,
                4309565.15216683
              ],
              [
                14432488.99244488,
                4309807.76129665
              ],
              [
                14432442.34178589,
                4310051.44386402
              ],
              [
                14432400.93805975,
                4310296.08659685
              ],
              [
                14432364.80097005,
                4310541.57538676
              ],
              [
                14432333.9477713,
                4310787.79611524
              ],
              [
                14432308.39304636,
                4311034.63396495
              ],
              [
                14432288.149263,
                4311281.97397041
              ],
              [
                14432273.22610602,
                4311529.70088029
              ],
              [
                14432263.6308112,
                4311777.69915728
              ],
              [
                14432259.36849921,
                4312025.85339127
              ],
              [
                14432260.44117382,
                4312274.04788607
              ],
              [
                14432266.84894635,
                4312522.16679713
              ],
              [
                14432278.58914514,
                4312770.09440706
              ],
              [
                14432295.65653815,
                4313017.71540115
              ],
              [
                14432318.04366697,
                4313264.91404085
              ],
              [
                14432345.74040156,
                4313511.57499041
              ],
              [
                14432378.7341628,
                4313757.58331688
              ],
              [
                14432417.01003388,
                4314002.82421479
              ],
              [
                14432460.55031498,
                4314247.1832817
              ],
              [
                14432509.3353026,
                4314490.54638059
              ],
              [
                14432563.34239883,
                4314732.79991555
              ],
              [
                14432622.54677946,
                4314973.83096969
              ],
              [
                14432686.9212825,
                4315213.52675427
              ],
              [
                14432756.43618568,
                4315451.7754355
              ],
              [
                14432831.05920634,
                4315688.46585927
              ],
              [
                14432910.75605806,
                4315923.48741354
              ],
              [
                14432995.4898941,
                4316156.73016636
              ],
              [
                14433085.22130737,
                4316388.08541736
              ],
              [
                14433179.908887,
                4316617.44487121
              ],
              [
                14433279.50877313,
                4316844.7014647
              ],
              [
                14433383.97454551,
                4317069.74881585
              ],
              [
                14433493.25811414,
                4317292.48191323
              ],
              [
                14433607.30838336,
                4317512.79642727
              ],
              [
                14433726.07258773,
                4317730.58967527
              ],
              [
                14433849.49562412,
                4317945.75951923
              ],
              [
                14433977.52005167,
                4318158.20546874
              ],
              [
                14434110.0862031,
                4318367.82813011
              ],
              [
                14434247.13274142,
                4318574.52934452
              ],
              [
                14434388.59565789,
                4318778.2126019
              ],
              [
                14434534.40927402,
                4318978.78262789
              ],
              [
                14434684.50579623,
                4319176.14524635
              ],
              [
                14434838.81509325,
                4319370.20848245
              ],
              [
                14434997.26558665,
                4319560.8813226
              ],
              [
                14435159.78324898,
                4319748.07454184
              ],
              [
                14435326.29249427,
                4319931.70042862
              ],
              [
                14435496.71573287,
                4320111.67319878
              ],
              [
                14435670.97348265,
                4320287.90844452
              ],
              [
                14435848.98448038,
                4320460.32368629
              ],
              [
                14436030.66590436,
                4320628.83823536
              ],
              [
                14436215.93281781,
                4320793.37291851
              ],
              [
                14436404.69894814,
                4320953.85104347
              ],
              [
                14436596.8761303,
                4321110.19715866
              ],
              [
                14436792.37486345,
                4321262.33815643
              ],
              [
                14436991.10364293,
                4321410.20272209
              ],
              [
                14437192.97007357,
                4321553.72161003
              ],
              [
                14437397.87964513,
                4321692.8273684
              ],
              [
                14437605.73673417,
                4321827.45502885
              ],
              [
                14437816.44438142,
                4321957.54155549
              ],
              [
                14438029.90418044,
                4322083.02570739
              ],
              [
                14438246.01638896,
                4322203.84886618
              ],
              [
                14438464.68015153,
                4322319.95434708
              ],
              [
                14438685.79327686,
                4322431.28767502
              ],
              [
                14438909.25234913,
                4322537.79672285
              ],
              [
                14439134.95317331,
                4322639.43143599
              ],
              [
                14439362.79021852,
                4322736.1443842
              ],
              [
                14439592.65684069,
                4322827.8899347
              ],
              [
                14439824.44583913,
                4322914.62535549
              ],
              [
                14440058.04878868,
                4322996.30971255
              ],
              [
                14440293.35659624,
                4323072.90483542
              ],
              [
                14440530.25905551,
                4323144.37476581
              ],
              [
                14440768.64562621,
                4323210.6860337
              ],
              [
                14441008.40476625,
                4323271.80751969
              ],
              [
                14441249.42437688,
                4323327.71059307
              ],
              [
                14441491.59180278,
                4323378.36883626
              ],
              [
                14441734.7937207,
                4323423.7587345
              ],
              [
                14441978.91658477,
                4323463.8588486
              ],
              [
                14442223.84618121,
                4323498.65036672
              ],
              [
                14442469.4678509,
                4323528.11696661
              ],
              [
                14442715.66693479,
                4323552.24495358
              ],
              [
                14442962.32810589,
                4323571.02298488
              ],
              [
                14443209.33614853,
                4323584.44206972
              ],
              [
                14443456.57540175,
                4323592.49598308
              ],
              [
                14443703.93042723,
                4323595.1811278
              ]
            ]
          ]
        ]
      },
      "geometry_name": "ag_geom",
      "properties": {
        "restricted": "<FNT name='TW Cen MT' size='6'><CLR cyan='70' magenta='10' yellow='100' black='0'>R142C <UND>300 AMSL</UND> SFC</CLR></FNT>",
        "res_lbl_1": "R142C",
        "res_lbl_2": "300 AMSL",
        "res_lbl_3": "SFC"
      },
      "bbox": [
        14432259.36849921,
        4300605.48259878,
        14455148.49235527,
        4323595.1811278
      ]
    },
    {
      "type": "Feature",
      "id": "lt_c_aisresc.80",
      "geometry": {
        "type": "MultiPolygon",
        "coordinates": [
          [
            [
              [
                14343516.38871329,
                4610089.1393593
              ],
              [
                14343770.29377763,
                4610085.69836832
              ],
              [
                14344024.01371763,
                4610075.37766922
              ],
              [
                14344277.36352035,
                4610058.18507539
              ],
              [
                14344530.1585067,
                4610034.13294784
              ],
              [
                14344782.21433166,
                4610003.23890354
              ],
              [
                14345033.34720669,
                4609965.52553181
              ],
              [
                14345283.37401128,
                4609921.02053585
              ],
              [
                14345532.11262672,
                4609869.75630739
              ],
              [
                14345779.38149092,
                4609811.7703514
              ],
              [
                14346025.00048895,
                4609747.10514406
              ],
              [
                14346268.79050775,
                4609675.80770731
              ],
              [
                14346510.5738814,
                4609597.93045844
              ],
              [
                14346750.17439116,
                4609513.53021789
              ],
              [
                14346987.41737674,
                4609422.66863364
              ],
              [
                14347222.13007031,
                4609325.41203911
              ],
              [
                14347454.14137378,
                4609221.83173571
              ],
              [
                14347683.28219287,
                4609112.00314228
              ],
              [
                14347909.38565964,
                4608996.00664436
              ],
              [
                14348132.28702127,
                4608873.92716845
              ],
              [
                14348351.82397393,
                4608745.8536146
              ],
              [
                14348567.83655151,
                4608611.87970565
              ],
              [
                14348780.16757088,
                4608472.10327804
              ],
              [
                14348988.66229797,
                4608326.62642268
              ],
              [
                14349193.16900431,
                4608175.55548406
              ],
              [
                14349393.53885571,
                4608019.00063445
              ],
              [
                14349589.62613499,
                4607857.07643957
              ],
              [
                14349781.28790792,
                4607689.90086617
              ],
              [
                14349968.38502512,
                4607517.59613098
              ],
              [
                14350150.78112024,
                4607340.28799156
              ],
              [
                14350328.34372305,
                4607158.10588701
              ],
              [
                14350500.94370297,
                4606971.18293708
              ],
              [
                14350668.45560292,
                4606779.65523291
              ],
              [
                14350830.75763939,
                4606583.66282773
              ],
              [
                14350987.73192502,
                4606383.34860276
              ],
              [
                14351139.26435735,
                4606178.85883281
              ],
              [
                14351285.24495272,
                4605970.34261889
              ],
              [
                14351425.56784628,
                4605757.95188732
              ],
              [
                14351560.13095806,
                4605541.84181373
              ],
              [
                14351688.83688353,
                4605322.16997243
              ],
              [
                14351811.59222562,
                4605099.0963356
              ],
              [
                14351928.30792872,
                4604872.78369735
              ],
              [
                14352038.89939005,
                4604643.39696484
              ],
              [
                14352143.28657087,
                4604411.1032991
              ],
              [
                14352241.39399658,
                4604176.0721144
              ],
              [
                14352333.15053402,
                4603938.4746526
              ],
              [
                14352418.48983677,
                4603698.48398263
              ],
              [
                14352497.35023384,
                4603456.27485815
              ],
              [
                14352569.67495228,
                4603212.02371706
              ],
              [
                14352635.41167195,
                4602965.90853931
              ],
              [
                14352694.51308204,
                4602718.10842158
              ],
              [
                14352746.93665853,
                4602468.8040017
              ],
              [
                14352792.6447754,
                4602218.17646703
              ],
              [
                14352831.60459343,
                4601966.40840365
              ],
              [
                14352863.78828273,
                4601713.68294652
              ],
              [
                14352889.17291149,
                4601460.18406239
              ],
              [
                14352907.7406686,
                4601206.09626639
              ],
              [
                14352919.47830704,
                4600951.60419719
              ],
              [
                14352924.37803442,
                4600696.89318308
              ],
              [
                14352922.43651117,
                4600442.148251
              ],
              [
                14352913.6559637,
                4600187.55455116
              ],
              [
                14352898.04307117,
                4599933.29749865
              ],
              [
                14352875.60974473,
                4599679.56164103
              ],
              [
                14352846.37279367,
                4599426.53164933
              ],
              [
                14352810.3540366,
                4599174.39104434
              ],
              [
                14352767.58007885,
                4598923.3233291
              ],
              [
                14352718.08242388,
                4598673.51071535
              ],
              [
                14352661.89758444,
                4598425.13483154
              ],
              [
                14352599.0669714,
                4598178.37587396
              ],
              [
                14352529.63667104,
                4597933.41317324
              ],
              [
                14352453.65744502,
                4597690.42448727
              ],
              [
                14352371.18517576,
                4597449.58628463
              ],
              [
                14352282.27997576,
                4597211.07332061
              ],
              [
                14352187.00718957,
                4596975.0587793
              ],
              [
                14352085.43616922,
                4596741.71384964
              ],
              [
                14351977.64127614,
                4596511.20786762
              ],
              [
                14351863.7011019,
                4596283.70803391
              ],
              [
                14351743.69891346,
                4596059.37955606
              ],
              [
                14351617.72220796,
                4595838.38480031
              ],
              [
                14351485.86282396,
                4595620.88428279
              ],
              [
                14351348.21683018,
                4595407.03553837
              ],
              [
                14351204.88463683,
                4595196.99382896
              ],
              [
                14351055.97043892,
                4594990.9111539
              ],
              [
                14350901.58299561,
                4594788.93709977
              ],
              [
                14350741.83440563,
                4594591.21799235
              ],
              [
                14350576.84110915,
                4594397.89703899
              ],
              [
                14350406.72299728,
                4594209.11432953
              ],
              [
                14350231.60396861,
                4594025.00669572
              ],
              [
                14350051.61137262,
                4593845.70742921
              ],
              [
                14349866.87600973,
                4593671.34642392
              ],
              [
                14349677.53224256,
                4593502.05003549
              ],
              [
                14349483.71766202,
                4593337.94094076
              ],
              [
                14349285.57308721,
                4593179.13771429
              ],
              [
                14349083.24245429,
                4593025.75553655
              ],
              [
                14348876.8729276,
                4592877.90534608
              ],
              [
                14348666.61412055,
                4592735.69426474
              ],
              [
                14348452.61909743,
                4592599.22517423
              ],
              [
                14348235.04292628,
                4592468.59699981
              ],
              [
                14348014.04368079,
                4592343.90400393
              ],
              [
                14347789.78188366,
                4592225.23663569
              ],
              [
                14347562.42017268,
                4592112.68082439
              ],
              [
                14347332.12374596,
                4592006.3178389
              ],
              [
                14347099.05958275,
                4591906.22457119
              ],
              [
                14346863.39688866,
                4591812.47381997
              ],
              [
                14346625.30665043,
                4591725.13301835
              ],
              [
                14346384.9615246,
                4591644.26550748
              ],
              [
                14346142.5359488,
                4591569.9299713
              ],
              [
                14345898.20580784,
                4591502.17987143
              ],
              [
                14345652.14832233,
                4591441.06429626
              ],
              [
                14345404.54193743,
                4591386.62753711
              ],
              [
                14345155.5663228,
                4591338.90894722
              ],
              [
                14344905.40192731,
                4591297.94294216
              ],
              [
                14344654.23020177,
                4591263.75928303
              ],
              [
                14344402.23337615,
                4591236.38265239
              ],
              [
                14344149.59412575,
                4591215.83293747
              ],
              [
                14343896.49568246,
                4591202.12480601
              ],
              [
                14343643.12172342,
                4591195.26813068
              ],
              [
                14343389.65570317,
                4591195.26813068
              ],
              [
                14343136.28174413,
                4591202.12480601
              ],
              [
                14342883.18330083,
                4591215.83293747
              ],
              [
                14342630.54405043,
                4591236.38265239
              ],
              [
                14342378.54722483,
                4591263.75928303
              ],
              [
                14342127.37549927,
                4591297.94294216
              ],
              [
                14341877.2111038,
                4591338.90894722
              ],
              [
                14341628.23548916,
                4591386.62753711
              ],
              [
                14341380.62910426,
                4591441.06429626
              ],
              [
                14341134.57161876,
                4591502.17987143
              ],
              [
                14340890.24147779,
                4591569.9299713
              ],
              [
                14340647.815902,
                4591644.26550748
              ],
              [
                14340407.47077616,
                4591725.13301835
              ],
              [
                14340169.38053793,
                4591812.47381997
              ],
              [
                14339933.71784384,
                4591906.22457119
              ],
              [
                14339700.65368062,
                4592006.3178389
              ],
              [
                14339470.3572539,
                4592112.68082439
              ],
              [
                14339242.99554291,
                4592225.23663569
              ],
              [
                14339018.7337458,
                4592343.90400393
              ],
              [
                14338797.7345003,
                4592468.59699981
              ],
              [
                14338580.15832917,
                4592599.22517423
              ],
              [
                14338366.16330603,
                4592735.69426474
              ],
              [
                14338155.90449898,
                4592877.90534608
              ],
              [
                14337949.53497229,
                4593025.75553655
              ],
              [
                14337747.20433937,
                4593179.13771429
              ],
              [
                14337549.05976458,
                4593337.94094076
              ],
              [
                14337355.24518402,
                4593502.05003549
              ],
              [
                14337165.90141685,
                4593671.34642392
              ],
              [
                14336981.16605396,
                4593845.70742921
              ],
              [
                14336801.17345799,
                4594025.00669572
              ],
              [
                14336626.05442931,
                4594209.11432953
              ],
              [
                14336455.93631743,
                4594397.89703899
              ],
              [
                14336290.94302095,
                4594591.21799235
              ],
              [
                14336131.19443097,
                4594788.93709977
              ],
              [
                14335976.80698766,
                4594990.9111539
              ],
              [
                14335827.89278977,
                4595196.99382896
              ],
              [
                14335684.5605964,
                4595407.03553837
              ],
              [
                14335546.91460263,
                4595620.88428279
              ],
              [
                14335415.05521864,
                4595838.38480031
              ],
              [
                14335289.07851314,
                4596059.37955606
              ],
              [
                14335169.07632469,
                4596283.70803391
              ],
              [
                14335055.13615045,
                4596511.20786762
              ],
              [
                14334947.34125737,
                4596741.71384964
              ],
              [
                14334845.77023703,
                4596975.0587793
              ],
              [
                14334750.49745083,
                4597211.07332061
              ],
              [
                14334661.59225083,
                4597449.58628463
              ],
              [
                14334579.11998156,
                4597690.42448727
              ],
              [
                14334503.14075554,
                4597933.41317324
              ],
              [
                14334433.71045518,
                4598178.37587396
              ],
              [
                14334370.87984215,
                4598425.13483154
              ],
              [
                14334314.69500272,
                4598673.51071535
              ],
              [
                14334265.19734773,
                4598923.3233291
              ],
              [
                14334222.42338999,
                4599174.39104434
              ],
              [
                14334186.4046329,
                4599426.53164933
              ],
              [
                14334157.16768185,
                4599679.56164103
              ],
              [
                14334134.73435542,
                4599933.29749865
              ],
              [
                14334119.12146288,
                4600187.55455116
              ],
              [
                14334110.34091541,
                4600442.148251
              ],
              [
                14334108.39939217,
                4600696.89318308
              ],
              [
                14334113.29911955,
                4600951.60419719
              ],
              [
                14334125.03675798,
                4601206.09626639
              ],
              [
                14334143.60451509,
                4601460.18406239
              ],
              [
                14334168.98914385,
                4601713.68294652
              ],
              [
                14334201.17283316,
                4601966.40840365
              ],
              [
                14334240.13265118,
                4602218.17646703
              ],
              [
                14334285.84076806,
                4602468.8040017
              ],
              [
                14334338.26434454,
                4602718.10842158
              ],
              [
                14334397.36575463,
                4602965.90853931
              ],
              [
                14334463.1024743,
                4603212.02371706
              ],
              [
                14334535.42719274,
                4603456.27485815
              ],
              [
                14334614.28758981,
                4603698.48398263
              ],
              [
                14334699.62689257,
                4603938.4746526
              ],
              [
                14334791.38343,
                4604176.0721144
              ],
              [
                14334889.49085571,
                4604411.1032991
              ],
              [
                14334993.87803654,
                4604643.39696484
              ],
              [
                14335104.46949786,
                4604872.78369735
              ],
              [
                14335221.18520097,
                4605099.0963356
              ],
              [
                14335343.94054305,
                4605322.16997243
              ],
              [
                14335472.64646852,
                4605541.84181373
              ],
              [
                14335607.2095803,
                4605757.95188732
              ],
              [
                14335747.53247387,
                4605970.34261889
              ],
              [
                14335893.51306924,
                4606178.85883281
              ],
              [
                14336045.04550156,
                4606383.34860276
              ],
              [
                14336202.0197872,
                4606583.66282773
              ],
              [
                14336364.32182366,
                4606779.65523291
              ],
              [
                14336531.83372362,
                4606971.18293708
              ],
              [
                14336704.43370354,
                4607158.10588701
              ],
              [
                14336881.99630636,
                4607340.28799156
              ],
              [
                14337064.39240146,
                4607517.59613098
              ],
              [
                14337251.48951867,
                4607689.90086617
              ],
              [
                14337443.15129159,
                4607857.07643957
              ],
              [
                14337639.23857087,
                4608019.00063445
              ],
              [
                14337839.60842229,
                4608175.55548406
              ],
              [
                14338044.11512861,
                4608326.62642268
              ],
              [
                14338252.60985569,
                4608472.10327804
              ],
              [
                14338464.94087508,
                4608611.87970565
              ],
              [
                14338680.95345265,
                4608745.8536146
              ],
              [
                14338900.49040532,
                4608873.92716845
              ],
              [
                14339123.39176694,
                4608996.00664436
              ],
              [
                14339349.49523372,
                4609112.00314228
              ],
              [
                14339578.6360528,
                4609221.83173571
              ],
              [
                14339810.64735628,
                4609325.41203911
              ],
              [
                14340045.36004984,
                4609422.66863364
              ],
              [
                14340282.60303542,
                4609513.53021789
              ],
              [
                14340522.20354518,
                4609597.93045844
              ],
              [
                14340763.98691883,
                4609675.80770731
              ],
              [
                14341007.77693763,
                4609747.10514406
              ],
              [
                14341253.39593565,
                4609811.7703514
              ],
              [
                14341500.66479986,
                4609869.75630739
              ],
              [
                14341749.40341531,
                4609921.02053585
              ],
              [
                14341999.43021989,
                4609965.52553181
              ],
              [
                14342250.56309494,
                4610003.23890354
              ],
              [
                14342502.61891988,
                4610034.13294784
              ],
              [
                14342755.41390625,
                4610058.18507539
              ],
              [
                14343008.76370895,
                4610075.37766922
              ],
              [
                14343262.48364897,
                4610085.69836832
              ],
              [
                14343516.38871329,
                4610089.1393593
              ]
            ]
          ]
        ]
      },
      "geometry_name": "ag_geom",
      "properties": {
        "restricted": "<FNT name='TW Cen MT' size='6'><CLR cyan='70' magenta='10' yellow='100' black='0'>R140 <UND>300 AMSL</UND> SFC</CLR></FNT>",
        "res_lbl_1": "R140",
        "res_lbl_2": "300 AMSL",
        "res_lbl_3": "SFC"
      },
      "bbox": [
        14334108.39939217,
        4591195.26813068,
        14352924.37803442,
        4610089.1393593
      ]
    },
    {
      "type": "Feature",
      "id": "lt_c_aisresc.81",
      "geometry": {
        "type": "MultiPolygon",
        "coordinates": [
          [
            [
              [
                14605117.19207749,
                4532638.74312411
              ],
              [
                14629236.41511981,
                4532638.74312411
              ],
              [
                14629236.41511981,
                4509226.27705374
              ],
              [
                14605117.19207749,
                4509226.27705374
              ],
              [
                14605117.19207749,
                4532638.74312411
              ]
            ]
          ]
        ]
      },
      "geometry_name": "ag_geom",
      "properties": {
        "restricted": "<FNT name='TW Cen MT' size='6'><CLR cyan='70' magenta='10' yellow='100' black='0'>R141 <UND>300 AMSL</UND> SFC</CLR></FNT>",
        "res_lbl_1": "R141",
        "res_lbl_2": "300 AMSL",
        "res_lbl_3": "SFC"
      },
      "bbox": [
        14605117.19207749,
        4509226.27705374,
        14629236.41511981,
        4532638.74312411
      ]
    },
    {
      "type": "Feature",
      "id": "lt_c_aisresc.82",
      "geometry": {
        "type": "MultiPolygon",
        "coordinates": [
          [
            [
              [
                14061197.79124161,
                4277712.46303113
              ],
              [
                14063362.33684645,
                4277712.46303113
              ],
              [
                14063362.33684645,
                4266276.0596919
              ],
              [
                14054085.71265078,
                4266276.0596919
              ],
              [
                14061197.79124161,
                4277712.46303113
              ]
            ]
          ]
        ]
      },
      "geometry_name": "ag_geom",
      "properties": {
        "restricted": "<FNT name='TW Cen MT' size='6'><CLR cyan='70' magenta='10' yellow='100' black='0'>R151A <UND>100 AMSL</UND> SFC</CLR></FNT>",
        "res_lbl_1": "R151A",
        "res_lbl_2": "100 AMSL",
        "res_lbl_3": "SFC"
      },
      "bbox": [
        14054085.71265078,
        4266276.0596919,
        14063362.33684645,
        4277712.46303113
      ]
    },
    {
      "type": "Feature",
      "id": "lt_c_aisresc.83",
      "geometry": {
        "type": "MultiPolygon",
        "coordinates": [
          [
            [
              [
                14274034.47317272,
                4310300.76209817
              ],
              [
                14274279.37137705,
                4310291.9742397
              ],
              [
                14274523.02046537,
                4310265.65560409
              ],
              [
                14274764.17766689,
                4310221.94045873
              ],
              [
                14275001.61301254,
                4310161.05198223
              ],
              [
                14275234.11556893,
                4310083.30101956
              ],
              [
                14275460.49956083,
                4309989.08442218
              ],
              [
                14275679.61060511,
                4309878.88338618
              ],
              [
                14275890.33138807,
                4309753.26013635
              ],
              [
                14276091.58756526,
                4309612.85598591
              ],
              [
                14276282.35321628,
                4309458.38746712
              ],
              [
                14276461.6560767,
                4309290.64301191
              ],
              [
                14276628.58221349,
                4309110.47839248
              ],
              [
                14276782.28114575,
                4308918.81298799
              ],
              [
                14276921.96985217,
                4308716.62453651
              ],
              [
                14277046.93711254,
                4308504.94457586
              ],
              [
                14277156.54651331,
                4308284.85278364
              ],
              [
                14277250.24023253,
                4308057.47159353
              ],
              [
                14277327.54182278,
                4307823.96067529
              ],
              [
                14277388.0581036,
                4307585.51031472
              ],
              [
                14277431.48194452,
                4307343.3365854
              ],
              [
                14277457.59304429,
                4307098.67363083
              ],
              [
                14277466.25948928,
                4306852.76870258
              ],
              [
                14277457.4384215,
                4306606.87472218
              ],
              [
                14277431.17581593,
                4306362.24477298
              ],
              [
                14277387.60681438,
                4306120.12507975
              ],
              [
                14277326.95438982,
                4305881.74909208
              ],
              [
                14277249.52867835,
                4305648.33101917
              ],
              [
                14277155.72530943,
                4305421.05950453
              ],
              [
                14277046.0230682,
                4305201.09171554
              ],
              [
                14276920.98155774,
                4304989.54784779
              ],
              [
                14276781.23863872,
                4304787.50466731
              ],
              [
                14276627.50675589,
                4304595.99070598
              ],
              [
                14276460.56948715,
                4304415.98076962
              ],
              [
                14276281.27775868,
                4304248.3908598
              ],
              [
                14276090.54505823,
                4304094.07392186
              ],
              [
                14275889.3429823,
                4303953.81504244
              ],
              [
                14275678.69656078,
                4303828.32788554
              ],
              [
                14275459.67835695,
                4303718.25085278
              ],
              [
                14275233.40401476,
                4303624.14393094
              ],
              [
                14275001.0255796,
                4303546.48581369
              ],
              [
                14274763.72626634,
                4303485.67171006
              ],
              [
                14274522.71433677,
                4303442.01060085
              ],
              [
                14274279.21675427,
                4303415.72497055
              ],
              [
                14274034.47317272,
                4303406.94805998
              ],
              [
                14273789.72959116,
                4303415.72497055
              ],
              [
                14273546.23200866,
                4303442.01060085
              ],
              [
                14273305.22007909,
                4303485.67171006
              ],
              [
                14273067.92087716,
                4303546.48581369
              ],
              [
                14272835.54244201,
                4303624.14393094
              ],
              [
                14272609.26798849,
                4303718.25085278
              ],
              [
                14272390.24989598,
                4303828.32788554
              ],
              [
                14272179.60336314,
                4303953.81504244
              ],
              [
                14271978.40128721,
                4304094.07392186
              ],
              [
                14271787.66858675,
                4304248.3908598
              ],
              [
                14271608.37685828,
                4304415.98076962
              ],
              [
                14271441.43970086,
                4304595.99070598
              ],
              [
                14271287.70781804,
                4304787.50466731
              ],
              [
                14271147.96489902,
                4304989.54784779
              ],
              [
                14271022.92338856,
                4305201.09171554
              ],
              [
                14270913.221036,
                4305421.05950453
              ],
              [
                14270819.41766709,
                4305648.33101917
              ],
              [
                14270741.99206694,
                4305881.74909208
              ],
              [
                14270681.33964238,
                4306120.12507975
              ],
              [
                14270637.77064083,
                4306362.24477298
              ],
              [
                14270611.50803524,
                4306606.87472218
              ],
              [
                14270602.68696748,
                4306852.76870258
              ],
              [
                14270611.35341247,
                4307098.67363083
              ],
              [
                14270637.46451223,
                4307343.3365854
              ],
              [
                14270680.88835317,
                4307585.51031472
              ],
              [
                14270741.40463399,
                4307823.96067529
              ],
              [
                14270818.70622423,
                4308057.47159353
              ],
              [
                14270912.39994344,
                4308284.85278364
              ],
              [
                14271022.00934421,
                4308504.94457586
              ],
              [
                14271146.97660458,
                4308716.62453651
              ],
              [
                14271286.66531101,
                4308918.81298799
              ],
              [
                14271440.36424326,
                4309110.47839248
              ],
              [
                14271607.29038005,
                4309290.64301191
              ],
              [
                14271786.59312916,
                4309458.38746712
              ],
              [
                14271977.35878018,
                4309612.85598591
              ],
              [
                14272178.6150687,
                4309753.26013635
              ],
              [
                14272389.33585164,
                4309878.88338618
              ],
              [
                14272608.44689593,
                4309989.08442218
              ],
              [
                14272834.83088781,
                4310083.30101956
              ],
              [
                14273067.33344421,
                4310161.05198223
              ],
              [
                14273304.76878987,
                4310221.94045873
              ],
              [
                14273545.92599139,
                4310265.65560409
              ],
              [
                14273789.57496839,
                4310291.9742397
              ],
              [
                14274034.47317272,
                4310300.76209817
              ]
            ]
          ]
        ]
      },
      "geometry_name": "ag_geom",
      "properties": {
        "restricted": "<FNT name='TW Cen MT' size='6'><CLR cyan='70' magenta='10' yellow='100' black='0'>R155A <UND>9 500 AMSL</UND> SFC</CLR></FNT>",
        "res_lbl_1": "R155A",
        "res_lbl_2": "9 500 AMSL",
        "res_lbl_3": "SFC"
      },
      "bbox": [
        14270602.68696748,
        4303406.94805998,
        14277466.25948928,
        4310300.76209817
      ]
    },
    {
      "type": "Feature",
      "id": "lt_c_aisresc.84",
      "geometry": {
        "type": "MultiPolygon",
        "coordinates": [
          [
            [
              [
                14360214.31233228,
                4612440.62859651
              ],
              [
                14445559.25531091,
                4612440.62859651
              ],
              [
                14445559.25531091,
                4551210.91969188
              ],
              [
                14430716.65646424,
                4551210.91969188
              ],
              [
                14395465.48445393,
                4602997.05138344
              ],
              [
                14360214.31233228,
                4602997.05138344
              ],
              [
                14360214.31233228,
                4612440.62859651
              ]
            ]
          ]
        ]
      },
      "geometry_name": "ag_geom",
      "properties": {
        "restricted": "<FNT name='TW Cen MT' size='6'><CLR cyan='70' magenta='10' yellow='100' black='0'>R156 <UND>3 500 AMSL</UND> SFC</CLR></FNT>",
        "res_lbl_1": "R156",
        "res_lbl_2": "3 500 AMSL",
        "res_lbl_3": "SFC"
      },
      "bbox": [
        14360214.31233228,
        4551210.91969188,
        14445559.25531091,
        4612440.62859651
      ]
    },
    {
      "type": "Feature",
      "id": "lt_c_aisresc.85",
      "geometry": {
        "type": "MultiPolygon",
        "coordinates": [
          [
            [
              [
                14377005.0021565,
                4192761.3430477
              ],
              [
                14377246.94660946,
                4192742.68167149
              ],
              [
                14377483.21766457,
                4192687.1352287
              ],
              [
                14377708.27517341,
                4192596.00680868
              ],
              [
                14377916.84225817,
                4192471.43404874
              ],
              [
                14378104.0292102,
                4192316.33889568
              ],
              [
                14378265.4479265,
                4192134.35908441
              ],
              [
                14378397.31521418,
                4191929.76243579
              ],
              [
                14378496.54128946,
                4191707.34671228
              ],
              [
                14378560.80180135,
                4191472.32708902
              ],
              [
                14378588.59282354,
                4191230.21329657
              ],
              [
                14378579.26514078,
                4190986.68094166
              ],
              [
                14378533.03994485,
                4190747.4379666
              ],
              [
                14378451.00293481,
                4190518.09101883
              ],
              [
                14378335.07871328,
                4190304.01445372
              ],
              [
                14378187.98581356,
                4190110.2240093
              ],
              [
                14378013.17269084,
                4189941.2595028
              ],
              [
                14377814.73679294,
                4189801.07898945
              ],
              [
                14377597.32815763,
                4189692.96586856
              ],
              [
                14377366.04154404,
                4189619.45219209
              ],
              [
                14377126.29587366,
                4189582.25993354
              ],
              [
                14376883.70843933,
                4189582.25993354
              ],
              [
                14376643.96288027,
                4189619.45219209
              ],
              [
                14376412.67615536,
                4189692.96586856
              ],
              [
                14376195.26763136,
                4189801.07898945
              ],
              [
                14375996.83162215,
                4189941.2595028
              ],
              [
                14375822.01849944,
                4190110.2240093
              ],
              [
                14375674.92571105,
                4190304.01445372
              ],
              [
                14375559.00148952,
                4190518.09101883
              ],
              [
                14375476.96436813,
                4190747.4379666
              ],
              [
                14375430.73917221,
                4190986.68094166
              ],
              [
                14375421.41160077,
                4191230.21329657
              ],
              [
                14375449.20251164,
                4191472.32708902
              ],
              [
                14375513.46313485,
                4191707.34671228
              ],
              [
                14375612.68921013,
                4191929.76243579
              ],
              [
                14375744.5564978,
                4192134.35908441
              ],
              [
                14375905.97521411,
                4192316.33889568
              ],
              [
                14376093.16205483,
                4192471.43404874
              ],
              [
                14376301.72913958,
                4192596.00680868
              ],
              [
                14376526.78675975,
                4192687.1352287
              ],
              [
                14376763.05781487,
                4192742.68167149
              ],
              [
                14377005.0021565,
                4192761.3430477
              ]
            ]
          ]
        ]
      },
      "geometry_name": "ag_geom",
      "properties": {
        "restricted": "<FNT name='TW Cen MT' size='6'><CLR cyan='70' magenta='10' yellow='100' black='0'>R157 <UND>6 000 AMSL</UND> SFC</CLR></FNT>",
        "res_lbl_1": "R157",
        "res_lbl_2": "6 000 AMSL",
        "res_lbl_3": "SFC"
      },
      "bbox": [
        14375421.41160077,
        4189582.25993354,
        14378588.59282354,
        4192761.3430477
      ]
    }
  ],
  "totalFeatures": 84,
  "numberMatched": 84,
  "numberReturned": 84,
  "timeStamp": "2026-05-25T13:48:31.835Z",
  "crs": {
    "type": "name",
    "properties": {
      "name": "urn:ogc:def:crs:EPSG::3857"
    }
  },
  "bbox": [
    13811347.38474431,
    3891986.101472,
    14629236.41511981,
    4659789.00791056
  ]
}