{
  "type": "FeatureCollection",
  "features": [
    {
      "type": "Feature",
      "id": "lt_c_aisprhc.1",
      "geometry": {
        "type": "MultiPolygon",
        "coordinates": [
          [
            [
              [
                14135414.94815589,
                4509391.77712201
              ],
              [
                14135164.91634193,
                4509378.28592648
              ],
              [
                14134914.52396413,
                4509378.28592648
              ],
              [
                14134664.49203885,
                4509391.77712201
              ],
              [
                14134415.54069187,
                4509418.72083677
              ],
              [
                14134168.38659806,
                4509459.03943679
              ],
              [
                14133923.74142294,
                4509512.61703052
              ],
              [
                14133682.30981887,
                4509579.299607
              ],
              [
                14133444.78686477,
                4509658.89545383
              ],
              [
                14133211.85684154,
                4509751.17543434
              ],
              [
                14132984.19056043,
                4509855.87424624
              ],
              [
                14132762.44380456,
                4509972.69083787
              ],
              [
                14132547.25532517,
                4510101.28896421
              ],
              [
                14132339.24517183,
                4510241.29886506
              ],
              [
                14132139.01279998,
                4510392.31782022
              ],
              [
                14131947.13506725,
                4510553.91112536
              ],
              [
                14131764.16523148,
                4510725.61390962
              ],
              [
                14131590.63061312,
                4510906.93211105
              ],
              [
                14131427.03170459,
                4511097.34387308
              ],
              [
                14131273.84038921,
                4511296.30108118
              ],
              [
                14131131.49849404,
                4511503.2310401
              ],
              [
                14131000.416788,
                4511717.5381512
              ],
              [
                14130880.97364606,
                4511938.60516904
              ],
              [
                14130773.51393597,
                4512165.79558107
              ],
              [
                14130678.34823912,
                4512398.45514564
              ],
              [
                14130595.75151466,
                4512635.91371118
              ],
              [
                14130525.96265422,
                4512877.4873167
              ],
              [
                14130469.18381398,
                4513122.47973131
              ],
              [
                14130425.57941283,
                4513370.18511744
              ],
              [
                14130395.27624369,
                4513619.88957177
              ],
              [
                14130378.36247158,
                4513870.87350917
              ],
              [
                14130374.88785631,
                4514122.41320507
              ],
              [
                14130384.86330721,
                4514373.78346168
              ],
              [
                14130408.26121702,
                4514624.25971355
              ],
              [
                14130445.01490537,
                4514873.11915114
              ],
              [
                14130495.019398,
                4515119.64437223
              ],
              [
                14130558.1314267,
                4515363.12394549
              ],
              [
                14130634.16987468,
                4515602.85550187
              ],
              [
                14130722.91611046,
                4515838.14728244
              ],
              [
                14130824.11521238,
                4516068.32024841
              ],
              [
                14130937.47596868,
                4516292.70991102
              ],
              [
                14131062.6719906,
                4516510.66858328
              ],
              [
                14131199.34293694,
                4516721.56707051
              ],
              [
                14131347.09507068,
                4516924.7963614
              ],
              [
                14131505.50270609,
                4517119.76960024
              ],
              [
                14131674.10932191,
                4517305.92363823
              ],
              [
                14131852.42878594,
                4517482.72086585
              ],
              [
                14132039.94702479,
                4517649.65048365
              ],
              [
                14132236.12324834,
                4517806.23019442
              ],
              [
                14132440.39161963,
                4517952.00775487
              ],
              [
                14132652.16281329,
                4518086.56182508
              ],
              [
                14132870.82590795,
                4518209.50351995
              ],
              [
                14133095.7498334,
                4518320.4776794
              ],
              [
                14133326.28559702,
                4518419.16343615
              ],
              [
                14133561.76773091,
                4518505.27562571
              ],
              [
                14133801.51662955,
                4518578.56549363
              ],
              [
                14134044.84021967,
                4518638.82098087
              ],
              [
                14134202.58327771,
                4518668.96563776
              ],
              [
                14134245.81910003,
                4518703.47414224
              ],
              [
                14134450.10483716,
                4518849.26392524
              ],
              [
                14134661.8941759,
                4518983.82939621
              ],
              [
                14134880.5758609,
                4519106.78149615
              ],
              [
                14135105.51904463,
                4519217.76503441
              ],
              [
                14135336.07451181,
                4519316.45925657
              ],
              [
                14135571.57679451,
                4519402.57883313
              ],
              [
                14135811.34606462,
                4519475.87484778
              ],
              [
                14136054.6904715,
                4519536.13536369
              ],
              [
                14136300.90725519,
                4519583.18627023
              ],
              [
                14136549.28575208,
                4519616.89170757
              ],
              [
                14136799.10884199,
                4519637.1539288
              ],
              [
                14137049.65539729,
                4519643.91442549
              ],
              [
                14137300.20184126,
                4519637.1539288
              ],
              [
                14137550.02493117,
                4519616.89170757
              ],
              [
                14137798.40342806,
                4519583.18627023
              ],
              [
                14138044.62032307,
                4519536.13536369
              ],
              [
                14138287.96461863,
                4519475.87484778
              ],
              [
                14138527.73400006,
                4519402.57883313
              ],
              [
                14138763.23628276,
                4519316.45925657
              ],
              [
                14138993.79163862,
                4519217.76503441
              ],
              [
                14139218.73482235,
                4519106.78149615
              ],
              [
                14139437.41661867,
                4518983.82939621
              ],
              [
                14139649.20584609,
                4518849.26392524
              ],
              [
                14139853.49169454,
                4518703.47414224
              ],
              [
                14140049.68461602,
                4518546.88100205
              ],
              [
                14140237.21888487,
                4518379.93734862
              ],
              [
                14140415.55359968,
                4518203.1250993
              ],
              [
                14140584.17457572,
                4518016.95537835
              ],
              [
                14140742.59568078,
                4517821.96556062
              ],
              [
                14140890.36050494,
                4517618.7191242
              ],
              [
                14141027.04302851,
                4517407.80269435
              ],
              [
                14141152.24984842,
                4517189.82547512
              ],
              [
                14141265.62017819,
                4516965.41685567
              ],
              [
                14141366.82785172,
                4516735.22443819
              ],
              [
                14141455.58165722,
                4516499.91276847
              ],
              [
                14141531.62656173,
                4516260.16094359
              ],
              [
                14141594.74393377,
                4516016.66064144
              ],
              [
                14141644.75265654,
                4515770.11457214
              ],
              [
                14141681.50946184,
                4515521.23394721
              ],
              [
                14141704.9093754,
                4515270.73665162
              ],
              [
                14141714.88571685,
                4515019.34499525
              ],
              [
                14141711.41076762,
                4514767.78402685
              ],
              [
                14141694.49554835,
                4514516.77900634
              ],
              [
                14141664.18970755,
                4514267.05329911
              ],
              [
                14141620.58163285,
                4514019.32697309
              ],
              [
                14141563.79778324,
                4513774.31385233
              ],
              [
                14141494.00302286,
                4513532.71997518
              ],
              [
                14141411.39928528,
                4513295.24135134
              ],
              [
                14141316.22535079,
                4513062.56200037
              ],
              [
                14141208.75651251,
                4512835.35241186
              ],
              [
                14141089.30324048,
                4512614.26660269
              ],
              [
                14140958.21029117,
                4512399.94156089
              ],
              [
                14140815.85626219,
                4512192.99402324
              ],
              [
                14140662.6518111,
                4511994.02006034
              ],
              [
                14140499.03887632,
                4511803.59213566
              ],
              [
                14140325.48956378,
                4511622.25869124
              ],
              [
                14140142.50403196,
                4511450.54134757
              ],
              [
                14139950.61004659,
                4511288.93448942
              ],
              [
                14139750.36053153,
                4511137.90274667
              ],
              [
                14139542.33256708,
                4510997.88100111
              ],
              [
                14139327.1258313,
                4510869.27200729
              ],
              [
                14139105.36015111,
                4510752.44555698
              ],
              [
                14138877.67438909,
                4510647.73792389
              ],
              [
                14138644.72455099,
                4510555.45004502
              ],
              [
                14138407.18144806,
                4510475.84766629
              ],
              [
                14138165.72913857,
                4510409.15938261
              ],
              [
                14137921.0631467,
                4510355.57720335
              ],
              [
                14137883.61360021,
                4510349.46837434
              ],
              [
                14137740.19502292,
                4510241.29886506
              ],
              [
                14137532.18486957,
                4510101.28896421
              ],
              [
                14137316.99650151,
                4509972.69083787
              ],
              [
                14137095.24974564,
                4509855.87424624
              ],
              [
                14136867.58335322,
                4509751.17543434
              ],
              [
                14136634.65332999,
                4509658.89545383
              ],
              [
                14136397.1304872,
                4509579.299607
              ],
              [
                14136155.69877182,
                4509512.61703052
              ],
              [
                14135911.05370801,
                4509459.03943679
              ],
              [
                14135663.8996142,
                4509418.72083677
              ],
              [
                14135414.94815589,
                4509391.77712201
              ]
            ]
          ]
        ]
      },
      "geometry_name": "ag_geom",
      "properties": {
        "prohibited": "<FNT name='TW Cen MT' size='8'><CLR red='13' green='23' blue='110'>RK P73A\r\n<UND></UND></CLR></FNT>",
        "prh_lbl_1": "RK P73A",
        "prh_lbl_2": "UNL",
        "prh_lbl_3": "GND",
        "prh_lbl_4": "비행금지구역",
        "prh_typ": "1"
      },
      "bbox": [
        14130374.88785631,
        4509378.28592648,
        14141714.88571685,
        4519643.91442549
      ]
    },
    {
      "type": "Feature",
      "id": "lt_c_aisprhc.2",
      "geometry": {
        "type": "MultiPolygon",
        "coordinates": [
          [
            [
              [
                13919976.67306333,
                4528725.18066815
              ],
              [
                13941618.9631854,
                4521117.1143389
              ],
              [
                13972228.81752729,
                4534978.90759371
              ],
              [
                13992396.16146573,
                4536350.53234274
              ],
              [
                13998200.21132681,
                4539590.6052162
              ],
              [
                14027885.44597819,
                4531658.22281708
              ],
              [
                14038408.19914414,
                4539281.85689983
              ],
              [
                14044530.77113778,
                4537640.18428457
              ],
              [
                14044661.84983818,
                4534087.69976562
              ],
              [
                14044809.06986476,
                4530099.85811137
              ],
              [
                14007702.61004017,
                4509031.39307665
              ],
              [
                13874119.22108824,
                4509031.39307665
              ],
              [
                13820314.78198491,
                4579425.81287009
              ],
              [
                13898238.4255402,
                4579425.81287009
              ],
              [
                13899880.3880294,
                4546899.24014413
              ],
              [
                13919976.67306333,
                4528725.18066815
              ]
            ]
          ]
        ]
      },
      "geometry_name": "ag_geom",
      "properties": {
        "prohibited": "<FNT name='TW Cen MT' size='8'><CLR red='13' green='23' blue='110'>RK P518W\r\n<UND></UND></CLR></FNT>",
        "prh_lbl_1": "RK P518W",
        "prh_lbl_2": "UNL",
        "prh_lbl_3": "GND",
        "prh_lbl_4": "비행금지구역",
        "prh_typ": "1"
      },
      "bbox": [
        13820314.78198491,
        4509031.39307665,
        14044809.06986476,
        4579425.81287009
      ]
    },
    {
      "type": "Feature",
      "id": "lt_c_aisprhc.3",
      "geometry": {
        "type": "MultiPolygon",
        "coordinates": [
          [
            [
              [
                14289015.81317428,
                4667139.87949243
              ],
              [
                14289711.94960997,
                4669285.00849548
              ],
              [
                14319397.18426133,
                4669285.00849548
              ],
              [
                14327746.14607083,
                4650301.83673895
              ],
              [
                14336095.10788032,
                4631353.77165659
              ],
              [
                14310977.80853245,
                4617633.60861685
              ],
              [
                14310991.89478949,
                4617696.49111463
              ],
              [
                14311016.58756762,
                4617743.27072191
              ],
              [
                14311050.27217762,
                4617807.08532351
              ],
              [
                14311063.51619139,
                4617884.68518777
              ],
              [
                14311166.81956566,
                4617952.1637813
              ],
              [
                14311171.3706404,
                4617973.90215998
              ],
              [
                14311177.41484348,
                4618002.77301662
              ],
              [
                14311127.08752433,
                4618181.5943353
              ],
              [
                14310989.34969197,
                4618225.45666387
              ],
              [
                14310964.16755336,
                4618242.99824444
              ],
              [
                14310787.01126669,
                4618366.40385605
              ],
              [
                14310604.9482395,
                4618430.78129899
              ],
              [
                14310564.92888256,
                4618470.98195484
              ],
              [
                14310516.78320279,
                4618557.41035136
              ],
              [
                14310523.16025114,
                4618731.57392793
              ],
              [
                14310584.08273678,
                4618775.43859944
              ],
              [
                14310602.62433381,
                4618859.79420769
              ],
              [
                14310581.84944516,
                4619100.24548205
              ],
              [
                14310367.89338385,
                4619536.74652745
              ],
              [
                14310325.5363176,
                4619591.06227976
              ],
              [
                14310310.28554737,
                4619591.34591369
              ],
              [
                14310158.89103989,
                4619738.19842703
              ],
              [
                14310031.2632437,
                4619938.23605138
              ],
              [
                14310023.24824035,
                4620068.64196969
              ],
              [
                14310032.04248013,
                4620137.42661602
              ],
              [
                14309966.91144982,
                4620192.70512741
              ],
              [
                14309982.80419956,
                4620347.94140737
              ],
              [
                14309990.75063009,
                4620499.80519546
              ],
              [
                14309966.91144982,
                4620536.92785229
              ],
              [
                14309876.85208934,
                4620516.679088
              ],
              [
                14309807.98317316,
                4620638.1719876
              ],
              [
                14309817.41850188,
                4620840.90010892
              ],
              [
                14309937.77457498,
                4621093.78320453
              ],
              [
                14310019.88750493,
                4621157.90778706
              ],
              [
                14310075.51240733,
                4621181.53286833
              ],
              [
                14310361.58323852,
                4621205.15786201
              ],
              [
                14310361.58323852,
                4621286.15843438
              ],
              [
                14310321.85119719,
                4621340.15902829
              ],
              [
                14310247.68458645,
                4621404.28528773
              ],
              [
                14310088.7564211,
                4621481.91227226
              ],
              [
                14309974.85788035,
                4621458.28664329
              ],
              [
                14309919.23297795,
                4621488.66244166
              ],
              [
                14309855.66164503,
                4621566.29006263
              ],
              [
                14309813.28075641,
                4621640.54320389
              ],
              [
                14309770.89997911,
                4621755.29888023
              ],
              [
                14309772.12148789,
                4621843.38852024
              ],
              [
                14309776.19756236,
                4621900.43313368
              ],
              [
                14309786.79272885,
                4621971.31322847
              ],
              [
                14309802.68558991,
                4622038.81875745
              ],
              [
                14309866.25692283,
                4622136.70229861
              ],
              [
                14310030.48267143,
                4622092.82330087
              ],
              [
                14310160.27407325,
                4622089.4480884
              ],
              [
                14310186.7621008,
                4622119.82574979
              ],
              [
                14310192.05979537,
                4622298.71874579
              ],
              [
                14310266.22629479,
                4622383.10323365
              ],
              [
                14310234.44057267,
                4622433.73425852
              ],
              [
                14310178.81578159,
                4622450.61132217
              ],
              [
                14309876.85208934,
                4622751.02777196
              ],
              [
                14309617.2692857,
                4622828.6649163
              ],
              [
                14309447.74584255,
                4622886.04936157
              ],
              [
                14309373.57934313,
                4623054.82866289
              ],
              [
                14309376.22819041,
                4623159.47327687
              ],
              [
                14309413.31138446,
                4623253.99188463
              ],
              [
                14309524.56118925,
                4623318.1300717
              ],
              [
                14309498.0731617,
                4623480.16498071
              ],
              [
                14309336.49614908,
                4623547.68026749
              ],
              [
                14309219.94876104,
                4623530.80140426
              ],
              [
                14308894.14588852,
                4623692.83980464
              ],
              [
                14308740.5151951,
                4623838.00124805
              ],
              [
                14308380.27786449,
                4624270.12194033
              ],
              [
                14308205.45683808,
                4624526.70214553
              ],
              [
                14308131.29033867,
                4624617.8572735
              ],
              [
                14308009.44536738,
                4624682.00382227
              ],
              [
                14307951.17172903,
                4624776.53641949
              ],
              [
                14307906.14199312,
                4624820.42686442
              ],
              [
                14307845.21950747,
                4624847.436473
              ],
              [
                14307749.86256374,
                4624955.47561652
              ],
              [
                14307686.29134214,
                4625110.78376704
              ],
              [
                14307658.76659616,
                4625298.08245538
              ],
              [
                14307680.99364757,
                4625397.7724264
              ],
              [
                14307847.86835476,
                4625421.4071034
              ],
              [
                14307967.06447876,
                4625441.6655223
              ],
              [
                14307998.85008956,
                4625472.05308353
              ],
              [
                14307940.57645121,
                4625583.47514604
              ],
              [
                14307988.25492307,
                4625732.03982107
              ],
              [
                14308001.49893686,
                4625806.3228924
              ],
              [
                14307999.36293846,
                4625836.27390201
              ],
              [
                14307998.85008956,
                4625843.4647002
              ],
              [
                14307967.06447876,
                4625860.34735865
              ],
              [
                14307929.98128471,
                4625914.37210871
              ],
              [
                14307879.65396556,
                4625944.76106664
              ],
              [
                14307744.5649805,
                4625988.65649699
              ],
              [
                14307704.83293917,
                4626015.66917355
              ],
              [
                14307704.83293917,
                4626329.69658565
              ],
              [
                14307781.64817455,
                4626400.60734671
              ],
              [
                14307832.09104333,
                4626551.2391511
              ],
              [
                14307858.46352126,
                4626724.77685007
              ],
              [
                14307821.38032721,
                4626778.80614147
              ],
              [
                14307749.86256374,
                4626957.7800372
              ],
              [
                14307548.5535098,
                4627116.49543164
              ],
              [
                14307371.08363611,
                4627204.2964835
              ],
              [
                14307286.32185887,
                4627275.21327594
              ],
              [
                14307143.28644327,
                4627454.19581217
              ],
              [
                14306946.60894805,
                4627709.14721182
              ],
              [
                14306510.22240657,
                4628274.85393071
              ],
              [
                14306258.58603347,
                4628595.70518312
              ],
              [
                14306086.41374303,
                4628967.22964811
              ],
              [
                14306285.07406102,
                4629220.54952729
              ],
              [
                14306271.83004725,
                4629487.38648692
              ],
              [
                14306183.06811542,
                4629584.90315636
              ],
              [
                14306099.65775681,
                4629676.54107074
              ],
              [
                14306030.78884064,
                4629744.09705188
              ],
              [
                14306025.49125739,
                4629801.51995656
              ],
              [
                14306083.76489574,
                4629879.21034622
              ],
              [
                14306033.43768791,
                4629977.16868046
              ],
              [
                14305999.00322983,
                4630061.61619624
              ],
              [
                14305946.02717471,
                4630061.61619624
              ],
              [
                14305755.31328725,
                4630274.42718381
              ],
              [
                14305609.62902438,
                4630396.03540034
              ],
              [
                14305543.40895548,
                4630548.04762354
              ],
              [
                14305445.40316447,
                4630808.16275673
              ],
              [
                14305397.72469261,
                4630879.10441606
              ],
              [
                14305389.77837339,
                4631037.88022508
              ],
              [
                14305410.96870639,
                4631166.25414265
              ],
              [
                14305440.10558123,
                4631213.55008119
              ],
              [
                14305471.89119203,
                4631270.9813389
              ],
              [
                14305540.5236656,
                4631349.51228024
              ],
              [
                14305895.562376,
                4631258.58225716
              ],
              [
                14305900.67004819,
                4631170.63909244
              ],
              [
                14305915.14169331,
                4631169.55339659
              ],
              [
                14305933.01849035,
                4631268.35375058
              ],
              [
                14306023.25340166,
                4631509.38719458
              ],
              [
                14306064.1145566,
                4631519.15892651
              ],
              [
                14306108.3807521,
                4631543.04550033
              ],
              [
                14306131.36522133,
                4631569.10360548
              ],
              [
                14306059.0068844,
                4631626.64873303
              ],
              [
                14305983.11036877,
                4631652.73771859
              ],
              [
                14305890.40227232,
                4631747.33457575
              ],
              [
                14305797.69417587,
                4631794.63318891
              ],
              [
                14305882.45584179,
                4631970.31598291
              ],
              [
                14305877.15825854,
                4632061.53699259
              ],
              [
                14305846.20698732,
                4632201.63567515
              ],
              [
                14305750.01570401,
                4632271.01070321
              ],
              [
                14305667.90277405,
                4632308.17587652
              ],
              [
                14305593.73627463,
                4632402.77862632
              ],
              [
                14305569.89698304,
                4632497.38224721
              ],
              [
                14305506.32565011,
                4632598.74420586
              ],
              [
                14305200.65368299,
                4632755.65460027
              ],
              [
                14305035.36839549,
                4632917.83831965
              ],
              [
                14304768.36893078,
                4633282.76115648
              ],
              [
                14304336.08417857,
                4633761.23519311
              ],
              [
                14304072.32344313,
                4634097.72544107
              ],
              [
                14303986.44201446,
                4634207.29028154
              ],
              [
                14303668.58557245,
                4634645.25427391
              ],
              [
                14303249.01506458,
                4635180.56883532
              ],
              [
                14303226.94920379,
                4635210.41181992
              ],
              [
                14302931.15862257,
                4635610.46296303
              ],
              [
                14302550.64934477,
                4636092.09884867
              ],
              [
                14302035.35932557,
                4636693.00336114
              ],
              [
                14301875.10156024,
                4636859.75284975
              ],
              [
                14301749.36096338,
                4637039.09008595
              ],
              [
                14301655.67191957,
                4637174.38161802
              ],
              [
                14301492.94876147,
                4637432.38449403
              ],
              [
                14301248.86396867,
                4637791.08224823
              ],
              [
                14301022.03770442,
                4638200.13872098
              ],
              [
                14300982.58963911,
                4638310.27217143
              ],
              [
                14300839.59051368,
                4638609.2114952
              ],
              [
                14300785.34942387,
                4638709.90890235
              ],
              [
                14300536.33373421,
                4639103.26733188
              ],
              [
                14300519.07520565,
                4639181.94088371
              ],
              [
                14300479.62714033,
                4639266.90899707
              ],
              [
                14300639.88479435,
                4639515.52330105
              ],
              [
                14300496.8856689,
                4639688.61272181
              ],
              [
                14300447.57558726,
                4639716.9367464
              ],
              [
                14300334.1625108,
                4639666.58297895
              ],
              [
                14300220.74932304,
                4639811.35058419
              ],
              [
                14300191.16327405,
                4639867.99938905
              ],
              [
                14300161.57733639,
                4639981.29793691
              ],
              [
                14300139.38779964,
                4640006.47556187
              ],
              [
                14300092.54322207,
                4640019.06425541
              ],
              [
                14299964.33712113,
                4640220.48772598
              ],
              [
                14299917.49254357,
                4640374.70510084
              ],
              [
                14299855.85494152,
                4640525.77742672
              ],
              [
                14299813.94137213,
                4640560.39851388
              ],
              [
                14299786.82093854,
                4640617.05145395
              ],
              [
                14299764.63140181,
                4640720.91598978
              ],
              [
                14299722.7178324,
                4640890.87826505
              ],
              [
                14299656.20443666,
                4640981.16359529
              ],
              [
                14299624.38698848,
                4641055.01599221
              ],
              [
                14299601.24700593,
                4641136.25432805
              ],
              [
                14299598.35448028,
                4641283.96202827
              ],
              [
                14299578.10702338,
                4641317.19647926
              ],
              [
                14299546.2895752,
                4641394.74423446
              ],
              [
                14299514.47212702,
                4641848.96361606
              ],
              [
                14299517.36465266,
                4641911.74344363
              ],
              [
                14299569.42955776,
                4642081.62027268
              ],
              [
                14299625.33287019,
                4642254.434758
              ],
              [
                14299673.00288178,
                4642283.2255163
              ],
              [
                14299906.72238283,
                4642315.27925404
              ],
              [
                14300290.22904925,
                4642552.86617642
              ],
              [
                14300508.07895503,
                4642665.86675347
              ],
              [
                14300592.04201491,
                4642703.53379435
              ],
              [
                14300631.76860159,
                4642732.79784907
              ],
              [
                14300651.04301482,
                4642746.99603488
              ],
              [
                14300671.46646785,
                4642770.17602865
              ],
              [
                14300691.88992086,
                4642807.8435947
              ],
              [
                14300766.77576683,
                4642845.51115694
              ],
              [
                14300855.27732236,
                4642906.35930116
              ],
              [
                14300889.31637361,
                4642949.82240108
              ],
              [
                14300946.04812571,
                4643071.52000377
              ],
              [
                14300973.2794335,
                4643167.14066322
              ],
              [
                14300975.54868133,
                4643230.88816999
              ],
              [
                14300968.74082655,
                4643274.35264507
              ],
              [
                14300907.47057881,
                4643335.20333334
              ],
              [
                14300864.35442496,
                4643369.97519545
              ],
              [
                14300828.04612589,
                4643419.23555894
              ],
              [
                14300812.10728988,
                4643467.82494143
              ],
              [
                14300805.35342505,
                4643598.89329975
              ],
              [
                14300789.46846767,
                4643691.62100608
              ],
              [
                14300694.15916867,
                4643790.1452015
              ],
              [
                14300644.23516004,
                4643830.71427968
              ],
              [
                14300573.88780972,
                4643914.75070736
              ],
              [
                14300415.03890385,
                4644004.58345339
              ],
              [
                14300333.3452031,
                4644117.60002545
              ],
              [
                14300319.72949355,
                4644169.76198404
              ],
              [
                14300297.03679271,
                4644300.16789912
              ],
              [
                14300176.76554506,
                4644476.94298084
              ],
              [
                14299918.06873326,
                4644645.02711618
              ],
              [
                14299870.41397244,
                4644674.00740816
              ],
              [
                14299670.71827187,
                4644908.75076329
              ],
              [
                14299450.59900696,
                4645166.68490326
              ],
              [
                14299389.3286479,
                4645215.95404004
              ],
              [
                14299314.44280193,
                4645268.12158591
              ],
              [
                14299269.05740026,
                4645305.79818551
              ],
              [
                14299214.59489598,
                4645372.45733172
              ],
              [
                14299148.78604129,
                4645491.28545041
              ],
              [
                14299092.0542892,
                4645584.03041228
              ],
              [
                14298969.51368241,
                4645702.86098298
              ],
              [
                14298958.167332,
                4645743.43762898
              ],
              [
                14298940.0131268,
                4645841.98154008
              ],
              [
                14298921.1124131,
                4645958.66105193
              ],
              [
                14298912.78193032,
                4646010.08791119
              ],
              [
                14298894.62772512,
                4646111.53279602
              ],
              [
                14298887.81998166,
                4646175.29875129
              ],
              [
                14298901.4355799,
                4646236.16651413
              ],
              [
                14298876.47363125,
                4646273.84681338
              ],
              [
                14298772.08711834,
                4646410.07648053
              ],
              [
                14298726.70171667,
                4646433.26475583
              ],
              [
                14298617.77681944,
                4646479.64132157
              ],
              [
                14298590.54551164,
                4646505.72827644
              ],
              [
                14298474.81275964,
                4646636.1639043
              ],
              [
                14298359.08000763,
                4646720.22332786
              ],
              [
                14298315.96385378,
                4646728.91922357
              ],
              [
                14298266.03984514,
                4646728.91922357
              ],
              [
                14298129.88364012,
                4646688.33867701
              ],
              [
                14298041.38208459,
                4646737.61498446
              ],
              [
                14298020.95863158,
                4646766.60119177
              ],
              [
                14297875.72532395,
                4647099.94846695
              ],
              [
                14297853.03262311,
                4647207.20171965
              ],
              [
                14297830.33992227,
                4647297.06331706
              ],
              [
                14297803.1087258,
                4647369.53294398
              ],
              [
                14297766.80042673,
                4647430.40794032
              ],
              [
                14297750.91546935,
                4647505.777315
              ],
              [
                14297721.41502505,
                4647589.84386996
              ],
              [
                14297741.83847807,
                4647671.01211965
              ],
              [
                14297698.72232421,
                4647807.26049803
              ],
              [
                14297707.79931549,
                4647836.24973023
              ],
              [
                14297803.1087258,
                4647966.70228973
              ],
              [
                14297832.60928142,
                4648030.47964401
              ],
              [
                14297846.22487965,
                4648131.94466737
              ],
              [
                14297896.14877696,
                4648218.91536498
              ],
              [
                14297753.18482848,
                4648445.04254741
              ],
              [
                14297759.99257195,
                4648520.41952583
              ],
              [
                14297753.59704457,
                4648534.71816954
              ],
              [
                14297741.83847807,
                4648561.00718419
              ],
              [
                14297687.37597379,
                4648598.69603056
              ],
              [
                14297628.37486257,
                4648598.69603056
              ],
              [
                14297548.95040963,
                4648589.99869063
              ],
              [
                14297508.10361492,
                4648563.90643069
              ],
              [
                14297465.09777868,
                4648534.71816954
              ],
              [
                14297435.48690544,
                4648514.62120046
              ],
              [
                14297387.83225596,
                4648497.22652847
              ],
              [
                14297287.98435,
                4648500.12561471
              ],
              [
                14297228.41461881,
                4648534.71816954
              ],
              [
                14297163.1744954,
                4648572.60374848
              ],
              [
                14297135.94318761,
                4648601.59514551
              ],
              [
                14297079.21143551,
                4648691.46911126
              ],
              [
                14297002.05634173,
                4648769.74692248
              ],
              [
                14296958.94018786,
                4648842.22696308
              ],
              [
                14296920.36252966,
                4648923.40527405
              ],
              [
                14296829.5917263,
                4649024.87899593
              ],
              [
                14296747.89802556,
                4649135.05165998
              ],
              [
                14296725.20532472,
                4649204.63485574
              ],
              [
                14296700.24337606,
                4649381.49467461
              ],
              [
                14296697.97401691,
                4649453.97904216
              ],
              [
                14296729.74382035,
                4649549.65924933
              ],
              [
                14296763.7828716,
                4649720.72587322
              ],
              [
                14296752.43652119,
                4649801.91114389
              ],
              [
                14296702.51262388,
                4649845.40348731
              ],
              [
                14296543.66371802,
                4649935.28822026
              ],
              [
                14296459.70065812,
                4650001.97748063
              ],
              [
                14296437.0079573,
                4650051.26986491
              ],
              [
                14296453.93352927,
                4650110.28650942
              ],
              [
                14296670.74282044,
                4650355.72755528
              ],
              [
                14296679.81992304,
                4650384.72399764
              ],
              [
                14296759.24437597,
                4650828.37985606
              ],
              [
                14296752.43652119,
                4650880.57583399
              ],
              [
                14296629.8959144,
                4650906.67399381
              ],
              [
                14296525.50951282,
                4650895.07478765
              ],
              [
                14296489.20121374,
                4650860.27739023
              ],
              [
                14296405.23815386,
                4650863.17714513
              ],
              [
                14296221.42729933,
                4650897.97469465
              ],
              [
                14296182.84964113,
                4650912.47367293
              ],
              [
                14296098.88669255,
                4650967.56986376
              ],
              [
                14295994.50029097,
                4651048.76501493
              ],
              [
                14295951.38413711,
                4651095.16247214
              ],
              [
                14295887.84453024,
                4651170.55894833
              ],
              [
                14295844.72837638,
                4651251.7555661
              ],
              [
                14295747.14982958,
                4651451.85021727
              ],
              [
                14295711.32176278,
                4651579.82200402
              ],
              [
                14295713.22577136,
                4651607.80375779
              ],
              [
                14295785.57787439,
                4651695.39932579
              ],
              [
                14295798.90582307,
                4651731.89787802
              ],
              [
                14295797.95381878,
                4651751.36368347
              ],
              [
                14295776.05783154,
                4651781.77915854
              ],
              [
                14295727.50583563,
                4651803.67845894
              ],
              [
                14295681.80974126,
                4651824.36103228
              ],
              [
                14295640.87377963,
                4651863.29317383
              ],
              [
                14295627.54571963,
                4651880.32595227
              ],
              [
                14295576.97205045,
                4652005.68313346
              ],
              [
                14295571.67446721,
                4652080.1566009
              ],
              [
                14295576.97205045,
                4652185.09750291
              ],
              [
                14295624.65052232,
                4652229.1053025
              ],
              [
                14295717.35861877,
                4652269.72799985
              ],
              [
                14295741.19791036,
                4652310.3508583
              ],
              [
                14295704.11460499,
                4652374.67084412
              ],
              [
                14295659.08498041,
                4652398.36772291
              ],
              [
                14295579.62078642,
                4652479.61476362
              ],
              [
                14295550.4840229,
                4652628.56927438
              ],
              [
                14295550.4840229,
                4652679.34968727
              ],
              [
                14295545.18632833,
                4652740.28654352
              ],
              [
                14295558.43045344,
                4652784.29672865
              ],
              [
                14295569.02561993,
                4652872.31766626
              ],
              [
                14295542.53759237,
                4652912.94291482
              ],
              [
                14295444.53180136,
                4652967.11025841
              ],
              [
                14295388.90689896,
                4652973.88116093
              ],
              [
                14295370.36530193,
                4653061.90372794
              ],
              [
                14295439.23421811,
                4653160.08365939
              ],
              [
                14295494.8591205,
                4653217.63777141
              ],
              [
                14295534.59116185,
                4653224.40883956
              ],
              [
                14295576.97205045,
                4653251.49329924
              ],
              [
                14295619.35293907,
                4653254.8789151
              ],
              [
                14295648.48970259,
                4653241.33660068
              ],
              [
                14295674.97773015,
                4653200.71004946
              ],
              [
                14295727.95389658,
                4653170.24013509
              ],
              [
                14295783.57868766,
                4653160.08365939
              ],
              [
                14295818.01314574,
                4653173.62572407
              ],
              [
                14295868.34046489,
                4653183.78235548
              ],
              [
                14295905.42365894,
                4653173.62572407
              ],
              [
                14295968.99499188,
                4653187.16780667
              ],
              [
                14296008.72703321,
                4653248.10768451
              ],
              [
                14296024.61989427,
                4653322.59032893
              ],
              [
                14295987.5365889,
                4653359.83185428
              ],
              [
                14295955.83802993,
                4653397.45369968
              ],
              [
                14295958.39982538,
                4653417.38708889
              ],
              [
                14295976.9414224,
                4653434.31516899
              ],
              [
                14296016.67346374,
                4653485.09957721
              ],
              [
                14296032.5663248,
                4653508.79902544
              ],
              [
                14296014.02461646,
                4653532.4986708
              ],
              [
                14295961.04856134,
                4653529.11296317
              ],
              [
                14295812.71556249,
                4653613.75456697
              ],
              [
                14295767.68593791,
                4653603.59750912
              ],
              [
                14295685.57300797,
                4653644.22580097
              ],
              [
                14295563.72803667,
                4653661.15425605
              ],
              [
                14295455.12707917,
                4653745.79695124
              ],
              [
                14295375.66288518,
                4653850.75492183
              ],
              [
                14295359.77013543,
                4653959.0998169
              ],
              [
                14295327.98441331,
                4654006.50096225
              ],
              [
                14295304.14523304,
                4654036.97336494
              ],
              [
                14295293.55006655,
                4654223.19505233
              ],
              [
                14295253.81791389,
                4654365.40309896
              ],
              [
                14295280.30594146,
                4654602.42070936
              ],
              [
                14295251.16917793,
                4654639.6668896
              ],
              [
                14295200.84185879,
                4654649.82497522
              ],
              [
                14295161.10981744,
                4654636.28095818
              ],
              [
                14295124.02651207,
                4654602.42070936
              ],
              [
                14295081.64573478,
                4654599.03479024
              ],
              [
                14295020.72324914,
                4654615.9648239
              ],
              [
                14294978.34236052,
                4654653.21105342
              ],
              [
                14294951.85433296,
                4654707.38746096
              ],
              [
                14294917.41987487,
                4654751.40610099
              ],
              [
                14294877.68783354,
                4654788.65282322
              ],
              [
                14294827.3605144,
                4654795.42493028
              ],
              [
                14294774.38445928,
                4654802.19704181
              ],
              [
                14294732.00357066,
                4654947.79930604
              ],
              [
                14294729.3548347,
                4655062.92795172
              ],
              [
                14294753.19401497,
                4655110.33434976
              ],
              [
                14294800.87248683,
                4655150.96847829
              ],
              [
                14294814.11650061,
                4655194.98902548
              ],
              [
                14294795.57490358,
                4655289.80312177
              ],
              [
                14294726.70598741,
                4655343.98304028
              ],
              [
                14294697.56911258,
                4655435.41232071
              ],
              [
                14294694.92560863,
                4655440.40807696
              ],
              [
                14294636.64662693,
                4655550.5464499
              ],
              [
                14294567.77771076,
                4655706.31834906
              ],
              [
                14294437.98630894,
                4655835.00139471
              ],
              [
                14294313.49260169,
                4655916.27556587
              ],
              [
                14294289.30031599,
                4655959.98003726
              ],
              [
                14294226.08208849,
                4656007.70995763
              ],
              [
                14294202.2427969,
                4656122.85052351
              ],
              [
                14294157.21317232,
                4656217.6732138
              ],
              [
                14294112.18343641,
                4656302.33718929
              ],
              [
                14294096.29068668,
                4656366.6821139
              ],
              [
                14294061.85622858,
                4656380.22856274
              ],
              [
                14294048.61221481,
                4656434.4142527
              ],
              [
                14294089.64424516,
                4656570.92286007
              ],
              [
                14294120.12986694,
                4656769.69432097
              ],
              [
                14294143.96915853,
                4656783.24116084
              ],
              [
                14294263.16528254,
                4656783.24116084
              ],
              [
                14294310.8437544,
                4656830.65552626
              ],
              [
                14294353.22464302,
                4656884.84360075
              ],
              [
                14294369.11750409,
                4656955.96572375
              ],
              [
                14294374.41508734,
                4657006.76774608
              ],
              [
                14294414.14712867,
                4657023.70176212
              ],
              [
                14294451.23043404,
                4657020.31489974
              ],
              [
                14294530.69451671,
                4656972.89979806
              ],
              [
                14294575.72414129,
                4656983.06005683
              ],
              [
                14294604.86101613,
                4657044.02253295
              ],
              [
                14294538.64094724,
                4657098.21173706
              ],
              [
                14294483.01604484,
                4657172.72225443
              ],
              [
                14294337.33178197,
                4657294.64982916
              ],
              [
                14294297.59974062,
                4657318.35824017
              ],
              [
                14294271.11171307,
                4657355.61416123
              ],
              [
                14294276.40929632,
                4657426.73969802
              ],
              [
                14294257.86769929,
                4657453.8352774
              ],
              [
                14294257.86769929,
                4657497.8657291
              ],
              [
                14294297.59974062,
                4657545.28340521
              ],
              [
                14294355.87349031,
                4657535.12244596
              ],
              [
                14294387.65910111,
                4657518.18758373
              ],
              [
                14294419.44471192,
                4657463.99615596
              ],
              [
                14294452.89944717,
                4657456.67569345
              ],
              [
                14294498.90879459,
                4657467.38316517
              ],
              [
                14294583.67057181,
                4657541.89637023
              ],
              [
                14294655.18822396,
                4657684.15052734
              ],
              [
                14294604.86101613,
                4657734.95602199
              ],
              [
                14294525.39693346,
                4657792.53585902
              ],
              [
                14294514.80165564,
                4657853.50315702
              ],
              [
                14294528.04566942,
                4657928.01931579
              ],
              [
                14294644.59305746,
                4658104.15027761
              ],
              [
                14294652.53948799,
                4658168.50667336
              ],
              [
                14294631.34904368,
                4658259.96104527
              ],
              [
                14294573.07540533,
                4658307.38225266
              ],
              [
                14294520.09923889,
                4658317.54397871
              ],
              [
                14294395.60553164,
                4658290.44611244
              ],
              [
                14294347.92705977,
                4658178.66826151
              ],
              [
                14294300.24858792,
                4658131.24765058
              ],
              [
                14294204.89164418,
                4658117.69902631
              ],
              [
                14294075.10024236,
                4658138.02196945
              ],
              [
                14294008.88017348,
                4658148.18352732
              ],
              [
                14293946.34767403,
                4658188.94146315
              ],
              [
                14293941.83522716,
                4658318.77419396
              ],
              [
                14293928.29799784,
                4658370.70771905
              ],
              [
                14293914.76076852,
                4658425.52674964
              ],
              [
                14293892.19875677,
                4658454.37892903
              ],
              [
                14293898.96731576,
                4658497.65749299
              ],
              [
                14293912.50454508,
                4658535.16569185
              ],
              [
                14293953.11634436,
                4658598.64133092
              ],
              [
                14293995.98425574,
                4658613.06779685
              ],
              [
                14294029.82727338,
                4658584.21502767
              ],
              [
                14294050.13317301,
                4658592.87089259
              ],
              [
                14294142.63755479,
                4658690.97035258
              ],
              [
                14294165.19967786,
                4658794.84158674
              ],
              [
                14294126.84410203,
                4658812.15353789
              ],
              [
                14294113.30687272,
                4658806.38283679
              ],
              [
                14294108.79453715,
                4658786.18555097
              ],
              [
                14294088.48863752,
                4658737.135247
              ],
              [
                14294072.69518477,
                4658719.82342277
              ],
              [
                14294007.26526162,
                4658711.16745047
              ],
              [
                14293885.43008645,
                4658765.98830501
              ],
              [
                14293856.09940437,
                4658800.61213896
              ],
              [
                14293838.04983949,
                4658838.12144834
              ],
              [
                14293833.53739261,
                4658875.63089524
              ],
              [
                14293817.74393986,
                4658904.48448614
              ],
              [
                14293815.48771643,
                4658941.9941763
              ],
              [
                14293804.20671055,
                4658996.81626755
              ],
              [
                14293806.46293398,
                4659048.75323405
              ],
              [
                14293815.48771643,
                4659115.1174956
              ],
              [
                14293804.20671055,
                4659187.25310025
              ],
              [
                14293795.18192811,
                4659299.78569318
              ],
              [
                14293790.66948123,
                4659357.49520626
              ],
              [
                14293770.36358159,
                4659455.60213976
              ],
              [
                14293781.64469879,
                4659550.82431157
              ],
              [
                14293761.33879916,
                4659637.39089844
              ],
              [
                14293698.16498813,
                4659738.38598571
              ],
              [
                14293650.78474118,
                4659735.50037355
              ],
              [
                14293619.19783566,
                4659677.78887066
              ],
              [
                14293574.07370084,
                4659585.45094385
              ],
              [
                14293495.10643705,
                4659591.22194197
              ],
              [
                14293449.98241354,
                4659617.19197215
              ],
              [
                14293427.42029048,
                4659588.33637132
              ],
              [
                14293368.75892632,
                4659596.99308573
              ],
              [
                14293334.91590869,
                4659611.420817
              ],
              [
                14293222.10562728,
                4659634.50531476
              ],
              [
                14293204.05595108,
                4659663.36090343
              ],
              [
                14293152.16314594,
                4659692.21671586
              ],
              [
                14293075.45221692,
                4659767.24200974
              ],
              [
                14293007.76595901,
                4659853.81028543
              ],
              [
                14293007.76595901,
                4659891.32345611
              ],
              [
                14292946.84848274,
                4659966.35021013
              ],
              [
                14292885.93089515,
                4659975.00710203
              ],
              [
                14292818.24474858,
                4660044.2632128
              ],
              [
                14292761.83960787,
                4660087.54835995
              ],
              [
                14292761.83960787,
                4660127.94810976
              ],
              [
                14292791.17028993,
                4660139.4908637
              ],
              [
                14292818.24474858,
                4660168.34801911
              ],
              [
                14292813.73230169,
                4660312.63459001
              ],
              [
                14292784.40161962,
                4660428.06536894
              ],
              [
                14292750.55849067,
                4660503.09605946
              ],
              [
                14292743.78993167,
                4660540.61161111
              ],
              [
                14292782.14539618,
                4660575.24145129
              ],
              [
                14292820.50086069,
                4660641.61561559
              ],
              [
                14292793.42640207,
                4660693.56093272
              ],
              [
                14292759.58338442,
                4660736.84896969
              ],
              [
                14292727.99647891,
                4660733.96307588
              ],
              [
                14292689.6410144,
                4660682.01755358
              ],
              [
                14292649.02921514,
                4660627.18643137
              ],
              [
                14292601.64896818,
                4660621.41470643
              ],
              [
                14292563.29339235,
                4660618.52884518
              ],
              [
                14292506.88825164,
                4660635.8438825
              ],
              [
                14292464.02034025,
                4660653.15894914
              ],
              [
                14292434.68965819,
                4660667.58831237
              ],
              [
                14292294.80491813,
                4660791.68067971
              ],
              [
                14292075.36024934,
                4661079.69504737
              ],
              [
                14292058.14302029,
                4661088.16549412
              ],
              [
                14292044.89900652,
                4661083.08325371
              ],
              [
                14291938.94689629,
                4661144.07016295
              ],
              [
                14291936.06817426,
                4661161.08094247
              ],
              [
                14291908.99371563,
                4661224.57287605
              ],
              [
                14291795.13892343,
                4661347.36253411
              ],
              [
                14291777.36977236,
                4661388.02143624
              ],
              [
                14291530.25853654,
                4661696.35697732
              ],
              [
                14291514.36567549,
                4661757.34754339
              ],
              [
                14291413.7111485,
                4661886.10671023
              ],
              [
                14291379.27669042,
                4661906.43714076
              ],
              [
                14291313.05662152,
                4661933.54458672
              ],
              [
                14291159.42592811,
                4662140.2410646
              ],
              [
                14291045.52738736,
                4662401.15901903
              ],
              [
                14290968.71204066,
                4662614.64237459
              ],
              [
                14290849.51591665,
                4662797.63159407
              ],
              [
                14290714.42693159,
                4662933.1812119
              ],
              [
                14290676.69819581,
                4662977.66407342
              ],
              [
                14290579.33794652,
                4663092.45442277
              ],
              [
                14290491.92732201,
                4663231.39686692
              ],
              [
                14290407.16565609,
                4663366.95223484
              ],
              [
                14290213.80292134,
                4663614.34558482
              ],
              [
                14290203.20775485,
                4663739.73890553
              ],
              [
                14289766.15507754,
                4664475.1853122
              ],
              [
                14289710.53017514,
                4664573.47467404
              ],
              [
                14289673.44698108,
                4664692.10123561
              ],
              [
                14289631.06609247,
                4664824.28666675
              ],
              [
                14289586.03646789,
                4664919.19004877
              ],
              [
                14289344.99526128,
                4665332.70791472
              ],
              [
                14289270.82876186,
                4665481.84965461
              ],
              [
                14289159.57906838,
                4665749.63226251
              ],
              [
                14289048.32926359,
                4666014.03218663
              ],
              [
                14288958.2699031,
                4666224.20108604
              ],
              [
                14288942.91861136,
                4666263.02564828
              ],
              [
                14288847.02020964,
                4666505.56286701
              ],
              [
                14288772.85371022,
                4666675.0617797
              ],
              [
                14288759.60958511,
                4666719.13194892
              ],
              [
                14288733.67392488,
                4666896.17732412
              ],
              [
                14288755.73922906,
                4666915.23631965
              ],
              [
                14289015.81317428,
                4667139.87949243
              ]
            ]
          ]
        ]
      },
      "geometry_name": "ag_geom",
      "properties": {
        "prohibited": "<FNT name='TW Cen MT' size='8'><CLR red='13' green='23' blue='110'>RK P518E\r\n<UND></UND></CLR></FNT>",
        "prh_lbl_1": "RK P518E",
        "prh_lbl_2": "UNL",
        "prh_lbl_3": "GND",
        "prh_lbl_4": "비행금지구역",
        "prh_typ": "1"
      },
      "bbox": [
        14288733.67392488,
        4617633.60861685,
        14336095.10788032,
        4669285.00849548
      ]
    },
    {
      "type": "Feature",
      "id": "lt_c_aisprhc.4",
      "geometry": {
        "type": "MultiPolygon",
        "coordinates": [
          [
            [
              [
                14289586.03646789,
                4664919.19004877
              ],
              [
                14289631.06609247,
                4664824.28666675
              ],
              [
                14289673.44698108,
                4664692.10123561
              ],
              [
                14289710.53017514,
                4664573.47467404
              ],
              [
                14289766.15507754,
                4664475.1853122
              ],
              [
                14290203.20775485,
                4663739.73890553
              ],
              [
                14290213.80292134,
                4663614.34558482
              ],
              [
                14290407.16565609,
                4663366.95223484
              ],
              [
                14290491.92732201,
                4663231.39686692
              ],
              [
                14290579.33794652,
                4663092.45442277
              ],
              [
                14290714.42693159,
                4662933.1812119
              ],
              [
                14290849.51591665,
                4662797.63159407
              ],
              [
                14290968.71204066,
                4662614.64237459
              ],
              [
                14291045.52738736,
                4662401.15901903
              ],
              [
                14291159.42592811,
                4662140.2410646
              ],
              [
                14291313.05662152,
                4661933.54458672
              ],
              [
                14291379.27669042,
                4661906.43714076
              ],
              [
                14291413.7111485,
                4661886.10671023
              ],
              [
                14291514.36567549,
                4661757.34754339
              ],
              [
                14291530.25853654,
                4661696.35697732
              ],
              [
                14291777.36977236,
                4661388.02143624
              ],
              [
                14291795.13892343,
                4661347.36253411
              ],
              [
                14291908.99371563,
                4661224.57287605
              ],
              [
                14291936.06817426,
                4661161.08094247
              ],
              [
                14291938.94689629,
                4661144.07016295
              ],
              [
                14292044.89900652,
                4661083.08325371
              ],
              [
                14292058.14302029,
                4661088.16549412
              ],
              [
                14292075.36024934,
                4661079.69504737
              ],
              [
                14292294.80491813,
                4660791.68067971
              ],
              [
                14292434.68965819,
                4660667.58831237
              ],
              [
                14292464.02034025,
                4660653.15894914
              ],
              [
                14292506.88825164,
                4660635.8438825
              ],
              [
                14292563.29339235,
                4660618.52884518
              ],
              [
                14292601.64896818,
                4660621.41470643
              ],
              [
                14292649.02921514,
                4660627.18643137
              ],
              [
                14292689.6410144,
                4660682.01755358
              ],
              [
                14292727.99647891,
                4660733.96307588
              ],
              [
                14292759.58338442,
                4660736.84896969
              ],
              [
                14292793.42640207,
                4660693.56093272
              ],
              [
                14292820.50086069,
                4660641.61561559
              ],
              [
                14292782.14539618,
                4660575.24145129
              ],
              [
                14292743.78993167,
                4660540.61161111
              ],
              [
                14292750.55849067,
                4660503.09605946
              ],
              [
                14292784.40161962,
                4660428.06536894
              ],
              [
                14292813.73230169,
                4660312.63459001
              ],
              [
                14292818.24474858,
                4660168.34801911
              ],
              [
                14292791.17028993,
                4660139.4908637
              ],
              [
                14292761.83960787,
                4660127.94810976
              ],
              [
                14292761.83960787,
                4660087.54835995
              ],
              [
                14292818.24474858,
                4660044.2632128
              ],
              [
                14292885.93089515,
                4659975.00710203
              ],
              [
                14292946.84848274,
                4659966.35021013
              ],
              [
                14293007.76595901,
                4659891.32345611
              ],
              [
                14293007.76595901,
                4659853.81028543
              ],
              [
                14293075.45221692,
                4659767.24200974
              ],
              [
                14293152.16314594,
                4659692.21671586
              ],
              [
                14293204.05595108,
                4659663.36090343
              ],
              [
                14293222.10562728,
                4659634.50531476
              ],
              [
                14293334.91590869,
                4659611.420817
              ],
              [
                14293368.75892632,
                4659596.99308573
              ],
              [
                14293427.42029048,
                4659588.33637132
              ],
              [
                14293449.98241354,
                4659617.19197215
              ],
              [
                14293495.10643705,
                4659591.22194197
              ],
              [
                14293574.07370084,
                4659585.45094385
              ],
              [
                14293619.19783566,
                4659677.78887066
              ],
              [
                14293650.78474118,
                4659735.50037355
              ],
              [
                14293698.16498813,
                4659738.38598571
              ],
              [
                14293761.33879916,
                4659637.39089844
              ],
              [
                14293781.64469879,
                4659550.82431157
              ],
              [
                14293770.36358159,
                4659455.60213976
              ],
              [
                14293790.66948123,
                4659357.49520626
              ],
              [
                14293795.18192811,
                4659299.78569318
              ],
              [
                14293804.20671055,
                4659187.25310025
              ],
              [
                14293815.48771643,
                4659115.1174956
              ],
              [
                14293806.46293398,
                4659048.75323405
              ],
              [
                14293804.20671055,
                4658996.81626755
              ],
              [
                14293815.48771643,
                4658941.9941763
              ],
              [
                14293817.74393986,
                4658904.48448614
              ],
              [
                14293833.53739261,
                4658875.63089524
              ],
              [
                14293838.04983949,
                4658838.12144834
              ],
              [
                14293856.09940437,
                4658800.61213896
              ],
              [
                14293885.43008645,
                4658765.98830501
              ],
              [
                14294007.26526162,
                4658711.16745047
              ],
              [
                14294072.69518477,
                4658719.82342277
              ],
              [
                14294088.48863752,
                4658737.135247
              ],
              [
                14294108.79453715,
                4658786.18555097
              ],
              [
                14294113.30687272,
                4658806.38283679
              ],
              [
                14294126.84410203,
                4658812.15353789
              ],
              [
                14294165.19967786,
                4658794.84158674
              ],
              [
                14294142.63755479,
                4658690.97035258
              ],
              [
                14294050.13317301,
                4658592.87089259
              ],
              [
                14294029.82727338,
                4658584.21502767
              ],
              [
                14293995.98425574,
                4658613.06779685
              ],
              [
                14293953.11634436,
                4658598.64133092
              ],
              [
                14293912.50454508,
                4658535.16569185
              ],
              [
                14293898.96731576,
                4658497.65749299
              ],
              [
                14293892.19875677,
                4658454.37892903
              ],
              [
                14293914.76076852,
                4658425.52674964
              ],
              [
                14293928.29799784,
                4658370.70771905
              ],
              [
                14293941.83522716,
                4658318.77419396
              ],
              [
                14293946.34767403,
                4658188.94146315
              ],
              [
                14294008.88017348,
                4658148.18352732
              ],
              [
                14294075.10024236,
                4658138.02196945
              ],
              [
                14294204.89164418,
                4658117.69902631
              ],
              [
                14294300.24858792,
                4658131.24765058
              ],
              [
                14294347.92705977,
                4658178.66826151
              ],
              [
                14294395.60553164,
                4658290.44611244
              ],
              [
                14294520.09923889,
                4658317.54397871
              ],
              [
                14294573.07540533,
                4658307.38225266
              ],
              [
                14294631.34904368,
                4658259.96104527
              ],
              [
                14294652.53948799,
                4658168.50667336
              ],
              [
                14294644.59305746,
                4658104.15027761
              ],
              [
                14294528.04566942,
                4657928.01931579
              ],
              [
                14294514.80165564,
                4657853.50315702
              ],
              [
                14294525.39693346,
                4657792.53585902
              ],
              [
                14294604.86101613,
                4657734.95602199
              ],
              [
                14294655.18822396,
                4657684.15052734
              ],
              [
                14294583.67057181,
                4657541.89637023
              ],
              [
                14294498.90879459,
                4657467.38316517
              ],
              [
                14294452.89944717,
                4657456.67569345
              ],
              [
                14294419.44471192,
                4657463.99615596
              ],
              [
                14294387.65910111,
                4657518.18758373
              ],
              [
                14294355.87349031,
                4657535.12244596
              ],
              [
                14294297.59974062,
                4657545.28340521
              ],
              [
                14294257.86769929,
                4657497.8657291
              ],
              [
                14294257.86769929,
                4657453.8352774
              ],
              [
                14294276.40929632,
                4657426.73969802
              ],
              [
                14294271.11171307,
                4657355.61416123
              ],
              [
                14294297.59974062,
                4657318.35824017
              ],
              [
                14294337.33178197,
                4657294.64982916
              ],
              [
                14294483.01604484,
                4657172.72225443
              ],
              [
                14294538.64094724,
                4657098.21173706
              ],
              [
                14294604.86101613,
                4657044.02253295
              ],
              [
                14294575.72414129,
                4656983.06005683
              ],
              [
                14294530.69451671,
                4656972.89979806
              ],
              [
                14294451.23043404,
                4657020.31489974
              ],
              [
                14294414.14712867,
                4657023.70176212
              ],
              [
                14294374.41508734,
                4657006.76774608
              ],
              [
                14294369.11750409,
                4656955.96572375
              ],
              [
                14294353.22464302,
                4656884.84360075
              ],
              [
                14294310.8437544,
                4656830.65552626
              ],
              [
                14294263.16528254,
                4656783.24116084
              ],
              [
                14294143.96915853,
                4656783.24116084
              ],
              [
                14294120.12986694,
                4656769.69432097
              ],
              [
                14294089.64424516,
                4656570.92286007
              ],
              [
                14294048.61221481,
                4656434.4142527
              ],
              [
                14294061.85622858,
                4656380.22856274
              ],
              [
                14294096.29068668,
                4656366.6821139
              ],
              [
                14294112.18343641,
                4656302.33718929
              ],
              [
                14294157.21317232,
                4656217.6732138
              ],
              [
                14294202.2427969,
                4656122.85052351
              ],
              [
                14294226.08208849,
                4656007.70995763
              ],
              [
                14294289.30031599,
                4655959.98003726
              ],
              [
                14294313.49260169,
                4655916.27556587
              ],
              [
                14294437.98630894,
                4655835.00139471
              ],
              [
                14294567.77771076,
                4655706.31834906
              ],
              [
                14294636.64662693,
                4655550.5464499
              ],
              [
                14294697.56911258,
                4655435.41232071
              ],
              [
                14294726.70598741,
                4655343.98304028
              ],
              [
                14294795.57490358,
                4655289.80312177
              ],
              [
                14294814.11650061,
                4655194.98902548
              ],
              [
                14294800.87248683,
                4655150.96847829
              ],
              [
                14294753.19401497,
                4655110.33434976
              ],
              [
                14294729.3548347,
                4655062.92795172
              ],
              [
                14294732.00357066,
                4654947.79930604
              ],
              [
                14294774.38445928,
                4654802.19704181
              ],
              [
                14294827.3605144,
                4654795.42493028
              ],
              [
                14294877.68783354,
                4654788.65282322
              ],
              [
                14294917.41987487,
                4654751.40610099
              ],
              [
                14294951.85433296,
                4654707.38746096
              ],
              [
                14294978.34236052,
                4654653.21105342
              ],
              [
                14295020.72324914,
                4654615.9648239
              ],
              [
                14295081.64573478,
                4654599.03479024
              ],
              [
                14295124.02651207,
                4654602.42070936
              ],
              [
                14295161.10981744,
                4654636.28095818
              ],
              [
                14295200.84185879,
                4654649.82497522
              ],
              [
                14295251.16917793,
                4654639.6668896
              ],
              [
                14295280.30594146,
                4654602.42070936
              ],
              [
                14295253.81791389,
                4654365.40309896
              ],
              [
                14295293.55006655,
                4654223.19505233
              ],
              [
                14295304.14523304,
                4654036.97336494
              ],
              [
                14295327.98441331,
                4654006.50096225
              ],
              [
                14295359.77013543,
                4653959.0998169
              ],
              [
                14295375.66288518,
                4653850.75492183
              ],
              [
                14295455.12707917,
                4653745.79695124
              ],
              [
                14295563.72803667,
                4653661.15425605
              ],
              [
                14295685.57300797,
                4653644.22580097
              ],
              [
                14295767.68593791,
                4653603.59750912
              ],
              [
                14295812.71556249,
                4653613.75456697
              ],
              [
                14295961.04856134,
                4653529.11296317
              ],
              [
                14296014.02461646,
                4653532.4986708
              ],
              [
                14296032.5663248,
                4653508.79902544
              ],
              [
                14296016.67346374,
                4653485.09957721
              ],
              [
                14295976.9414224,
                4653434.31516899
              ],
              [
                14295958.39982538,
                4653417.38708889
              ],
              [
                14295955.83802993,
                4653397.45369968
              ],
              [
                14295987.5365889,
                4653359.83185428
              ],
              [
                14296024.61989427,
                4653322.59032893
              ],
              [
                14296008.72703321,
                4653248.10768451
              ],
              [
                14295968.99499188,
                4653187.16780667
              ],
              [
                14295905.42365894,
                4653173.62572407
              ],
              [
                14295868.34046489,
                4653183.78235548
              ],
              [
                14295818.01314574,
                4653173.62572407
              ],
              [
                14295783.57868766,
                4653160.08365939
              ],
              [
                14295727.95389658,
                4653170.24013509
              ],
              [
                14295674.97773015,
                4653200.71004946
              ],
              [
                14295648.48970259,
                4653241.33660068
              ],
              [
                14295619.35293907,
                4653254.8789151
              ],
              [
                14295576.97205045,
                4653251.49329924
              ],
              [
                14295534.59116185,
                4653224.40883956
              ],
              [
                14295494.8591205,
                4653217.63777141
              ],
              [
                14295439.23421811,
                4653160.08365939
              ],
              [
                14295370.36530193,
                4653061.90372794
              ],
              [
                14295388.90689896,
                4652973.88116093
              ],
              [
                14295444.53180136,
                4652967.11025841
              ],
              [
                14295542.53759237,
                4652912.94291482
              ],
              [
                14295569.02561993,
                4652872.31766626
              ],
              [
                14295558.43045344,
                4652784.29672865
              ],
              [
                14295545.18632833,
                4652740.28654352
              ],
              [
                14295550.4840229,
                4652679.34968727
              ],
              [
                14295550.4840229,
                4652628.56927438
              ],
              [
                14295579.62078642,
                4652479.61476362
              ],
              [
                14295659.08498041,
                4652398.36772291
              ],
              [
                14295704.11460499,
                4652374.67084412
              ],
              [
                14295741.19791036,
                4652310.3508583
              ],
              [
                14295717.35861877,
                4652269.72799985
              ],
              [
                14295624.65052232,
                4652229.1053025
              ],
              [
                14295576.97205045,
                4652185.09750291
              ],
              [
                14295571.67446721,
                4652080.1566009
              ],
              [
                14295576.97205045,
                4652005.68313346
              ],
              [
                14295627.54571963,
                4651880.32595227
              ],
              [
                14295640.87377963,
                4651863.29317383
              ],
              [
                14295681.80974126,
                4651824.36103228
              ],
              [
                14295727.50583563,
                4651803.67845894
              ],
              [
                14295776.05783154,
                4651781.77915854
              ],
              [
                14295797.95381878,
                4651751.36368347
              ],
              [
                14295798.90582307,
                4651731.89787802
              ],
              [
                14295785.57787439,
                4651695.39932579
              ],
              [
                14295713.22577136,
                4651607.80375779
              ],
              [
                14295711.32176278,
                4651579.82200402
              ],
              [
                14295747.14982958,
                4651451.85021727
              ],
              [
                14295844.72837638,
                4651251.7555661
              ],
              [
                14295887.84453024,
                4651170.55894833
              ],
              [
                14295951.38413711,
                4651095.16247214
              ],
              [
                14295994.50029097,
                4651048.76501493
              ],
              [
                14296098.88669255,
                4650967.56986376
              ],
              [
                14296182.84964113,
                4650912.47367293
              ],
              [
                14296221.42729933,
                4650897.97469465
              ],
              [
                14296405.23815386,
                4650863.17714513
              ],
              [
                14296489.20121374,
                4650860.27739023
              ],
              [
                14296525.50951282,
                4650895.07478765
              ],
              [
                14296629.8959144,
                4650906.67399381
              ],
              [
                14296752.43652119,
                4650880.57583399
              ],
              [
                14296759.24437597,
                4650828.37985606
              ],
              [
                14296679.81992304,
                4650384.72399764
              ],
              [
                14296670.74282044,
                4650355.72755528
              ],
              [
                14296453.93352927,
                4650110.28650942
              ],
              [
                14296437.0079573,
                4650051.26986491
              ],
              [
                14296459.70065812,
                4650001.97748063
              ],
              [
                14296543.66371802,
                4649935.28822026
              ],
              [
                14296702.51262388,
                4649845.40348731
              ],
              [
                14296752.43652119,
                4649801.91114389
              ],
              [
                14296763.7828716,
                4649720.72587322
              ],
              [
                14296729.74382035,
                4649549.65924933
              ],
              [
                14296697.97401691,
                4649453.97904216
              ],
              [
                14296700.24337606,
                4649381.49467461
              ],
              [
                14296725.20532472,
                4649204.63485574
              ],
              [
                14296747.89802556,
                4649135.05165998
              ],
              [
                14296829.5917263,
                4649024.87899593
              ],
              [
                14296920.36252966,
                4648923.40527405
              ],
              [
                14296958.94018786,
                4648842.22696308
              ],
              [
                14297002.05634173,
                4648769.74692248
              ],
              [
                14297079.21143551,
                4648691.46911126
              ],
              [
                14297135.94318761,
                4648601.59514551
              ],
              [
                14297163.1744954,
                4648572.60374848
              ],
              [
                14297287.98435,
                4648500.12561471
              ],
              [
                14297387.83225596,
                4648497.22652847
              ],
              [
                14297435.48690544,
                4648514.62120046
              ],
              [
                14297508.10361492,
                4648563.90643069
              ],
              [
                14297548.95040963,
                4648589.99869063
              ],
              [
                14297628.37486257,
                4648598.69603056
              ],
              [
                14297687.37597379,
                4648598.69603056
              ],
              [
                14297741.83847807,
                4648561.00718419
              ],
              [
                14297759.99257195,
                4648520.41952583
              ],
              [
                14297753.18482848,
                4648445.04254741
              ],
              [
                14297896.14877696,
                4648218.91536498
              ],
              [
                14297846.22487965,
                4648131.94466737
              ],
              [
                14297832.60928142,
                4648030.47964401
              ],
              [
                14297803.1087258,
                4647966.70228973
              ],
              [
                14297707.79931549,
                4647836.24973023
              ],
              [
                14297698.72232421,
                4647807.26049803
              ],
              [
                14297741.83847807,
                4647671.01211965
              ],
              [
                14297721.41502505,
                4647589.84386996
              ],
              [
                14297750.91546935,
                4647505.777315
              ],
              [
                14297766.80042673,
                4647430.40794032
              ],
              [
                14297803.1087258,
                4647369.53294398
              ],
              [
                14297830.33992227,
                4647297.06331706
              ],
              [
                14297853.03262311,
                4647207.20171965
              ],
              [
                14297875.72532395,
                4647099.94846695
              ],
              [
                14298020.95863158,
                4646766.60119177
              ],
              [
                14298041.38208459,
                4646737.61498446
              ],
              [
                14298129.88364012,
                4646688.33867701
              ],
              [
                14298266.03984514,
                4646728.91922357
              ],
              [
                14298315.96385378,
                4646728.91922357
              ],
              [
                14298359.08000763,
                4646720.22332786
              ],
              [
                14298474.81275964,
                4646636.1639043
              ],
              [
                14298590.54551164,
                4646505.72827644
              ],
              [
                14298617.77681944,
                4646479.64132157
              ],
              [
                14298726.70171667,
                4646433.26475583
              ],
              [
                14298772.08711834,
                4646410.07648053
              ],
              [
                14298876.47363125,
                4646273.84681338
              ],
              [
                14298901.4355799,
                4646236.16651413
              ],
              [
                14298887.81998166,
                4646175.29875129
              ],
              [
                14298894.62772512,
                4646111.53279602
              ],
              [
                14298912.78193032,
                4646010.08791119
              ],
              [
                14298940.0131268,
                4645841.98154008
              ],
              [
                14298958.167332,
                4645743.43762898
              ],
              [
                14298969.51368241,
                4645702.86098298
              ],
              [
                14299092.0542892,
                4645584.03041228
              ],
              [
                14299148.78604129,
                4645491.28545041
              ],
              [
                14299214.59489598,
                4645372.45733172
              ],
              [
                14299269.05740026,
                4645305.79818551
              ],
              [
                14299314.44280193,
                4645268.12158591
              ],
              [
                14299389.3286479,
                4645215.95404004
              ],
              [
                14299450.59900696,
                4645166.68490326
              ],
              [
                14299670.71827187,
                4644908.75076329
              ],
              [
                14299870.41397244,
                4644674.00740816
              ],
              [
                14299918.06873326,
                4644645.02711618
              ],
              [
                14300176.76554506,
                4644476.94298084
              ],
              [
                14300297.03679271,
                4644300.16789912
              ],
              [
                14300319.72949355,
                4644169.76198404
              ],
              [
                14300333.3452031,
                4644117.60002545
              ],
              [
                14300415.03890385,
                4644004.58345339
              ],
              [
                14300573.88780972,
                4643914.75070736
              ],
              [
                14300644.23516004,
                4643830.71427968
              ],
              [
                14300694.15916867,
                4643790.1452015
              ],
              [
                14300789.46846767,
                4643691.62100608
              ],
              [
                14300805.35342505,
                4643598.89329975
              ],
              [
                14300812.10728988,
                4643467.82494143
              ],
              [
                14300828.04612589,
                4643419.23555894
              ],
              [
                14300864.35442496,
                4643369.97519545
              ],
              [
                14300907.47057881,
                4643335.20333334
              ],
              [
                14300968.74082655,
                4643274.35264507
              ],
              [
                14300975.54868133,
                4643230.88816999
              ],
              [
                14300973.2794335,
                4643167.14066322
              ],
              [
                14300946.04812571,
                4643071.52000377
              ],
              [
                14300889.31637361,
                4642949.82240108
              ],
              [
                14300855.27732236,
                4642906.35930116
              ],
              [
                14300766.77576683,
                4642845.51115694
              ],
              [
                14300691.88992086,
                4642807.8435947
              ],
              [
                14300671.46646785,
                4642770.17602865
              ],
              [
                14300651.04301482,
                4642746.99603488
              ],
              [
                14300592.04201491,
                4642703.53379435
              ],
              [
                14300508.07895503,
                4642665.86675347
              ],
              [
                14300290.22904925,
                4642552.86617642
              ],
              [
                14299906.72238283,
                4642315.27925404
              ],
              [
                14299673.00288178,
                4642283.2255163
              ],
              [
                14299625.33287019,
                4642254.434758
              ],
              [
                14299569.42955776,
                4642081.62027268
              ],
              [
                14299517.36465266,
                4641911.74344363
              ],
              [
                14299514.47212702,
                4641848.96361606
              ],
              [
                14299546.2895752,
                4641394.74423446
              ],
              [
                14299578.10702338,
                4641317.19647926
              ],
              [
                14299598.35448028,
                4641283.96202827
              ],
              [
                14299601.24700593,
                4641136.25432805
              ],
              [
                14299624.38698848,
                4641055.01599221
              ],
              [
                14299656.20443666,
                4640981.16359529
              ],
              [
                14299722.7178324,
                4640890.87826505
              ],
              [
                14299764.63140181,
                4640720.91598978
              ],
              [
                14299786.82093854,
                4640617.05145395
              ],
              [
                14299813.94137213,
                4640560.39851388
              ],
              [
                14299855.85494152,
                4640525.77742672
              ],
              [
                14299917.49254357,
                4640374.70510084
              ],
              [
                14299964.33712113,
                4640220.48772598
              ],
              [
                14300092.54322207,
                4640019.06425541
              ],
              [
                14300139.38779964,
                4640006.47556187
              ],
              [
                14300161.57733639,
                4639981.29793691
              ],
              [
                14300191.16327405,
                4639867.99938905
              ],
              [
                14300220.74932304,
                4639811.35058419
              ],
              [
                14300334.1625108,
                4639666.58297895
              ],
              [
                14300447.57558726,
                4639716.9367464
              ],
              [
                14300496.8856689,
                4639688.61272181
              ],
              [
                14300639.88479435,
                4639515.52330105
              ],
              [
                14300479.62714033,
                4639266.90899707
              ],
              [
                14300519.07520565,
                4639181.94088371
              ],
              [
                14300536.33373421,
                4639103.26733188
              ],
              [
                14300785.34942387,
                4638709.90890235
              ],
              [
                14300839.59051368,
                4638609.2114952
              ],
              [
                14300982.58963911,
                4638310.27217143
              ],
              [
                14301022.03770442,
                4638200.13872098
              ],
              [
                14301248.86396867,
                4637791.08224823
              ],
              [
                14301492.94876147,
                4637432.38449403
              ],
              [
                14301655.67191957,
                4637174.38161802
              ],
              [
                14301749.36096338,
                4637039.09008595
              ],
              [
                14301875.10156024,
                4636859.75284975
              ],
              [
                14302035.35932557,
                4636693.00336114
              ],
              [
                14302550.64934477,
                4636092.09884867
              ],
              [
                14302931.15862257,
                4635610.46296303
              ],
              [
                14303249.01506458,
                4635180.56883532
              ],
              [
                14303668.58557245,
                4634645.25427391
              ],
              [
                14303986.44201446,
                4634207.29028154
              ],
              [
                14304336.08417857,
                4633761.23519311
              ],
              [
                14304768.36893078,
                4633282.76115648
              ],
              [
                14305035.36839549,
                4632917.83831965
              ],
              [
                14305200.65368299,
                4632755.65460027
              ],
              [
                14305506.32565011,
                4632598.74420586
              ],
              [
                14305569.89698304,
                4632497.38224721
              ],
              [
                14305593.73627463,
                4632402.77862632
              ],
              [
                14305667.90277405,
                4632308.17587652
              ],
              [
                14305750.01570401,
                4632271.01070321
              ],
              [
                14305846.20698732,
                4632201.63567515
              ],
              [
                14305877.15825854,
                4632061.53699259
              ],
              [
                14305882.45584179,
                4631970.31598291
              ],
              [
                14305797.69417587,
                4631794.63318891
              ],
              [
                14305890.40227232,
                4631747.33457575
              ],
              [
                14305983.11036877,
                4631652.73771859
              ],
              [
                14306059.0068844,
                4631626.64873303
              ],
              [
                14306131.36522133,
                4631569.10360548
              ],
              [
                14306108.3807521,
                4631543.04550033
              ],
              [
                14306064.1145566,
                4631519.15892651
              ],
              [
                14306023.25340166,
                4631509.38719458
              ],
              [
                14305933.01849035,
                4631268.35375058
              ],
              [
                14305915.14169331,
                4631169.55339659
              ],
              [
                14305900.67004819,
                4631170.63909244
              ],
              [
                14305895.562376,
                4631258.58225716
              ],
              [
                14305540.5236656,
                4631349.51228024
              ],
              [
                14305471.89119203,
                4631270.9813389
              ],
              [
                14305440.10558123,
                4631213.55008119
              ],
              [
                14305410.96870639,
                4631166.25414265
              ],
              [
                14305389.77837339,
                4631037.88022508
              ],
              [
                14305397.72469261,
                4630879.10441606
              ],
              [
                14305445.40316447,
                4630808.16275673
              ],
              [
                14305543.40895548,
                4630548.04762354
              ],
              [
                14305609.62902438,
                4630396.03540034
              ],
              [
                14305755.31328725,
                4630274.42718381
              ],
              [
                14305946.02717471,
                4630061.61619624
              ],
              [
                14305999.00322983,
                4630061.61619624
              ],
              [
                14306033.43768791,
                4629977.16868046
              ],
              [
                14306083.76489574,
                4629879.21034622
              ],
              [
                14306025.49125739,
                4629801.51995656
              ],
              [
                14306030.78884064,
                4629744.09705188
              ],
              [
                14306099.65775681,
                4629676.54107074
              ],
              [
                14306271.83004725,
                4629487.38648692
              ],
              [
                14306285.07406102,
                4629220.54952729
              ],
              [
                14306086.41374303,
                4628967.22964811
              ],
              [
                14306258.58603347,
                4628595.70518312
              ],
              [
                14306510.22240657,
                4628274.85393071
              ],
              [
                14307143.28644327,
                4627454.19581217
              ],
              [
                14307286.32185887,
                4627275.21327594
              ],
              [
                14307371.08363611,
                4627204.2964835
              ],
              [
                14307548.5535098,
                4627116.49543164
              ],
              [
                14307749.86256374,
                4626957.7800372
              ],
              [
                14307821.38032721,
                4626778.80614147
              ],
              [
                14307858.46352126,
                4626724.77685007
              ],
              [
                14307832.09104333,
                4626551.2391511
              ],
              [
                14307781.64817455,
                4626400.60734671
              ],
              [
                14307704.83293917,
                4626329.69658565
              ],
              [
                14307704.83293917,
                4626015.66917355
              ],
              [
                14307744.5649805,
                4625988.65649699
              ],
              [
                14307879.65396556,
                4625944.76106664
              ],
              [
                14307929.98128471,
                4625914.37210871
              ],
              [
                14307967.06447876,
                4625860.34735865
              ],
              [
                14307998.85008956,
                4625843.4647002
              ],
              [
                14308001.49893686,
                4625806.3228924
              ],
              [
                14307988.25492307,
                4625732.03982107
              ],
              [
                14307940.57645121,
                4625583.47514604
              ],
              [
                14307998.85008956,
                4625472.05308353
              ],
              [
                14307967.06447876,
                4625441.6655223
              ],
              [
                14307847.86835476,
                4625421.4071034
              ],
              [
                14307680.99364757,
                4625397.7724264
              ],
              [
                14307658.76659616,
                4625298.08245538
              ],
              [
                14307686.29134214,
                4625110.78376704
              ],
              [
                14307749.86256374,
                4624955.47561652
              ],
              [
                14307845.21950747,
                4624847.436473
              ],
              [
                14307906.14199312,
                4624820.42686442
              ],
              [
                14307951.17172903,
                4624776.53641949
              ],
              [
                14308009.44536738,
                4624682.00382227
              ],
              [
                14308131.29033867,
                4624617.8572735
              ],
              [
                14308205.45683808,
                4624526.70214553
              ],
              [
                14308380.27786449,
                4624270.12194033
              ],
              [
                14308740.5151951,
                4623838.00124805
              ],
              [
                14308894.14588852,
                4623692.83980464
              ],
              [
                14309219.94876104,
                4623530.80140426
              ],
              [
                14309336.49614908,
                4623547.68026749
              ],
              [
                14309498.0731617,
                4623480.16498071
              ],
              [
                14309524.56118925,
                4623318.1300717
              ],
              [
                14309413.31138446,
                4623253.99188463
              ],
              [
                14309376.22819041,
                4623159.47327687
              ],
              [
                14309373.57934313,
                4623054.82866289
              ],
              [
                14309447.74584255,
                4622886.04936157
              ],
              [
                14309617.2692857,
                4622828.6649163
              ],
              [
                14309876.85208934,
                4622751.02777196
              ],
              [
                14310178.81578159,
                4622450.61132217
              ],
              [
                14310234.44057267,
                4622433.73425852
              ],
              [
                14310266.22629479,
                4622383.10323365
              ],
              [
                14310192.05979537,
                4622298.71874579
              ],
              [
                14310186.7621008,
                4622119.82574979
              ],
              [
                14310160.27407325,
                4622089.4480884
              ],
              [
                14310030.48267143,
                4622092.82330087
              ],
              [
                14309866.25692283,
                4622136.70229861
              ],
              [
                14309802.68558991,
                4622038.81875745
              ],
              [
                14309786.79272885,
                4621971.31322847
              ],
              [
                14309776.19756236,
                4621900.43313368
              ],
              [
                14309772.12148789,
                4621843.38852024
              ],
              [
                14309770.89997911,
                4621755.29888023
              ],
              [
                14309813.28075641,
                4621640.54320389
              ],
              [
                14309855.66164503,
                4621566.29006263
              ],
              [
                14309919.23297795,
                4621488.66244166
              ],
              [
                14309974.85788035,
                4621458.28664329
              ],
              [
                14310088.7564211,
                4621481.91227226
              ],
              [
                14310247.68458645,
                4621404.28528773
              ],
              [
                14310321.85119719,
                4621340.15902829
              ],
              [
                14310361.58323852,
                4621286.15843438
              ],
              [
                14310361.58323852,
                4621205.15786201
              ],
              [
                14310075.51240733,
                4621181.53286833
              ],
              [
                14310019.88750493,
                4621157.90778706
              ],
              [
                14309937.77457498,
                4621093.78320453
              ],
              [
                14309817.41850188,
                4620840.90010892
              ],
              [
                14309807.98317316,
                4620638.1719876
              ],
              [
                14309876.85208934,
                4620516.679088
              ],
              [
                14309966.91144982,
                4620536.92785229
              ],
              [
                14309990.75063009,
                4620499.80519546
              ],
              [
                14309982.80419956,
                4620347.94140737
              ],
              [
                14309966.91144982,
                4620192.70512741
              ],
              [
                14310032.04248013,
                4620137.42661602
              ],
              [
                14310023.24824035,
                4620068.64196969
              ],
              [
                14310031.2632437,
                4619938.23605138
              ],
              [
                14310158.89103989,
                4619738.19842703
              ],
              [
                14310310.28554737,
                4619591.34591369
              ],
              [
                14310325.5363176,
                4619591.06227976
              ],
              [
                14310367.89338385,
                4619536.74652745
              ],
              [
                14310581.84944516,
                4619100.24548205
              ],
              [
                14310602.62433381,
                4618859.79420769
              ],
              [
                14310584.08273678,
                4618775.43859944
              ],
              [
                14310523.16025114,
                4618731.57392793
              ],
              [
                14310516.78320279,
                4618557.41035136
              ],
              [
                14310564.92888256,
                4618470.98195484
              ],
              [
                14310604.9482395,
                4618430.78129899
              ],
              [
                14310787.01126669,
                4618366.40385605
              ],
              [
                14310989.34969197,
                4618225.45666387
              ],
              [
                14311127.08752433,
                4618181.5943353
              ],
              [
                14311177.41484348,
                4618002.77301662
              ],
              [
                14311166.81956566,
                4617952.1637813
              ],
              [
                14311063.51619139,
                4617884.68518777
              ],
              [
                14311050.27217762,
                4617807.08532351
              ],
              [
                14310991.89478949,
                4617696.49111463
              ],
              [
                14310968.51769644,
                4617592.13356537
              ],
              [
                14310955.71595499,
                4617434.03956443
              ],
              [
                14310976.69967901,
                4617246.03138274
              ],
              [
                14310977.9241934,
                4617242.2031975
              ],
              [
                14311087.35548299,
                4617186.30731799
              ],
              [
                14311132.38510757,
                4617139.07582552
              ],
              [
                14311182.71242673,
                4617128.95477909
              ],
              [
                14311256.87892615,
                4617081.72340788
              ],
              [
                14311248.93249561,
                4616987.26145704
              ],
              [
                14311251.5813429,
                4616906.29484122
              ],
              [
                14311190.65885726,
                4616855.69099413
              ],
              [
                14311140.3315381,
                4616757.85750969
              ],
              [
                14311156.22439916,
                4616575.68736419
              ],
              [
                14311222.44446806,
                4616447.49552108
              ],
              [
                14311333.69427285,
                4616427.25479735
              ],
              [
                14311370.7774669,
                4616376.65330385
              ],
              [
                14311413.15835552,
                4616140.51614598
              ],
              [
                14311362.83103638,
                4616113.52937477
              ],
              [
                14311279.26828137,
                4615904.46393237
              ],
              [
                14311362.83103638,
                4615799.81364911
              ],
              [
                14311476.72957713,
                4615631.15310313
              ],
              [
                14311685.98517293,
                4615398.4061951
              ],
              [
                14311881.99664363,
                4615263.48290844
              ],
              [
                14311945.56786525,
                4615317.45192599
              ],
              [
                14312043.80831775,
                4615314.39647194
              ],
              [
                14312140.15533703,
                4615222.11237692
              ],
              [
                14312205.15066888,
                4615155.54543803
              ],
              [
                14312276.66843234,
                4615064.47420106
              ],
              [
                14312353.48366772,
                4614912.69040617
              ],
              [
                14312525.65595816,
                4614784.51925665
              ],
              [
                14312557.44156896,
                4614733.92583199
              ],
              [
                14312435.59659768,
                4614599.01110576
              ],
              [
                14312499.1679306,
                4614403.38806799
              ],
              [
                14312560.60905375,
                4614230.854712
              ],
              [
                14312634.25691567,
                4614062.7428736
              ],
              [
                14312753.45315099,
                4613843.52185204
              ],
              [
                14312888.54213606,
                4613674.89332897
              ],
              [
                14312922.36244451,
                4613698.34066291
              ],
              [
                14312944.16692714,
                4613681.63852462
              ],
              [
                14312922.97659414,
                4613617.5603363
              ],
              [
                14312926.79451872,
                4613563.47861461
              ],
              [
                14313051.5836679,
                4613429.89519622
              ],
              [
                14313101.1208413,
                4613352.50973222
              ],
              [
                14313132.23207863,
                4613287.05838244
              ],
              [
                14313171.96411996,
                4613246.58953306
              ],
              [
                14313309.70195232,
                4613030.75811753
              ],
              [
                14313614.63765233,
                4612609.93645772
              ],
              [
                14313641.0760314,
                4612596.68556448
              ],
              [
                14313943.97636584,
                4612249.47571726
              ],
              [
                14313959.11581659,
                4612245.4368144
              ],
              [
                14314134.49967434,
                4612021.66989695
              ],
              [
                14314150.69666024,
                4612002.2552636
              ],
              [
                14314230.4570754,
                4611910.28424937
              ],
              [
                14314252.67611181,
                4611847.13804968
              ],
              [
                14314268.56897286,
                4611627.96401161
              ],
              [
                14314355.97948606,
                4611557.15492292
              ],
              [
                14314551.99095678,
                4611604.36097523
              ],
              [
                14314581.1277203,
                4611594.24536427
              ],
              [
                14314782.43688557,
                4611233.46262855
              ],
              [
                14314779.78803829,
                4611193.00170017
              ],
              [
                14314573.18140108,
                4611162.6562498
              ],
              [
                14314567.88370651,
                4611041.27505825
              ],
              [
                14314641.51720821,
                4610901.95511518
              ],
              [
                14314805.32973885,
                4611053.12977082
              ],
              [
                14314866.75950741,
                4611068.76858643
              ],
              [
                14314924.0938319,
                4610875.89062129
              ],
              [
                14315030.57203805,
                4610810.73002912
              ],
              [
                14315023.60633223,
                4610759.33625934
              ],
              [
                14314846.282955,
                4610607.43151535
              ],
              [
                14315024.42909459,
                4610365.04225323
              ],
              [
                14315161.98536484,
                4610486.32494176
              ],
              [
                14315255.81433725,
                4610469.29503285
              ],
              [
                14315343.86349037,
                4610349.40450514
              ],
              [
                14315325.43465999,
                4610279.03450722
              ],
              [
                14315202.57523417,
                4610177.38999154
              ],
              [
                14315321.12114103,
                4610010.77400011
              ],
              [
                14315417.98646386,
                4609896.29275595
              ],
              [
                14315519.96201924,
                4609807.30806488
              ],
              [
                14315562.9628461,
                4609815.12666654
              ],
              [
                14315595.72528544,
                4609846.4007074
              ],
              [
                14315632.47396442,
                4609861.06801348
              ],
              [
                14315798.52869224,
                4609781.81292461
              ],
              [
                14315867.71820855,
                4609808.2312671
              ],
              [
                14315923.06982159,
                4609808.2312671
              ],
              [
                14315943.82667648,
                4609455.99226606
              ],
              [
                14315999.17828953,
                4608918.85109715
              ],
              [
                14316033.77293636,
                4608733.94021256
              ],
              [
                14315971.502483,
                4608460.98251812
              ],
              [
                14315686.51601497,
                4607717.75914199
              ],
              [
                14308265.235182,
                4598278.52523956
              ],
              [
                14306409.87322895,
                4588847.83881816
              ],
              [
                14271171.68841834,
                4584117.69892111
              ],
              [
                14211788.30605467,
                4574717.97686885
              ],
              [
                14124588.0753731,
                4527756.84323621
              ],
              [
                14102324.17721444,
                4539477.25102328
              ],
              [
                14089646.1054936,
                4537444.78546715
              ],
              [
                14053343.58267505,
                4531505.93348807
              ],
              [
                14044809.08845512,
                4530099.85811137
              ],
              [
                14044660.62532379,
                4534086.64487722
              ],
              [
                14044715.83979122,
                4534133.13039415
              ],
              [
                14044751.1280698,
                4534142.83541474
              ],
              [
                14044831.61206164,
                4534157.18198345
              ],
              [
                14044862.44756059,
                4534217.24087246
              ],
              [
                14044937.69953637,
                4534211.47407888
              ],
              [
                14044972.54253699,
                4534185.87518004
              ],
              [
                14044956.95780828,
                4534140.72562689
              ],
              [
                14044951.50315323,
                4534100.35843481
              ],
              [
                14045005.71574525,
                4534019.2025665
              ],
              [
                14045120.26350127,
                4533932.28069009
              ],
              [
                14045180.48734579,
                4533931.7180913
              ],
              [
                14045194.9588796,
                4533881.08432499
              ],
              [
                14045244.94133096,
                4533855.34558797
              ],
              [
                14045305.05385599,
                4533849.71964297
              ],
              [
                14045430.62224161,
                4533853.37650687
              ],
              [
                14045657.15740537,
                4533901.47845131
              ],
              [
                14045727.51132355,
                4533910.76130822
              ],
              [
                14045796.64072734,
                4533804.14960031
              ],
              [
                14045801.42746544,
                4533784.0369596
              ],
              [
                14045966.4029508,
                4533716.66692798
              ],
              [
                14046021.9513767,
                4533751.40674383
              ],
              [
                14046198.28145012,
                4533799.93016198
              ],
              [
                14046303.58968841,
                4533788.67833478
              ],
              [
                14046344.44394153,
                4533848.73510291
              ],
              [
                14046560.51507315,
                4533856.611426
              ],
              [
                14046696.10221294,
                4533865.190999
              ],
              [
                14046777.36544122,
                4533939.87577663
              ],
              [
                14046787.60683437,
                4533959.98871771
              ],
              [
                14046899.26028364,
                4534069.69635145
              ],
              [
                14046914.84501235,
                4534114.84559728
              ],
              [
                14046975.51413483,
                4534149.44608611
              ],
              [
                14046941.00509269,
                4534205.28532835
              ],
              [
                14046991.76678049,
                4534250.15385286
              ],
              [
                14046992.54601692,
                4534320.62173694
              ],
              [
                14046893.02639216,
                4534402.34257368
              ],
              [
                14046858.739989,
                4534473.23345651
              ],
              [
                14046774.13717599,
                4534544.68745277
              ],
              [
                14046749.75820751,
                4534605.45186609
              ],
              [
                14046825.67810023,
                4534660.02761302
              ],
              [
                14046821.22532059,
                4534710.52449911
              ],
              [
                14046872.20964737,
                4534775.50970935
              ],
              [
                14046928.31467074,
                4534850.48232703
              ],
              [
                14046974.17830095,
                4534910.54520679
              ],
              [
                14047019.4853337,
                4534915.04642013
              ],
              [
                14047040.0794395,
                4534965.26321322
              ],
              [
                14047070.2470215,
                4534964.98188597
              ],
              [
                14047104.64474416,
                4534904.07471601
              ],
              [
                14047144.60844135,
                4534888.46115695
              ],
              [
                14047210.28694092,
                4534923.06421123
              ],
              [
                14047310.9197606,
                4534942.19440431
              ],
              [
                14047437.71266061,
                4535051.7717009
              ],
              [
                14047579.86765036,
                4535186.24810752
              ],
              [
                14047681.16838698,
                4535265.86570908
              ],
              [
                14047707.32846731,
                4535351.25133862
              ],
              [
                14047717.90381893,
                4535401.6109008
              ],
              [
                14047713.78499777,
                4535477.15069986
              ],
              [
                14047729.1470875,
                4535502.19008356
              ],
              [
                14047774.56543975,
                4535526.94818496
              ],
              [
                14047959.24447497,
                4535867.80006495
              ],
              [
                14048565.26778285,
                4537050.95058663
              ],
              [
                14048884.08680449,
                4537707.86105983
              ],
              [
                14049032.80964418,
                4537983.63790761
              ],
              [
                14049156.15163998,
                4538229.31056816
              ],
              [
                14049268.91828416,
                4538434.88646909
              ],
              [
                14049387.13958338,
                4538675.64478142
              ],
              [
                14049559.12819665,
                4538994.50683622
              ],
              [
                14049710.63402363,
                4539302.40231057
              ],
              [
                14050162.59115625,
                4540185.04887178
              ],
              [
                14050465.71412967,
                4540786.84501611
              ],
              [
                14050840.63817467,
                4541519.15224705
              ],
              [
                14051302.83670044,
                4542417.04830182
              ],
              [
                14051739.54306282,
                4543285.03641565
              ],
              [
                14052160.553377,
                4544102.69498876
              ],
              [
                14052166.675949,
                4544198.43056088
              ],
              [
                14051913.20146846,
                4544286.77556418
              ],
              [
                14051337.34574258,
                4544554.77172329
              ],
              [
                14051106.35779919,
                4545110.63758897
              ],
              [
                14050186.58050651,
                4545943.7175455
              ],
              [
                14049898.65264357,
                4546147.8967204
              ],
              [
                14049588.68352146,
                4546578.16463199
              ],
              [
                14049139.39805662,
                4546629.70503405
              ],
              [
                14049059.52632198,
                4546783.90530112
              ],
              [
                14049063.81212237,
                4547406.503299
              ],
              [
                14049474.02444594,
                4547500.57924899
              ],
              [
                14049893.58760675,
                4547756.82785757
              ],
              [
                14050366.63978288,
                4548042.09581791
              ],
              [
                14050387.01124969,
                4548054.41934457
              ],
              [
                14050408.27327243,
                4548337.58279534
              ],
              [
                14050500.83542902,
                4548654.06456485
              ],
              [
                14050586.60709667,
                4548881.32610049
              ],
              [
                14050926.29852284,
                4549338.0473512
              ],
              [
                14051243.94868982,
                4549673.36463737
              ],
              [
                14051203.20575618,
                4549672.80118821
              ],
              [
                14051216.78673406,
                4549915.72103298
              ],
              [
                14050797.22357325,
                4550088.70539323
              ],
              [
                14050618.88974901,
                4550232.18035198
              ],
              [
                14050575.53080735,
                4550490.67974668
              ],
              [
                14050781.91714328,
                4550702.97805672
              ],
              [
                14051022.2559239,
                4550902.31982827
              ],
              [
                14051040.95759836,
                4550925.42399783
              ],
              [
                14051281.35203872,
                4551224.23315373
              ],
              [
                14051315.30448341,
                4551490.7877414
              ],
              [
                14051124.22457746,
                4551734.31358562
              ],
              [
                14051157.34212597,
                4551855.76163838
              ],
              [
                14052500.07782392,
                4552874.81173465
              ],
              [
                14052570.54306159,
                4553013.46380327
              ],
              [
                14052576.49865435,
                4553207.56571286
              ],
              [
                14052702.17835946,
                4553411.25331695
              ],
              [
                14052853.35022795,
                4553542.44405489
              ],
              [
                14053150.62892812,
                4553594.5826164
              ],
              [
                14053206.67829174,
                4553562.87670326
              ],
              [
                14053571.0269851,
                4553372.57279757
              ],
              [
                14053684.01626826,
                4553325.29680254
              ],
              [
                14053885.28190761,
                4553270.97546993
              ],
              [
                14054320.09583865,
                4553236.02960045
              ],
              [
                14054978.32798771,
                4553291.90077459
              ],
              [
                14055402.12128916,
                4553490.79895362
              ],
              [
                14055673.07292975,
                4553672.01590826
              ],
              [
                14055915.08150274,
                4553618.18597005
              ],
              [
                14056013.59925209,
                4553408.57597218
              ],
              [
                14056015.32470419,
                4553263.43673413
              ],
              [
                14056074.76931227,
                4553290.84394002
              ],
              [
                14056202.17446949,
                4553318.2512181
              ],
              [
                14056403.44010884,
                4553211.86347308
              ],
              [
                14056651.45993433,
                4553164.02457016
              ],
              [
                14056839.97949199,
                4553044.67486417
              ],
              [
                14057008.18324257,
                4552866.21649448
              ],
              [
                14057274.0141866,
                4552608.22168916
              ],
              [
                14057644.26281297,
                4552421.73953127
              ],
              [
                14058188.67078269,
                4552152.41362511
              ],
              [
                14058698.23575181,
                4551921.34699413
              ],
              [
                14058943.69522901,
                4551538.61895151
              ],
              [
                14059296.18839659,
                4551542.42291581
              ],
              [
                14059779.42630613,
                4551734.24314052
              ],
              [
                14060001.95396822,
                4551597.22833348
              ],
              [
                14060238.89750438,
                4551516.07696943
              ],
              [
                14060911.5455275,
                4551474.72664799
              ],
              [
                14061201.97807898,
                4551491.9148366
              ],
              [
                14061850.02449463,
                4551749.88196329
              ],
              [
                14062187.21123225,
                4552018.07029786
              ],
              [
                14062193.11116526,
                4552044.4175153
              ],
              [
                14062215.20808418,
                4552150.79332294
              ],
              [
                14062261.90661057,
                4552296.97377312
              ],
              [
                14062357.02911545,
                4552378.69482341
              ],
              [
                14062536.25349563,
                4552219.05757637
              ],
              [
                14062804.64478793,
                4551906.27148371
              ],
              [
                14062902.3276411,
                4551753.61555959
              ],
              [
                14063010.14056793,
                4551439.2232663
              ],
              [
                14063180.84900707,
                4551238.74414213
              ],
              [
                14063376.21471341,
                4551062.99348405
              ],
              [
                14063553.71364148,
                4550943.73831502
              ],
              [
                14063687.01873171,
                4550937.61005914
              ],
              [
                14063757.37264988,
                4550902.24938881
              ],
              [
                14063762.38202697,
                4550881.96284333
              ],
              [
                14064159.90392859,
                4550714.600352
              ],
              [
                14065590.35938529,
                4550053.27717329
              ],
              [
                14065771.25355783,
                4550182.73515021
              ],
              [
                14066609.4893235,
                4550676.63423545
              ],
              [
                14066657.07840581,
                4550733.61868138
              ],
              [
                14067030.7779364,
                4551125.89708594
              ],
              [
                14067214.17679749,
                4551305.38224186
              ],
              [
                14067397.63131831,
                4551396.25306557
              ],
              [
                14067637.97009893,
                4551463.38527678
              ],
              [
                14068120.37311229,
                4551484.37738974
              ],
              [
                14068448.20901267,
                4551600.961875
              ],
              [
                14068536.54102862,
                4551666.54562478
              ],
              [
                14068599.38088117,
                4551696.13241411
              ],
              [
                14068977.36621216,
                4551872.95045641
              ],
              [
                14069261.84317089,
                4552053.01207658
              ],
              [
                14069573.53774511,
                4552666.76664498
              ],
              [
                14069763.78275488,
                4553069.96786934
              ],
              [
                14069914.95462337,
                4553415.55116131
              ],
              [
                14069919.24042376,
                4553537.58249963
              ],
              [
                14070021.98831377,
                4553760.15951067
              ],
              [
                14070016.86761719,
                4554004.72492785
              ],
              [
                14070015.19782482,
                4554076.24255102
              ],
              [
                14069787.60512589,
                4554316.51718176
              ],
              [
                14069834.30365228,
                4554446.5919222
              ],
              [
                14069971.00398699,
                4554447.71933768
              ],
              [
                14070252.97625716,
                4554418.12472187
              ],
              [
                14070574.85656478,
                4554372.95786339
              ],
              [
                14070909.48295411,
                4554422.42298226
              ],
              [
                14070929.01952475,
                4554413.26275732
              ],
              [
                14071197.41081705,
                4554286.42970259
              ],
              [
                14071494.68951722,
                4554289.10727332
              ],
              [
                14072054.34825718,
                4554516.49191297
              ],
              [
                14072420.42240266,
                4554276.21266271
              ],
              [
                14072738.90746581,
                4554434.82453044
              ],
              [
                14073022.54952836,
                4554728.87238791
              ],
              [
                14073114.27678876,
                4554835.83937878
              ],
              [
                14073412.39038511,
                4555185.85039088
              ],
              [
                14073545.75113508,
                4555502.54052736
              ],
              [
                14073672.26573637,
                4555673.50365262
              ],
              [
                14073914.3299691,
                4555578.86048702
              ],
              [
                14074028.15414844,
                4555515.4366585
              ],
              [
                14074205.6530765,
                4555427.77147015
              ],
              [
                14074495.2507318,
                4555374.00291399
              ],
              [
                14074849.41369176,
                4555312.69441459
              ],
              [
                14075044.72373836,
                4555128.27780836
              ],
              [
                14075175.52414004,
                4554862.75746411
              ],
              [
                14075257.06566705,
                4554726.19470396
              ],
              [
                14075386.14061662,
                4554646.63961917
              ],
              [
                14075719.09721358,
                4554333.71006606
              ],
              [
                14075899.15648995,
                4554003.66802084
              ],
              [
                14076078.32521038,
                4553770.86925587
              ],
              [
                14076241.40826438,
                4553513.41567173
              ],
              [
                14076316.99419864,
                4553391.38461689
              ],
              [
                14076378.99915501,
                4553291.40758511
              ],
              [
                14076632.08401732,
                4552892.56585979
              ],
              [
                14077437.20223449,
                4552108.87689804
              ],
              [
                14077996.08173802,
                4551787.99288657
              ],
              [
                14080293.43772926,
                4549922.69388114
              ],
              [
                14080812.3535356,
                4549546.02590391
              ],
              [
                14081372.01227556,
                4549297.76211128
              ],
              [
                14081983.54589823,
                4549302.05825706
              ],
              [
                14081987.77603888,
                4549298.8185404
              ],
              [
                14082167.00041906,
                4549249.94119843
              ],
              [
                14082741.96558901,
                4548831.88731506
              ],
              [
                14082876.16123515,
                4548652.9377769
              ],
              [
                14082990.82031067,
                4547972.23930247
              ],
              [
                14083260.04649915,
                4547638.10348075
              ],
              [
                14083434.15018276,
                4547353.9028202
              ],
              [
                14083473.22332403,
                4547175.54199663
              ],
              [
                14083435.98695436,
                4546982.32708634
              ],
              [
                14083551.31394682,
                4546901.07086622
              ],
              [
                14083676.88233243,
                4546845.02275113
              ],
              [
                14083842.63705422,
                4546798.83257148
              ],
              [
                14083993.36364476,
                4546757.85304091
              ],
              [
                14084048.57811219,
                4546752.50177391
              ],
              [
                14084103.90389912,
                4546742.22171607
              ],
              [
                14084164.23906312,
                4546741.94007079
              ],
              [
                14084209.54609588,
                4546736.72963453
              ],
              [
                14084264.8718828,
                4546746.58721884
              ],
              [
                14084340.23517807,
                4546741.23595763
              ],
              [
                14084491.40704656,
                4546806.29621467
              ],
              [
                14084612.63397205,
                4546932.05236583
              ],
              [
                14084738.8702746,
                4547047.6705032
              ],
              [
                14085020.84254478,
                4547112.16936419
              ],
              [
                14085302.59217597,
                4547141.32072722
              ],
              [
                14085564.19297934,
                4547150.33372553
              ],
              [
                14085765.56993819,
                4547194.97634786
              ],
              [
                14085861.30470028,
                4547245.11150833
              ],
              [
                14085921.63986428,
                4547244.82984945
              ],
              [
                14085976.85433172,
                4547209.20006268
              ],
              [
                14086082.16257001,
                4547133.0118763
              ],
              [
                14086212.62901321,
                4547061.75318986
              ],
              [
                14086418.57007118,
                4547010.49230195
              ],
              [
                14086735.27402249,
                4546963.73808578
              ],
              [
                14086961.47522778,
                4546937.54455038
              ],
              [
                14087207.8252609,
                4546931.48906501
              ],
              [
                14087408.5343028,
                4546804.46550924
              ],
              [
                14087579.40972117,
                4546773.34356615
              ],
              [
                14087765.53590978,
                4546782.77871555
              ],
              [
                14087991.84843456,
                4546786.86258883
              ],
              [
                14088137.6769675,
                4546776.16002776
              ],
              [
                14088278.16216488,
                4546715.04298189
              ],
              [
                14088534.19699371,
                4546592.66914558
              ],
              [
                14088629.15251936,
                4546461.00269979
              ],
              [
                14088759.50764308,
                4546349.47477733
              ],
              [
                14088794.01668522,
                4546197.81561728
              ],
              [
                14088813.38627662,
                4546000.81690468
              ],
              [
                14088797.24495045,
                4545773.68863196
              ],
              [
                14088826.96725449,
                4545642.17334718
              ],
              [
                14088921.92278014,
                4545500.38089083
              ],
              [
                14089091.90764258,
                4545277.62841757
              ],
              [
                14089326.79176815,
                4544918.16497181
              ],
              [
                14089441.89612163,
                4544781.310234
              ],
              [
                14089587.16805712,
                4544639.38870123
              ],
              [
                14089717.85713931,
                4544618.69197258
              ],
              [
                14089974.22592661,
                4544602.50068292
              ],
              [
                14090608.07910719,
                4544635.16487572
              ],
              [
                14090950.27522188,
                4544669.0963224
              ],
              [
                14091171.80100856,
                4544718.65614435
              ],
              [
                14091453.99591772,
                4544858.88919078
              ],
              [
                14091731.1814498,
                4544994.0553596
              ],
              [
                14091942.7998018,
                4545079.09830638
              ],
              [
                14092074.04548144,
                4545199.76473856
              ],
              [
                14092195.04976793,
                4545269.88426429
              ],
              [
                14092290.67321052,
                4545279.5996575
              ],
              [
                14092441.28848156,
                4545218.35059098
              ],
              [
                14092652.35023611,
                4545167.0987753
              ],
              [
                14092813.2069003,
                4545180.61571319
              ],
              [
                14092888.68151507,
                4545190.4718248
              ],
              [
                14092974.174884,
                4545170.19640536
              ],
              [
                14093099.63195012,
                4545033.47915589
              ],
              [
                14093395.74179563,
                4544724.85113868
              ],
              [
                14093541.34768959,
                4544623.61976139
              ],
              [
                14093677.15746836,
                4544603.06385779
              ],
              [
                14093762.65083728,
                4544597.8544914
              ],
              [
                14093858.16296039,
                4544622.91579142
              ],
              [
                14093999.09343573,
                4544657.97355384
              ],
              [
                14094155.16336182,
                4544718.23375852
              ],
              [
                14094371.67977141,
                4544838.89601054
              ],
              [
                14094648.753984,
                4545050.37511426
              ],
              [
                14094784.78640175,
                4545201.59516195
              ],
              [
                14095006.53482741,
                4545403.08450272
              ],
              [
                14095102.38090898,
                4545564.44774974
              ],
              [
                14095142.67856464,
                4545589.65218246
              ],
              [
                14095323.90669566,
                4545659.91514094
              ],
              [
                14095399.6039494,
                4545775.94158493
              ],
              [
                14095515.26490034,
                4545790.72660086
              ],
              [
                14095858.12893198,
                4546229.35828761
              ],
              [
                14095918.68673497,
                4546304.97659615
              ],
              [
                14096090.11875079,
                4546531.97563594
              ],
              [
                14096165.81600453,
                4546658.01011746
              ],
              [
                14096251.75465142,
                4546875.0183129
              ],
              [
                14096302.51633923,
                4547107.24039784
              ],
              [
                14096378.32491246,
                4547248.49141547
              ],
              [
                14096594.84132205,
                4547384.39275746
              ],
              [
                14096957.18626458,
                4547519.8733737
              ],
              [
                14097128.28432192,
                4547560.01090099
              ],
              [
                14097319.53120712,
                4547600.00774874
              ],
              [
                14097641.68981347,
                4547720.42172147
              ],
              [
                14097802.76911665,
                4547821.11985559
              ],
              [
                14097858.20622306,
                4547836.18945035
              ],
              [
                14097898.39255924,
                4547826.04915989
              ],
              [
                14097933.45819884,
                4547775.34785572
              ],
              [
                14098063.92464204,
                4547648.87734522
              ],
              [
                14098299.92196253,
                4547451.28785182
              ],
              [
                14098536.0306025,
                4547304.40087199
              ],
              [
                14098626.42202902,
                4547253.70210781
              ],
              [
                14098732.06422578,
                4547243.28072576
              ],
              [
                14098978.41425891,
                4547212.43912916
              ],
              [
                14099270.18264429,
                4547237.08423326
              ],
              [
                14099622.39751315,
                4547322.14549778
              ],
              [
                14099899.13776726,
                4547387.20938435
              ],
              [
                14100221.29637361,
                4547507.76172919
              ],
              [
                14100467.98036522,
                4547618.31621623
              ],
              [
                14100719.78505339,
                4547769.29188312
              ],
              [
                14101037.15692164,
                4548021.25148601
              ],
              [
                14101258.9053473,
                4548258.14695909
              ],
              [
                14101284.06355222,
                4548253.07660714
              ],
              [
                14101349.29677382,
                4548192.23257636
              ],
              [
                14101384.47373291,
                4548197.30289868
              ],
              [
                14101520.50615067,
                4548308.00555145
              ],
              [
                14101651.52919133,
                4548449.2728598
              ],
              [
                14101671.78933866,
                4548499.6957531
              ],
              [
                14101671.90065815,
                4548565.33038787
              ],
              [
                14101657.09516587,
                4548666.45924025
              ],
              [
                14101662.21586245,
                4548737.16551164
              ],
              [
                14101672.34593611,
                4548772.51882743
              ],
              [
                14101682.47600977,
                4548807.73141269
              ],
              [
                14101692.71740293,
                4548883.50930013
              ],
              [
                14101658.65363874,
                4549429.18271753
              ],
              [
                14101663.77433531,
                4549474.68027011
              ],
              [
                14101693.94191732,
                4549504.82426896
              ],
              [
                14101739.24895007,
                4549524.96727011
              ],
              [
                14101759.5090974,
                4549555.25227528
              ],
              [
                14101749.49034323,
                4549575.53623499
              ],
              [
                14101734.35089248,
                4549570.46524136
              ],
              [
                14101699.17393339,
                4549570.60610226
              ],
              [
                14101653.86690064,
                4549580.74809213
              ],
              [
                14101623.81063812,
                4549626.24630719
              ],
              [
                14101614.01452293,
                4549742.45782112
              ],
              [
                14101609.22778483,
                4549853.59950097
              ],
              [
                14101570.04332407,
                4550399.32377744
              ],
              [
                14101675.90815982,
                4550500.18870243
              ],
              [
                14101791.90306922,
                4550631.34274139
              ],
              [
                14101840.66100618,
                4550708.82442182
              ],
              [
                14101938.17688013,
                4550858.29525692
              ],
              [
                14102130.09168225,
                4551226.69861149
              ],
              [
                14102180.63073107,
                4551352.93082971
              ],
              [
                14102221.15102571,
                4551494.38035779
              ],
              [
                14102246.53186962,
                4551620.61582323
              ],
              [
                14102297.18223794,
                4551812.50793503
              ],
              [
                14102352.73066384,
                4551908.31442544
              ],
              [
                14102398.26033558,
                4552014.40705366
              ],
              [
                14102413.51110581,
                4552115.42852979
              ],
              [
                14102444.34660476,
                4552413.42646415
              ],
              [
                14102470.06140714,
                4552691.28376406
              ],
              [
                14102455.47855384,
                4552928.84918595
              ],
              [
                14102395.69998728,
                4553217.00669664
              ],
              [
                14102360.52302819,
                4553272.66640208
              ],
              [
                14102325.3460691,
                4553247.58427011
              ],
              [
                14102330.2441267,
                4553171.77459841
              ],
              [
                14102324.90079114,
                4553035.23403677
              ],
              [
                14102304.64064381,
                4552959.56681925
              ],
              [
                14102239.07346374,
                4552894.04537159
              ],
              [
                14102148.45939823,
                4552843.60118335
              ],
              [
                14102062.96602931,
                4552838.81040724
              ],
              [
                14102012.64961947,
                4552838.95131239
              ],
              [
                14101887.19255334,
                4552980.70285814
              ],
              [
                14101646.51981425,
                4553340.02208943
              ],
              [
                14101361.09663986,
                4553926.79593966
              ],
              [
                14101211.03796626,
                4554336.59903712
              ],
              [
                14101151.14808022,
                4554589.42234362
              ],
              [
                14101176.7515631,
                4554791.51629586
              ],
              [
                14101242.54138215,
                4554963.17240233
              ],
              [
                14101373.56442282,
                4555089.3090319
              ],
              [
                14102159.14606935,
                4555608.24699202
              ],
              [
                14102486.31405279,
                4555728.75367245
              ],
              [
                14102687.69101163,
                4555829.38839139
              ],
              [
                14102803.46328206,
                4555889.85425813
              ],
              [
                14102994.82148674,
                4556000.63878635
              ],
              [
                14103226.47734708,
                4556131.58029138
              ],
              [
                14103392.56602734,
                4556186.83274513
              ],
              [
                14103322.54606763,
                4556394.17301492
              ],
              [
                14103277.57299335,
                4556551.05524612
              ],
              [
                14103222.69248438,
                4556733.17128116
              ],
              [
                14103167.81197542,
                4556945.59703358
              ],
              [
                14103117.82952406,
                4557117.5706294
              ],
              [
                14103104.91646313,
                4557254.44672929
              ],
              [
                14103054.4887338,
                4557492.25737976
              ],
              [
                14103008.29114511,
                4557656.34567129
              ],
              [
                14102929.58826513,
                4557861.45967801
              ],
              [
                14102761.49583403,
                4558441.58065201
              ],
              [
                14102551.65859388,
                4559238.5772779
              ],
              [
                14102446.79563355,
                4559707.52690179
              ],
              [
                14102397.48109914,
                4560066.93767519
              ],
              [
                14102378.89074418,
                4560356.13912741
              ],
              [
                14102409.83756262,
                4560543.68020737
              ],
              [
                14102459.15209704,
                4560684.40874444
              ],
              [
                14102502.34405946,
                4560785.93752989
              ],
              [
                14102483.865024,
                4560911.01671701
              ],
              [
                14102388.2415814,
                4561137.6296319
              ],
              [
                14102161.48377865,
                4561647.70304363
              ],
              [
                14102096.69583502,
                4561782.52342411
              ],
              [
                14102064.30186319,
                4561905.64021626
              ],
              [
                14102065.19241912,
                4562192.07221371
              ],
              [
                14102065.19241912,
                4563381.88611558
              ],
              [
                14102065.19241912,
                4564956.80793319
              ],
              [
                14102065.19241912,
                4565560.60305709
              ],
              [
                14102368.98330949,
                4566138.19134577
              ],
              [
                14102564.68297431,
                4566517.57739677
              ],
              [
                14102725.53963851,
                4566891.47457508
              ],
              [
                14102870.36629603,
                4567170.14255193
              ],
              [
                14102996.37995961,
                4567408.03921011
              ],
              [
                14103055.37928973,
                4567543.9221323
              ],
              [
                14103135.86328157,
                4567707.04042993
              ],
              [
                14103154.00835856,
                4567805.81573177
              ],
              [
                14103146.99523065,
                4567900.35868686
              ],
              [
                14103103.69194872,
                4567992.64473036
              ],
              [
                14102961.53695898,
                4568121.76190237
              ],
              [
                14102616.11257905,
                4568387.33910288
              ],
              [
                14102418.18652443,
                4568493.60010957
              ],
              [
                14101989.1612069,
                4568737.87754534
              ],
              [
                14101733.68297554,
                4568895.36968606
              ],
              [
                14101630.0445296,
                4568921.61860857
              ],
              [
                14101464.4011273,
                4568930.36826416
              ],
              [
                14101340.05725609,
                4568965.3669603
              ],
              [
                14101280.16737005,
                4569016.03060453
              ],
              [
                14101246.8828423,
                4569082.50055194
              ],
              [
                14101229.62832123,
                4569193.00248959
              ],
              [
                14101222.72651279,
                4569333.14265475
              ],
              [
                14101243.43193808,
                4569446.89326401
              ],
              [
                14101250.33374652,
                4569569.53644696
              ],
              [
                14101264.13736336,
                4569665.78907418
              ],
              [
                14101250.33374652,
                4569989.69560221
              ],
              [
                14101243.43193808,
                4570269.85820586
              ],
              [
                14101215.82470437,
                4570558.77940413
              ],
              [
                14101202.02108751,
                4570751.445056
              ],
              [
                14101167.51204536,
                4570873.96251114
              ],
              [
                14101056.971791,
                4570978.97862436
              ],
              [
                14100918.93562242,
                4571084.13695354
              ],
              [
                14100863.6098355,
                4571189.15519448
              ],
              [
                14100787.68994277,
                4571346.82570581
              ],
              [
                14100761.64118192,
                4571440.69514297
              ],
              [
                14100741.3810346,
                4571565.47928892
              ],
              [
                14100724.34915252,
                4571658.64490155
              ],
              [
                14100725.35102793,
                4571750.82321759
              ],
              [
                14100750.84319132,
                4571820.55743433
              ],
              [
                14100782.34660721,
                4571911.46671238
              ],
              [
                14100807.8387706,
                4572021.15179326
              ],
              [
                14100819.19335868,
                4572102.60465661
              ],
              [
                14100803.0520325,
                4572157.09514413
              ],
              [
                14100798.04265542,
                4572250.40723969
              ],
              [
                14100784.35035806,
                4572354.30792848
              ],
              [
                14100792.36536138,
                4572401.88236845
              ],
              [
                14100811.06703584,
                4572442.68080088
              ],
              [
                14100838.34031108,
                4572506.91395226
              ],
              [
                14100851.36469151,
                4572561.68890991
              ],
              [
                14100867.39469818,
                4572694.25115158
              ],
              [
                14100875.6323405,
                4572742.39185257
              ],
              [
                14100862.83059906,
                4572782.34456883
              ],
              [
                14100840.5667009,
                4572816.79155728
              ],
              [
                14100813.85002312,
                4572860.97986984
              ],
              [
                14100811.73495278,
                4572967.8514233
              ],
              [
                14100803.0520325,
                4573068.37098332
              ],
              [
                14100808.50668756,
                4573119.33703136
              ],
              [
                14100843.34968816,
                4573177.22121242
              ],
              [
                14100864.8343499,
                4573211.2459672
              ],
              [
                14100868.73053208,
                4573278.16635001
              ],
              [
                14100874.63046509,
                4573330.40407975
              ],
              [
                14100878.19268878,
                4573401.56076201
              ],
              [
                14100874.63046509,
                4573462.55259258
              ],
              [
                14100988.0650262,
                4573462.834963
              ],
              [
                14101106.50896441,
                4573453.79911337
              ],
              [
                14101213.26435607,
                4573422.032517
              ],
              [
                14101307.2180063,
                4573371.06498126
              ],
              [
                14101382.2473431,
                4573330.26289635
              ],
              [
                14101527.07400062,
                4573241.74127795
              ],
              [
                14101642.40099309,
                4573133.03155233
              ],
              [
                14101714.7586621,
                4573078.5359369
              ],
              [
                14101811.94057757,
                4573056.08834438
              ],
              [
                14101939.95799197,
                4573085.31257814
              ],
              [
                14102075.87909023,
                4573166.35025621
              ],
              [
                14102205.45497752,
                4573272.37786101
              ],
              [
                14102243.52624337,
                4573359.34671898
              ],
              [
                14102291.17098543,
                4573411.86722671
              ],
              [
                14102364.64184935,
                4573465.65866762
              ],
              [
                14102501.23086455,
                4573528.62748052
              ],
              [
                14102637.81987975,
                4573579.7369775
              ],
              [
                14102776.52396529,
                4573605.71538193
              ],
              [
                14102902.53762886,
                4573609.10387427
              ],
              [
                14103087.55062256,
                4573609.10387427
              ],
              [
                14103186.73628886,
                4573571.68933282
              ],
              [
                14103258.7599994,
                4573524.67427025
              ],
              [
                14103350.26462084,
                4573435.58625288
              ],
              [
                14103462.91994552,
                4573313.17971817
              ],
              [
                14103594.27694465,
                4573190.77462833
              ],
              [
                14103730.64332088,
                4573067.9474438
              ],
              [
                14103838.40058797,
                4572962.91017792
              ],
              [
                14104012.61559106,
                4572816.79155728
              ],
              [
                14104119.92758018,
                4572765.68582037
              ],
              [
                14104272.76924104,
                4572724.88611727
              ],
              [
                14104433.62590524,
                4572704.55691334
              ],
              [
                14104551.51324598,
                4572697.6393461
              ],
              [
                14104696.22858402,
                4572709.63921059
              ],
              [
                14104801.75946129,
                4572733.21545538
              ],
              [
                14104894.93387509,
                4572760.74467131
              ],
              [
                14105022.17205306,
                4572808.03862315
              ],
              [
                14105168.11190549,
                4572867.0504834
              ],
              [
                14105329.19120866,
                4572935.80395943
              ],
              [
                14105506.07787954,
                4573003.71081747
              ],
              [
                14105621.40487201,
                4573036.46438822
              ],
              [
                14105764.22777869,
                4573091.52450318
              ],
              [
                14105903.93373963,
                4573138.81996355
              ],
              [
                14106025.04934561,
                4573174.25640505
              ],
              [
                14106149.17057785,
                4573217.59914954
              ],
              [
                14106229.87720868,
                4573245.12965135
              ],
              [
                14106347.87586892,
                4573296.23775107
              ],
              [
                14106493.81572135,
                4573351.44042903
              ],
              [
                14106642.87251951,
                4573398.73707484
              ],
              [
                14106747.51284086,
                4573435.58625288
              ],
              [
                14106857.49649776,
                4573483.16565346
              ],
              [
                14106943.99174212,
                4573575.92493451
              ],
              [
                14107024.69837294,
                4573690.00445749
              ],
              [
                14107173.75517111,
                4573820.03970185
              ],
              [
                14107325.92891503,
                4573949.93538512
              ],
              [
                14107378.69435366,
                4574028.72073365
              ],
              [
                14107474.8743937,
                4574359.54101644
              ],
              [
                14107543.22456105,
                4574493.39703689
              ],
              [
                14107608.45778266,
                4574635.16204837
              ],
              [
                14107673.57968477,
                4574761.11426244
              ],
              [
                14107800.92918225,
                4574816.32473999
              ],
              [
                14107900.22616803,
                4574855.72063135
              ],
              [
                14108061.63942969,
                4574895.11667241
              ],
              [
                14108185.8719814,
                4574918.6978869
              ],
              [
                14108365.87559801,
                4574926.60537202
              ],
              [
                14108490.10814974,
                4574926.60537202
              ],
              [
                14108565.47144501,
                4574928.58224425
              ],
              [
                14108667.1061401,
                4574989.58305817
              ],
              [
                14108781.9878546,
                4575135.30867769
              ],
              [
                14108875.05094891,
                4575296.71066456
              ],
              [
                14108967.66876524,
                4575421.82364491
              ],
              [
                14109072.1977671,
                4575520.39001337
              ],
              [
                14109211.68108906,
                4575636.04429687
              ],
              [
                14109316.21009092,
                4575693.94253031
              ],
              [
                14109431.53708338,
                4575738.14310668
              ],
              [
                14109506.56642018,
                4575744.92148651
              ],
              [
                14109648.72140992,
                4575765.39786912
              ],
              [
                14109816.59120204,
                4575782.20265473
              ],
              [
                14109916.1108268,
                4575794.77095757
              ],
              [
                14110005.72301689,
                4575763.27962076
              ],
              [
                14110130.28952709,
                4575655.95560409
              ],
              [
                14110229.80915186,
                4575617.96881707
              ],
              [
                14110319.42134195,
                4575643.24625464
              ],
              [
                14110369.18115433,
                4575769.63436712
              ],
              [
                14110399.01477787,
                4575946.43909453
              ],
              [
                14110433.96909798,
                4576135.81555411
              ],
              [
                14110543.50747692,
                4576401.17437084
              ],
              [
                14110623.10091284,
                4576508.50610396
              ],
              [
                14110717.72248,
                4576584.34511711
              ],
              [
                14110886.92810601,
                4576622.19421765
              ],
              [
                14111021.40205089,
                4576622.19421765
              ],
              [
                14111250.38624346,
                4576622.19421765
              ],
              [
                14111394.76762301,
                4576628.54949062
              ],
              [
                14111519.22281372,
                4576653.82939281
              ],
              [
                14111648.68738151,
                4576698.03406268
              ],
              [
                14111788.05938398,
                4576799.01348868
              ],
              [
                14111912.51457469,
                4576937.98538438
              ],
              [
                14112081.83152019,
                4577140.09113152
              ],
              [
                14112280.98208922,
                4577317.06047649
              ],
              [
                14112495.04947001,
                4577506.46198211
              ],
              [
                14112569.74484834,
                4577575.95244053
              ],
              [
                14112649.33828426,
                4577594.87878434
              ],
              [
                14112719.02428549,
                4577582.30829841
              ],
              [
                14112788.71028673,
                4577544.45569127
              ],
              [
                14112883.33185389,
                4577474.96544404
              ],
              [
                14112992.87023284,
                4577380.19392707
              ],
              [
                14113107.41798886,
                4577317.06047649
              ],
              [
                14113296.54980373,
                4577234.86045278
              ],
              [
                14113455.84799505,
                4577190.65349314
              ],
              [
                14113565.386374,
                4577171.72788756
              ],
              [
                14113635.07237522,
                4577373.83819316
              ],
              [
                14113714.77713063,
                4577645.44336496
              ],
              [
                14113854.14913311,
                4577935.9826225
              ],
              [
                14113898.89956841,
                4578087.68209803
              ],
              [
                14113913.92769966,
                4578258.17009953
              ],
              [
                14113913.92769966,
                4578352.94964662
              ],
              [
                14113923.83513434,
                4578441.37367197
              ],
              [
                14114023.46607861,
                4578529.79845192
              ],
              [
                14114108.06889161,
                4578599.29577345
              ],
              [
                14114187.77364702,
                4578662.43703681
              ],
              [
                14114222.50532815,
                4578738.29181501
              ],
              [
                14114252.45027117,
                4578788.86197567
              ],
              [
                14114312.11751823,
                4578864.71767947
              ],
              [
                14114337.05308416,
                4578997.36055204
              ],
              [
                14114351.96989593,
                4579117.43277436
              ],
              [
                14114401.8410278,
                4579167.86352271
              ],
              [
                14114496.35127549,
                4579180.57719548
              ],
              [
                14114651.64196515,
                4579175.49172449
              ],
              [
                14114722.88643925,
                4579187.49909056
              ],
              [
                14114948.53104709,
                4579271.97483571
              ],
              [
                14115124.19320356,
                4579329.18706103
              ],
              [
                14115195.43767768,
                4579332.15362948
              ],
              [
                14115238.18436214,
                4579259.82610755
              ],
              [
                14115285.71778471,
                4579187.49909056
              ],
              [
                14115352.17552071,
                4579106.13179999
              ],
              [
                14115404.38436189,
                4579069.96876486
              ],
              [
                14115463.82896997,
                4579079.00951181
              ],
              [
                14115523.16225857,
                4579106.13179999
              ],
              [
                14115589.61999457,
                4579130.28764768
              ],
              [
                14115641.94015525,
                4579130.28764768
              ],
              [
                14115716.07893612,
                4579085.7900772
              ],
              [
                14115796.22896949,
                4579048.92080644
              ],
              [
                14115869.92247239,
                4579054.99504508
              ],
              [
                14115936.3802084,
                4579091.15802795
              ],
              [
                14116009.85107232,
                4579148.93430547
              ],
              [
                14116059.6108847,
                4579167.86352271
              ],
              [
                14116164.13988656,
                4579167.86352271
              ],
              [
                14116268.78020791,
                4579160.37658937
              ],
              [
                14116340.02468201,
                4579169.4174152
              ],
              [
                14116408.15221038,
                4579224.79264564
              ],
              [
                14116499.21155385,
                4579299.09762907
              ],
              [
                14116587.37659055,
                4579351.08318148
              ],
              [
                14116711.83178126,
                4579433.29999525
              ],
              [
                14116761.59159364,
                4579464.80248683
              ],
              [
                14116731.8692896,
                4579591.37848598
              ],
              [
                14116876.80726662,
                4579663.70832272
              ],
              [
                14117023.97163344,
                4579739.00534943
              ],
              [
                14117135.06848526,
                4579829.4190127
              ],
              [
                14117253.95770142,
                4579961.3678687
              ],
              [
                14117387.65240987,
                4580068.1713855
              ],
              [
                14117570.88429172,
                4580225.27062301
              ],
              [
                14117719.38449243,
                4580313.28679474
              ],
              [
                14117942.246113,
                4580432.66786967
              ],
              [
                14118036.31108271,
                4580501.75411431
              ],
              [
                14118041.20914031,
                4580602.34677093
              ],
              [
                14117996.681344,
                4580684.00838197
              ],
              [
                14117922.43124364,
                4580790.81935019
              ],
              [
                14117887.81088201,
                4580872.48244719
              ],
              [
                14117848.18114328,
                4581017.01923004
              ],
              [
                14117892.7089396,
                4581054.74323843
              ],
              [
                14117962.06098237,
                4581136.40841641
              ],
              [
                14118066.03338676,
                4581293.66514908
              ],
              [
                14118160.09835648,
                4581500.94249576
              ],
              [
                14118224.44102216,
                4581708.36528866
              ],
              [
                14118318.50599188,
                4582016.39862788
              ],
              [
                14118407.67290401,
                4582211.25564118
              ],
              [
                14118541.36761245,
                4582387.18118492
              ],
              [
                14118803.74765225,
                4582701.45240612
              ],
              [
                14119061.22963445,
                4583078.61872618
              ],
              [
                14119407.87852878,
                4583543.70109652
              ],
              [
                14119501.9434985,
                4583650.54156553
              ],
              [
                14119680.16600326,
                4583851.78904126
              ],
              [
                14119828.66620398,
                4583990.00762147
              ],
              [
                14119922.8424932,
                4584052.89909961
              ],
              [
                14120007.00002824,
                4584078.05579784
              ],
              [
                14120130.78730199,
                4584040.32077342
              ],
              [
                14120286.96854757,
                4583981.95188669
              ],
              [
                14120365.3374691,
                4583973.75482969
              ],
              [
                14120422.88964584,
                4584002.58588653
              ],
              [
                14120497.13974619,
                4584052.89909961
              ],
              [
                14120545.00712724,
                4584091.90614095
              ],
              [
                14120582.63311512,
                4584112.68169034
              ],
              [
                14120664.23030188,
                4584120.87885736
              ],
              [
                14120745.93880812,
                4584104.34319953
              ],
              [
                14120829.20578724,
                4584067.03206862
              ],
              [
                14120952.65910252,
                4583996.3674165
              ],
              [
                14120974.58904221,
                4584015.16416687
              ],
              [
                14120987.39078365,
                4584040.32077342
              ],
              [
                14121012.1037106,
                4584191.26169645
              ],
              [
                14121022.01114529,
                4584379.79961118
              ],
              [
                14120999.07933019,
                4584463.04570531
              ],
              [
                14120977.81730744,
                4584552.22859647
              ],
              [
                14120979.48709981,
                4584597.88035789
              ],
              [
                14120984.3851574,
                4584628.97455214
              ],
              [
                14121007.20565301,
                4584662.75425992
              ],
              [
                14121116.07611501,
                4584750.66681955
              ],
              [
                14121270.25360976,
                4584852.9968486
              ],
              [
                14121312.66633575,
                4584898.50859537
              ],
              [
                14121386.24851917,
                4584940.06297372
              ],
              [
                14121436.78756798,
                4584964.93914399
              ],
              [
                14121490.66620153,
                4584981.47617662
              ],
              [
                14121527.06767502,
                4585008.47258582
              ],
              [
                14121542.9863622,
                4585054.12635948
              ],
              [
                14121549.55421215,
                4585120.41656269
              ],
              [
                14121539.75809696,
                4585213.84548038
              ],
              [
                14121552.78247739,
                4585257.3799691
              ],
              [
                14121606.32715247,
                4585347.98317721
              ],
              [
                14121699.83552472,
                4585483.39475453
              ],
              [
                14121773.30638865,
                4585574.56534266
              ],
              [
                14121810.82105704,
                4585622.34187853
              ],
              [
                14121827.1850222,
                4585665.87808552
              ],
              [
                14121833.75287215,
                4585896.14243393
              ],
              [
                14121830.41328742,
                4586074.39232597
              ],
              [
                14121845.10746021,
                4586138.71005108
              ],
              [
                14121941.06486127,
                4586384.11058213
              ],
              [
                14121958.54202133,
                4586509.49892929
              ],
              [
                14121955.64771457,
                4586763.95571309
              ],
              [
                14121955.64771457,
                4587482.97131288
              ],
              [
                14121973.01355514,
                4587578.82498438
              ],
              [
                14122054.38810291,
                4587685.84849578
              ],
              [
                14122185.07718509,
                4587877.560486
              ],
              [
                14122277.91764042,
                4588028.84015403
              ],
              [
                14122295.39480047,
                4588102.50142867
              ],
              [
                14122312.76064104,
                4588202.17826874
              ],
              [
                14122359.29218819,
                4588301.71468156
              ],
              [
                14122414.39533613,
                4588415.95651753
              ],
              [
                14122399.92380232,
                4588478.73350905
              ],
              [
                14122315.65494779,
                4588659.4315705
              ],
              [
                14122272.12902689,
                4588758.97238298
              ],
              [
                14122245.07839063,
                4588856.81741056
              ],
              [
                14122244.2991542,
                4588918.89009715
              ],
              [
                14122268.67812268,
                4588944.90700597
              ],
              [
                14122306.86070802,
                4588968.52023527
              ],
              [
                14122341.14711118,
                4588979.69058409
              ],
              [
                14122378.21650162,
                4588977.28683712
              ],
              [
                14122415.39721154,
                4588953.6735878
              ],
              [
                14122438.88562411,
                4588925.11152592
              ],
              [
                14122464.3777875,
                4588921.29383055
              ],
              [
                14122495.65856441,
                4588925.11152592
              ],
              [
                14122531.83739891,
                4588933.73669471
              ],
              [
                14122571.80109611,
                4588963.7127471
              ],
              [
                14122591.50464598,
                4589008.25279667
              ],
              [
                14122604.19506793,
                4589084.04202026
              ],
              [
                14122622.78542289,
                4589133.81434977
              ],
              [
                14122658.96425741,
                4589171.00235456
              ],
              [
                14122720.41261632,
                4589234.20812949
              ],
              [
                14122747.90853054,
                4589264.18505263
              ],
              [
                14122764.94041264,
                4589309.57480444
              ],
              [
                14122783.19680912,
                4589352.41951926
              ],
              [
                14122785.08924047,
                4589405.8696103
              ],
              [
                14122791.9910489,
                4589479.11647997
              ],
              [
                14122804.57015136,
                4589529.73913703
              ],
              [
                14122824.27370123,
                4589579.65501633
              ],
              [
                14122844.75648754,
                4589636.92423975
              ],
              [
                14122845.75836295,
                4589694.0523736
              ],
              [
                14122838.96787402,
                4589743.6862312
              ],
              [
                14122814.47758604,
                4589812.83465209
              ],
              [
                14122817.3718928,
                4589850.59073348
              ],
              [
                14122834.29245541,
                4589888.20554337
              ],
              [
                14122866.24114926,
                4589912.66938412
              ],
              [
                14122908.54255576,
                4589925.96189989
              ],
              [
                14122948.39493346,
                4589939.96148284
              ],
              [
                14122997.70946788,
                4589970.08186193
              ],
              [
                14122988.91522811,
                4590063.83740616
              ],
              [
                14122972.88522143,
                4590183.8966518
              ],
              [
                14122960.19479949,
                4590256.01771678
              ],
              [
                14122982.79265612,
                4590315.97757329
              ],
              [
                14123005.83579072,
                4590360.3820307
              ],
              [
                14123042.2372642,
                4590385.12982059
              ],
              [
                14123133.63056614,
                4590419.91824252
              ],
              [
                14123163.57550916,
                4590448.20159862
              ],
              [
                14123172.70370741,
                4590487.93984463
              ],
              [
                14123161.01516088,
                4590519.33458112
              ],
              [
                14123140.08709661,
                4590552.56785197
              ],
              [
                14123101.68187229,
                4590586.50832392
              ],
              [
                14123063.16532847,
                4590618.75187544
              ],
              [
                14122951.06660124,
                4590675.03691244
              ],
              [
                14122917.11415655,
                4590709.82630961
              ],
              [
                14122893.73706349,
                4590775.16281082
              ],
              [
                14122878.04101528,
                4590857.32899682
              ],
              [
                14122858.4487849,
                4590917.00949303
              ],
              [
                14122844.19989008,
                4591051.92828236
              ],
              [
                14122868.91281705,
                4591104.11432394
              ],
              [
                14122910.65762609,
                4591147.24932676
              ],
              [
                14122935.37055304,
                4591185.29313432
              ],
              [
                14122981.01154427,
                4591283.01969047
              ],
              [
                14123027.43177192,
                4591360.2398801
              ],
              [
                14123042.2372642,
                4591410.58888576
              ],
              [
                14123037.11656763,
                4591452.02799848
              ],
              [
                14123000.60377465,
                4591521.61213814
              ],
              [
                14122996.70759247,
                4591558.10156926
              ],
              [
                14123018.86017113,
                4591604.49141956
              ],
              [
                14123082.75755885,
                4591685.67415838
              ],
              [
                14123097.11777316,
                4591730.36736678
              ],
              [
                14123098.45360705,
                4591783.40544387
              ],
              [
                14123097.11777316,
                4591862.89235146
              ],
              [
                14123126.39479924,
                4591907.44488897
              ],
              [
                14123185.83940733,
                4591964.16125415
              ],
              [
                14123284.91375414,
                4592052.27732146
              ],
              [
                14123334.33960804,
                4592096.26491697
              ],
              [
                14123418.60846257,
                4592209.41714793
              ],
              [
                14123468.03431648,
                4592310.12367503
              ],
              [
                14123484.39828163,
                4592363.3061694
              ],
              [
                14123492.85856293,
                4592429.64322802
              ],
              [
                14123492.85856293,
                4592498.95105736
              ],
              [
                14123477.83043167,
                4592671.51542654
              ],
              [
                14123494.86231376,
                4592755.95986012
              ],
              [
                14123511.78287637,
                4592800.65769544
              ],
              [
                14123542.39573634,
                4592851.15516592
              ],
              [
                14123617.42507313,
                4592881.84982735
              ],
              [
                14123664.29057875,
                4592913.39328404
              ],
              [
                14123671.0810677,
                4593014.81392932
              ],
              [
                14123672.1942626,
                4593102.23168559
              ],
              [
                14123700.80337174,
                4593165.74440259
              ],
              [
                14123747.78019685,
                4593196.72290726
              ],
              [
                14123789.97028386,
                4593216.10220166
              ],
              [
                14123839.39613777,
                4593266.46024606
              ],
              [
                14123849.52621143,
                4593320.92076681
              ],
              [
                14123846.85454366,
                4593440.3105487
              ],
              [
                14123884.03525358,
                4593530.70254488
              ],
              [
                14123973.09084622,
                4593681.78201203
              ],
              [
                14124086.9706853,
                4593813.90762571
              ],
              [
                14124205.85990146,
                4593908.2638889
              ],
              [
                14124282.11375265,
                4593949.9959442
              ],
              [
                14124365.0467733,
                4594011.10895295
              ],
              [
                14124464.00980062,
                4594092.73499352
              ],
              [
                14124536.14483065,
                4594119.89666124
              ],
              [
                14124619.07785129,
                4594133.47752186
              ],
              [
                14124705.90705411,
                4594122.16013677
              ],
              [
                14124934.66860769,
                4594017.89930956
              ],
              [
                14125057.45400603,
                4594021.57742125
              ],
              [
                14125145.95300122,
                4594017.89930956
              ],
              [
                14125212.85601518,
                4594004.3186008
              ],
              [
                14125282.31937744,
                4593963.57658158
              ],
              [
                14125410.78206982,
                4593898.92724875
              ],
              [
                14125624.73813111,
                4593803.86375637
              ],
              [
                14125889.34456073,
                4593700.59636996
              ],
              [
                14126077.47450018,
                4593625.05622286
              ],
              [
                14126197.81086972,
                4593575.54518999
              ],
              [
                14126275.06659633,
                4593575.54518999
              ],
              [
                14126369.57684402,
                4593624.63184158
              ],
              [
                14126438.37228933,
                4593701.16221584
              ],
              [
                14126485.57175342,
                4593843.04904835
              ],
              [
                14126507.05641514,
                4594099.66687069
              ],
              [
                14126498.48481436,
                4594372.56017797
              ],
              [
                14126502.8262745,
                4594678.4242784
              ],
              [
                14126575.85186045,
                4594776.60829093
              ],
              [
                14126713.33143159,
                4594967.74439707
              ],
              [
                14126824.98488085,
                4595109.64861877
              ],
              [
                14126932.40818946,
                4595246.17844797
              ],
              [
                14127009.77523557,
                4595371.81578085
              ],
              [
                14127117.08722469,
                4595399.12229512
              ],
              [
                14127194.45427079,
                4595453.73554016
              ],
              [
                14127228.85199344,
                4595612.05898795
              ],
              [
                14127267.47985675,
                4595792.31580384
              ],
              [
                14127422.10262947,
                4595890.51040022
              ],
              [
                14127671.34696935,
                4595950.64443939
              ],
              [
                14128079.4442226,
                4596043.46378449
              ],
              [
                14128444.5721524,
                4596119.87057839
              ],
              [
                14128582.05172352,
                4596163.59249795
              ],
              [
                14128732.44435559,
                4596289.24098591
              ],
              [
                14128985.91883613,
                4596480.26357395
              ],
              [
                14129131.97000805,
                4596644.12131905
              ],
              [
                14129273.79103932,
                4596780.67142515
              ],
              [
                14129415.50075111,
                4596862.6023551
              ],
              [
                14129497.20925734,
                4596928.11926573
              ],
              [
                14129544.40872143,
                4597026.46616424
              ],
              [
                14129591.71950503,
                4597130.19131764
              ],
              [
                14129647.49056992,
                4597239.43639786
              ],
              [
                14129716.28601523,
                4597304.95569835
              ],
              [
                14129802.22466212,
                4597370.47541437
              ],
              [
                14129948.27583404,
                4597414.20262669
              ],
              [
                14130111.58152702,
                4597435.99554595
              ],
              [
                14130304.83216305,
                4597441.51453929
              ],
              [
                14130476.70945683,
                4597441.51453929
              ],
              [
                14130588.36290611,
                4597441.51453929
              ],
              [
                14130637.90007949,
                4597481.70422075
              ],
              [
                14130687.4372529,
                4597532.08305637
              ],
              [
                14130756.90061516,
                4597651.94604902
              ],
              [
                14130796.53035388,
                4597790.4907214
              ],
              [
                14130806.43778856,
                4597916.58355526
              ],
              [
                14130826.25265792,
                4598055.27329817
              ],
              [
                14130856.08628146,
                4598219.15602729
              ],
              [
                14130910.63283195,
                4598313.69405188
              ],
              [
                14130991.0055043,
                4598377.80491122
              ],
              [
                14131094.08735277,
                4598402.00580264
              ],
              [
                14131212.97656894,
                4598402.00580264
              ],
              [
                14131287.44930828,
                4598383.0413566
              ],
              [
                14131366.26350776,
                4598368.32270607
              ],
              [
                14131471.34910707,
                4598377.80491122
              ],
              [
                14131698.99746574,
                4598444.60517031
              ],
              [
                14131842.71092836,
                4598490.17678141
              ],
              [
                14131921.63644733,
                4598489.18609207
              ],
              [
                14132034.18045252,
                4598473.1935488
              ],
              [
                14132196.81822856,
                4598450.97386164
              ],
              [
                14132334.40911919,
                4598460.59766932
              ],
              [
                14132441.94374729,
                4598438.23648291
              ],
              [
                14132616.0474309,
                4598395.63714151
              ],
              [
                14132878.87274866,
                4598332.6583706
              ],
              [
                14133074.79505246,
                4598307.89154341
              ],
              [
                14133225.96692096,
                4598402.00580264
              ],
              [
                14133327.49029656,
                4598466.82484377
              ],
              [
                14133460.07181008,
                4598514.6609909
              ],
              [
                14133570.16678648,
                4598571.83821481
              ],
              [
                14133650.20550036,
                4598664.11499627
              ],
              [
                14133716.77455587,
                4598780.16978757
              ],
              [
                14133825.86765683,
                4598975.62598732
              ],
              [
                14133885.31226492,
                4599093.38270278
              ],
              [
                14133959.67368477,
                4599227.70059553
              ],
              [
                14134029.13704703,
                4599372.63566585
              ],
              [
                14134118.30395915,
                4599530.31148017
              ],
              [
                14134197.67475609,
                4599687.84815849
              ],
              [
                14134225.50462878,
                4599770.93450849
              ],
              [
                14134225.50462878,
                4599840.85778102
              ],
              [
                14134197.67475609,
                4599971.50516426
              ],
              [
                14134153.03564028,
                4600085.02676786
              ],
              [
                14134043.9425393,
                4600293.10576532
              ],
              [
                14133942.86444167,
                4600394.31577303
              ],
              [
                14133796.0340333,
                4600488.44904824
              ],
              [
                14133635.1773691,
                4600598.01276807
              ],
              [
                14133498.58835391,
                4600677.70907246
              ],
              [
                14133394.50463001,
                4600747.07225368
              ],
              [
                14133260.58728259,
                4600835.26325697
              ],
              [
                14133176.31842806,
                4600885.6584542
              ],
              [
                14133052.41983481,
                4600910.99770529
              ],
              [
                14132948.22479142,
                4600948.7943574
              ],
              [
                14132844.14106754,
                4601030.75835925
              ],
              [
                14132725.14053187,
                4601144.15004596
              ],
              [
                14132626.06618507,
                4601257.68454304
              ],
              [
                14132487.25078004,
                4601377.44921857
              ],
              [
                14132338.41662086,
                4601497.21528344
              ],
              [
                14132179.78634648,
                4601585.5542642
              ],
              [
                14132134.25667475,
                4601628.73304745
              ],
              [
                14132124.23792057,
                4601692.29820782
              ],
              [
                14132135.14723067,
                4601749.49302962
              ],
              [
                14132169.8789118,
                4601888.23426051
              ],
              [
                14132174.22037194,
                4601956.33140399
              ],
              [
                14132159.97147711,
                4602014.37714082
              ],
              [
                14132129.24729766,
                4602099.46428638
              ],
              [
                14132131.69632645,
                4602147.17568821
              ],
              [
                14132166.76196605,
                4602229.99867498
              ],
              [
                14132214.5180276,
                4602354.87151126
              ],
              [
                14132516.97308409,
                4602380.0727884
              ],
              [
                14132571.51963458,
                4602449.44740845
              ],
              [
                14132660.68654671,
                4602537.65295578
              ],
              [
                14132754.86283592,
                4602626.0008406
              ],
              [
                14132864.73517333,
                4602710.38510332
              ],
              [
                14133027.26162988,
                4602840.78563112
              ],
              [
                14133234.98379971,
                4603054.01740521
              ],
              [
                14133347.5278049,
                4603174.93565408
              ],
              [
                14133447.60402712,
                4603273.62525139
              ],
              [
                14133517.62398683,
                4603337.20054194
              ],
              [
                14133622.70958614,
                4603439.00677835
              ],
              [
                14133722.67448888,
                4603518.58342318
              ],
              [
                14133757.74012848,
                4603569.41651212
              ],
              [
                14133772.76825973,
                4603633.13522236
              ],
              [
                14133781.22854104,
                4603735.79397189
              ],
              [
                14133780.22666561,
                4603944.93778378
              ],
              [
                14133787.79639099,
                4604027.633595
              ],
              [
                14133830.76571443,
                4604252.92640147
              ],
              [
                14133875.40483024,
                4604473.69263429
              ],
              [
                14134009.21085817,
                4604694.4635903
              ],
              [
                14134107.95124651,
                4604794.58385514
              ],
              [
                14134220.4952517,
                4604906.03428828
              ],
              [
                14134208.02746874,
                4605033.34699301
              ],
              [
                14134200.56906285,
                4605135.16996422
              ],
              [
                14134195.55968576,
                4605236.99394027
              ],
              [
                14134225.50462878,
                4605418.41021799
              ],
              [
                14134252.22130657,
                4605564.8484784
              ],
              [
                14134285.61715381,
                4605720.63614355
              ],
              [
                14133987.94883544,
                4605968.90989348
              ],
              [
                14133801.04341038,
                4606138.86684664
              ],
              [
                14133642.41313601,
                4606277.66710211
              ],
              [
                14133701.8577441,
                4606340.69436526
              ],
              [
                14133860.59933796,
                4606498.47666322
              ],
              [
                14133905.34977326,
                4606567.31242542
              ],
              [
                14133937.85506458,
                4606646.9132005
              ],
              [
                14133974.59049654,
                4606788.55310922
              ],
              [
                14134025.46350383,
                4606888.83534053
              ],
              [
                14134170.51280033,
                4607054.27482478
              ],
              [
                14134275.59839964,
                4607172.12374691
              ],
              [
                14134365.65586769,
                4607289.83236776
              ],
              [
                14134480.76022118,
                4607378.92919659
              ],
              [
                14134624.02840583,
                4607451.02878364
              ],
              [
                14134718.31601452,
                4607512.64670832
              ],
              [
                14134830.97133921,
                4607617.75215579
              ],
              [
                14134908.4497048,
                4607681.35422032
              ],
              [
                14134981.0300128,
                4607741.8402892
              ],
              [
                14135046.04059543,
                4607818.333718
              ],
              [
                14135081.10623502,
                4607916.9260853
              ],
              [
                14135098.58339507,
                4607980.67165205
              ],
              [
                14135122.40576611,
                4608012.96955626
              ],
              [
                14135196.21058851,
                4608053.76705352
              ],
              [
                14135248.75338816,
                4608138.6206984
              ],
              [
                14135323.11480801,
                4608283.82262845
              ],
              [
                14135531.39357529,
                4608599.30742929
              ],
              [
                14135623.90007213,
                4608738.28246708
              ],
              [
                14135714.73677662,
                4608908.42673015
              ],
              [
                14135828.83925468,
                4609078.71547295
              ],
              [
                14135908.09873213,
                4609211.3216329
              ],
              [
                14135952.73784794,
                4609350.16324324
              ],
              [
                14136002.38634083,
                4609520.45928137
              ],
              [
                14136046.13490071,
                4609627.42703304
              ],
              [
                14136142.09230178,
                4609735.52934527
              ],
              [
                14136250.07220784,
                4609845.89971673
              ],
              [
                14136309.73945491,
                4609892.79685611
              ],
              [
                14136398.68372806,
                4609949.32873669
              ],
              [
                14136504.88252227,
                4610015.07046132
              ],
              [
                14136555.64421007,
                4610038.59023185
              ],
              [
                14136646.92619252,
                4610050.49182294
              ],
              [
                14136709.71038533,
                4610050.35013724
              ],
              [
                14136765.14749175,
                4610040.99888608
              ],
              [
                14136803.88667455,
                4610046.80799565
              ],
              [
                14136855.53891827,
                4610070.32783859
              ],
              [
                14136910.08546876,
                4610090.30557865
              ],
              [
                14136969.08479888,
                4610107.30794111
              ],
              [
                14137011.60884436,
                4610112.6920284
              ],
              [
                14137063.37240757,
                4610107.30794111
              ],
              [
                14137131.61125544,
                4610092.71424496
              ],
              [
                14137197.17843551,
                4610069.47772285
              ],
              [
                14137248.83067924,
                4610048.08316648
              ],
              [
                14137313.50730339,
                4610040.43214386
              ],
              [
                14137548.16878998,
                4610025.83854237
              ],
              [
                14137645.01674697,
                4610027.96382286
              ],
              [
                14137679.41446963,
                4610019.60438881
              ],
              [
                14137742.53262091,
                4610000.05184073
              ],
              [
                14137799.19424172,
                4610113.5421477
              ],
              [
                14137896.26483769,
                4610283.99248397
              ],
              [
                14137955.70944577,
                4610397.62760709
              ],
              [
                14137980.64501171,
                4610520.04889189
              ],
              [
                14138012.70502507,
                4610761.49513118
              ],
              [
                14138041.87073166,
                4610876.55248816
              ],
              [
                14138119.34909725,
                4611022.35977675
              ],
              [
                14138233.34025582,
                4611129.62651373
              ],
              [
                14138351.11627707,
                4611244.12117128
              ],
              [
                14138446.51708068,
                4611325.31679195
              ],
              [
                14138511.52766331,
                4611411.3310005
              ],
              [
                14138590.34186279,
                4611502.0222119
              ],
              [
                14138684.51815201,
                4611596.68201486
              ],
              [
                14138768.89832603,
                4611684.96581815
              ],
              [
                14138927.41728091,
                4611830.21770178
              ],
              [
                14139010.35030156,
                4611912.55162968
              ],
              [
                14139030.83308786,
                4612012.88370799
              ],
              [
                14139026.60294721,
                4612152.04648425
              ],
              [
                14139066.34400542,
                4612303.54048172
              ],
              [
                14139096.06630947,
                4612410.82055262
              ],
              [
                14139100.74172808,
                4612532.84059039
              ],
              [
                14139106.64166109,
                4612655.28723733
              ],
              [
                14139179.55592755,
                4612815.00860339
              ],
              [
                14139259.70596092,
                4612922.15227345
              ],
              [
                14139358.89162722,
                4612997.83379107
              ],
              [
                14139477.78084339,
                4613048.28844494
              ],
              [
                14139564.61004621,
                4613097.32606998
              ],
              [
                14139676.152176,
                4613218.78731942
              ],
              [
                14139815.52417846,
                4613268.10921564
              ],
              [
                14139970.14695117,
                4613335.00595786
              ],
              [
                14140060.53837769,
                4613398.07637739
              ],
              [
                14140137.23750686,
                4613477.58817548
              ],
              [
                14140241.32123074,
                4613704.78837018
              ],
              [
                14140385.14601285,
                4614020.43912622
              ],
              [
                14140474.31292498,
                4614235.17787955
              ],
              [
                14140562.2553227,
                4614185.56786903
              ],
              [
                14140673.12953553,
                4614126.17791344
              ],
              [
                14140821.40709727,
                4614121.50043745
              ],
              [
                14140985.26938772,
                4614170.68491245
              ],
              [
                14141099.0379073,
                4614254.02974618
              ],
              [
                14141207.01781338,
                4614393.50628223
              ],
              [
                14141253.66068002,
                4614527.31481499
              ],
              [
                14141297.4092399,
                4614731.57462351
              ],
              [
                14141396.48358671,
                4614784.30577997
              ],
              [
                14141520.49349944,
                4614853.76389797
              ],
              [
                14141698.93864319,
                4614973.68656718
              ],
              [
                14141793.1149324,
                4615055.76210643
              ],
              [
                14141857.56891758,
                4615182.06615664
              ],
              [
                14141904.21178422,
                4615314.75086714
              ],
              [
                14142012.0803708,
                4615500.59738938
              ],
              [
                14142127.18472428,
                4615714.37465231
              ],
              [
                14142197.76128144,
                4615836.43381931
              ],
              [
                14142293.60736301,
                4615990.53381128
              ],
              [
                14142379.32337093,
                4616080.41472386
              ],
              [
                14142460.03000175,
                4616151.01573831
              ],
              [
                14142540.62531308,
                4616195.95679677
              ],
              [
                14142631.35069807,
                4616227.99691401
              ],
              [
                14142757.47568114,
                4616221.6172367
              ],
              [
                14142898.62879547,
                4616202.33645818
              ],
              [
                14143065.05143421,
                4616176.67606629
              ],
              [
                14143201.19517145,
                4616157.39537189
              ],
              [
                14143291.47527848,
                4616135.98817262
              ],
              [
                14143368.06308815,
                4616114.72278691
              ],
              [
                14143427.95297419,
                4616080.84002973
              ],
              [
                14143541.05357685,
                4616042.70434013
              ],
              [
                14143700.79704612,
                4616025.83394998
              ],
              [
                14143774.04527107,
                4616042.70434013
              ],
              [
                14143830.59557239,
                4616093.59921391
              ],
              [
                14143870.55926958,
                4616263.1560954
              ],
              [
                14143920.54172095,
                4616369.05967746
              ],
              [
                14143973.75243755,
                4616462.34646569
              ],
              [
                14144023.73488892,
                4616530.11460158
              ],
              [
                14144100.21137909,
                4616572.50535679
              ],
              [
                14144183.47835821,
                4616589.51841797
              ],
              [
                14144276.652772,
                4616602.2782323
              ],
              [
                14144419.69831767,
                4616598.02495911
              ],
              [
                14144566.19476755,
                4616640.41599382
              ],
              [
                14144672.61620075,
                4616682.80720301
              ],
              [
                14144785.82812289,
                4616720.94526271
              ],
              [
                14144835.69925477,
                4616746.32345505
              ],
              [
                14144918.96623387,
                4616792.9684521
              ],
              [
                14144995.55404355,
                4616869.2455286
              ],
              [
                14145038.74600597,
                4616971.04369664
              ],
              [
                14145058.67219482,
                4617068.44762115
              ],
              [
                14145078.70970316,
                4617195.62705774
              ],
              [
                14145125.24125032,
                4617246.52762908
              ],
              [
                14145171.88411696,
                4617263.54180373
              ],
              [
                14145248.47192663,
                4617255.03471289
              ],
              [
                14145321.60883208,
                4617259.28825743
              ],
              [
                14145401.53622647,
                4617293.17489169
              ],
              [
                14145471.44486669,
                4617365.20208302
              ],
              [
                14145541.24218742,
                4617543.28722257
              ],
              [
                14145601.24339296,
                4617691.59933088
              ],
              [
                14145647.7749401,
                4617746.75609962
              ],
              [
                14145757.64727752,
                4617784.89809964
              ],
              [
                14145850.8216913,
                4617827.2940201
              ],
              [
                14145917.39074681,
                4617903.57875804
              ],
              [
                14145983.9598023,
                4617984.11790505
              ],
              [
                14146057.09670776,
                4618043.3883135
              ],
              [
                14146117.0979133,
                4618119.81644903
              ],
              [
                14146130.34493269,
                4618212.97729977
              ],
              [
                14146083.81338554,
                4618378.31507065
              ],
              [
                14146033.83093417,
                4618564.92589839
              ],
              [
                14145990.63897174,
                4618687.8696824
              ],
              [
                14145973.94104813,
                4618764.1607963
              ],
              [
                14146037.1705189,
                4618802.30656524
              ],
              [
                14146110.41874384,
                4618823.57750149
              ],
              [
                14146147.71077326,
                4618817.90524753
              ],
              [
                14146169.64071294,
                4618793.51459109
              ],
              [
                14146180.32738406,
                4618764.1607963
              ],
              [
                14146213.61191181,
                4618730.2693209
              ],
              [
                14146256.91519372,
                4618711.83467401
              ],
              [
                14146293.76194518,
                4618711.83467401
              ],
              [
                14146346.75002279,
                4618726.01516869
              ],
              [
                14146393.39288944,
                4618753.52538406
              ],
              [
                14146453.171456,
                4618768.41496427
              ],
              [
                14146553.02503923,
                4618772.66913401
              ],
              [
                14146639.63160307,
                4618772.66913401
              ],
              [
                14146675.81043758,
                4618743.03178808
              ],
              [
                14146712.76850852,
                4618710.13301596
              ],
              [
                14146796.03548763,
                4618675.10728359
              ],
              [
                14146850.58203813,
                4618677.09254459
              ],
              [
                14146959.11854164,
                4618704.74443399
              ],
              [
                14147038.82329705,
                4618724.02989826
              ],
              [
                14147108.84325676,
                4618751.39830293
              ],
              [
                14147152.14653868,
                4618806.56074898
              ],
              [
                14147188.65933166,
                4618882.85274236
              ],
              [
                14147265.24714133,
                4618950.63680927
              ],
              [
                14147354.08009498,
                4618979.56571011
              ],
              [
                14147411.74359122,
                4618963.39954962
              ],
              [
                14147445.02811895,
                4618916.74472004
              ],
              [
                14147487.88612292,
                4618890.79394889
              ],
              [
                14147518.16502441,
                4618887.10695939
              ],
              [
                14147599.76221116,
                4618897.88431702
              ],
              [
                14147655.64459553,
                4618911.78145274
              ],
              [
                14147726.66643067,
                4618934.3288863
              ],
              [
                14147834.31237826,
                4618938.01589272
              ],
              [
                14147944.18471568,
                4618954.8910543
              ],
              [
                14148010.53113219,
                4618960.42157547
              ],
              [
                14148059.62302763,
                4618977.7221993
              ],
              [
                14148093.9094308,
                4619001.54605674
              ],
              [
                14148163.81807101,
                4619128.74937147
              ],
              [
                14148200.44218348,
                4619268.7173767
              ],
              [
                14148303.63535145,
                4619637.57834767
              ],
              [
                14148378.10809079,
                4619860.94349184
              ],
              [
                14148460.03923601,
                4619836.83400486
              ],
              [
                14148523.38002628,
                4619818.39737644
              ],
              [
                14148587.72269195,
                4619797.26620448
              ],
              [
                14148625.7939578,
                4619815.41915494
              ],
              [
                14148668.65196177,
                4619848.88874129
              ],
              [
                14148718.74573262,
                4619909.4462779
              ],
              [
                14148761.60373657,
                4619949.01450946
              ],
              [
                14148809.47111762,
                4619993.68850209
              ],
              [
                14148856.89322069,
                4620036.94445748
              ],
              [
                14148895.96636196,
                4620074.24400101
              ],
              [
                14148954.52041412,
                4620121.89684642
              ],
              [
                14149006.95189428,
                4620191.81645044
              ],
              [
                14149052.48156601,
                4620277.76290243
              ],
              [
                14149182.28009228,
                4620447.3886989
              ],
              [
                14149262.09616718,
                4620532.20264538
              ],
              [
                14149342.02356157,
                4620578.86479688
              ],
              [
                14149415.2717865,
                4620680.55781738
              ],
              [
                14149521.69321971,
                4620854.44528203
              ],
              [
                14149678.76502122,
                4621071.87966277
              ],
              [
                14149771.38283756,
                4621176.69800777
              ],
              [
                14149874.13072756,
                4621281.37558003
              ],
              [
                14149931.23762633,
                4621311.72943833
              ],
              [
                14149997.58404285,
                4621346.33861962
              ],
              [
                14150087.53019142,
                4621367.61481342
              ],
              [
                14150155.21244181,
                4621369.45875229
              ],
              [
                14150154.09924691,
                4621465.0603431
              ],
              [
                14150162.33688923,
                4621524.20895302
              ],
              [
                14150229.01726421,
                4621560.66282199
              ],
              [
                14150297.14479257,
                4621621.9396553
              ],
              [
                14150370.39301751,
                4621677.11748638
              ],
              [
                14150407.68504693,
                4621694.13898499
              ],
              [
                14150452.88076019,
                4621682.08208724
              ],
              [
                14150486.83320488,
                4621609.31546304
              ],
              [
                14150510.09897846,
                4621587.89692508
              ],
              [
                14150552.95698241,
                4621581.79761448
              ],
              [
                14150593.47727707,
                4621615.2729451
              ],
              [
                14150659.93501307,
                4621638.96106264
              ],
              [
                14150729.84365329,
                4621660.23786141
              ],
              [
                14150759.78859631,
                4621711.01866557
              ],
              [
                14150819.67848236,
                4621753.43075828
              ],
              [
                14150976.08236692,
                4621808.60929437
              ],
              [
                14151122.5788168,
                4621838.25546808
              ],
              [
                14151278.98270137,
                4621846.76634712
              ],
              [
                14151472.01069841,
                4621834.00003119
              ],
              [
                14151615.05624407,
                4621795.84302579
              ],
              [
                14151718.24941204,
                4621791.58760644
              ],
              [
                14151801.40507167,
                4621821.3755788
              ],
              [
                14151841.36876885,
                4621867.90172719
              ],
              [
                14151898.03038968,
                4622020.67351689
              ],
              [
                14151971.16729512,
                4622304.80387032
              ],
              [
                14152011.13099232,
                4622470.20737931
              ],
              [
                14152090.94706722,
                4622843.43895914
              ],
              [
                14152140.92951858,
                4623152.98602408
              ],
              [
                14152190.91196995,
                4623424.52122704
              ],
              [
                14152224.08517821,
                4623632.3625749
              ],
              [
                14152274.06762958,
                4623755.36690663
              ],
              [
                14152367.24204336,
                4623831.69559357
              ],
              [
                14152467.0956266,
                4623908.02484681
              ],
              [
                14152670.03105833,
                4623967.32937873
              ],
              [
                14152806.50875404,
                4623988.61099268
              ],
              [
                14152963.02395809,
                4623992.86732075
              ],
              [
                14153099.39033431,
                4623984.35466637
              ],
              [
                14153235.86803003,
                4623933.4207648
              ],
              [
                14153315.79542442,
                4623869.8601494
              ],
              [
                14153385.59274515,
                4623763.73749707
              ],
              [
                14153472.19930898,
                4623666.27019657
              ],
              [
                14153628.60319354,
                4623568.66194766
              ],
              [
                14153748.38296564,
                4623488.07909116
              ],
              [
                14153868.16273774,
                4623360.82188662
              ],
              [
                14153997.961264,
                4623165.75397651
              ],
              [
                14154154.36514856,
                4622877.34398094
              ],
              [
                14154290.84284427,
                4622656.75054738
              ],
              [
                14154427.32053998,
                4622448.9289058
              ],
              [
                14154520.49495378,
                4622372.61047612
              ],
              [
                14154587.06400927,
                4622338.70711737
              ],
              [
                14154740.23962861,
                4622389.63312514
              ],
              [
                14155455.68999594,
                4622690.79681371
              ],
              [
                14156274.44485072,
                4623025.73296407
              ],
              [
                14157555.17559229,
                4623470.06153177
              ],
              [
                14158410.66587904,
                4623777.64120471
              ],
              [
                14159037.39461221,
                4624015.14213305
              ],
              [
                14159414.32240803,
                4624177.02613511
              ],
              [
                14159583.75067302,
                4624258.04003208
              ],
              [
                14160295.19353868,
                4624576.56845711
              ],
              [
                14160896.54142795,
                4624878.78939992
              ],
              [
                14161844.9834895,
                4625365.48310289
              ],
              [
                14162113.26346232,
                4625517.31354802
              ],
              [
                14162248.07136567,
                4625642.61082766
              ],
              [
                14162337.90619475,
                4625795.15487633
              ],
              [
                14162373.63975129,
                4625901.15658484
              ],
              [
                14162422.06372977,
                4625948.83642442
              ],
              [
                14162514.79286561,
                4625998.64506434
              ],
              [
                14162881.36794879,
                4626190.92854428
              ],
              [
                14163251.39393619,
                4626362.0709607
              ],
              [
                14163561.53003754,
                4626486.38514844
              ],
              [
                14163892.59420316,
                4626606.30151378
              ],
              [
                14164126.03117535,
                4626681.94178651
              ],
              [
                14164209.63211294,
                4626686.34114407
              ],
              [
                14164369.93217968,
                4626713.02115928
              ],
              [
                14164505.96459743,
                4626739.7012437
              ],
              [
                14164575.65059866,
                4626761.84008971
              ],
              [
                14164645.3365999,
                4626699.68114302
              ],
              [
                14164903.15254057,
                4626437.56752566
              ],
              [
                14165147.1648644,
                4626206.53843105
              ],
              [
                14165335.29480384,
                4626046.60916781
              ],
              [
                14165509.50980693,
                4625948.83642442
              ],
              [
                14165732.59406648,
                4625913.36033226
              ],
              [
                14166230.74878778,
                4625851.6322236
              ],
              [
                14166868.49815053,
                4625815.1631473
              ],
              [
                14167315.89118404,
                4625754.57084341
              ],
              [
                14168008.07577779,
                4625628.98839941
              ],
              [
                14168415.83907256,
                4625558.03854395
              ],
              [
                14168771.28220666,
                4625486.94727968
              ],
              [
                14169217.33940627,
                4625398.1193646
              ],
              [
                14169736.53351134,
                4625278.07519029
              ],
              [
                14169959.61777088,
                4625198.18841337
              ],
              [
                14170060.69586852,
                4625149.37690477
              ],
              [
                14170126.81964604,
                4625078.28846502
              ],
              [
                14170206.96967942,
                4624953.84940494
              ],
              [
                14170311.61000077,
                4624802.87860975
              ],
              [
                14170450.98200324,
                4624656.3085196
              ],
              [
                14170552.06010088,
                4624554.15054374
              ],
              [
                14170621.74610212,
                4624509.74051785
              ],
              [
                14170705.34703971,
                4624443.05489657
              ],
              [
                14170761.11810459,
                4624367.57297025
              ],
              [
                14170802.97423313,
                4624292.09159778
              ],
              [
                14170833.25313462,
                4624159.00736909
              ],
              [
                14170866.64898186,
                4624043.65963831
              ],
              [
                14170918.96914253,
                4623922.35437942
              ],
              [
                14170976.07604132,
                4623801.05055085
              ],
              [
                14171033.18294009,
                4623685.84870683
              ],
              [
                14171134.03839875,
                4623839.07311748
              ],
              [
                14171228.10336847,
                4623932.28575036
              ],
              [
                14171308.25340184,
                4623990.0297685
              ],
              [
                14171394.97128517,
                4624037.70075008
              ],
              [
                14171456.75360256,
                4624086.22322604
              ],
              [
                14171562.6184383,
                4624149.92705803
              ],
              [
                14171653.23250381,
                4624194.3355306
              ],
              [
                14171740.28434561,
                4624225.40738738
              ],
              [
                14171865.74141173,
                4624261.01953957
              ],
              [
                14171989.86264397,
                4624298.47627889
              ],
              [
                14172146.93444547,
                4624328.83903888
              ],
              [
                14172284.97061406,
                4624389.5648277
              ],
              [
                14172409.42580477,
                4624434.25810221
              ],
              [
                14172590.65393578,
                4624523.07769398
              ],
              [
                14172722.90149084,
                4624571.46057381
              ],
              [
                14172841.9020265,
                4624619.9855675
              ],
              [
                14172970.36471888,
                4624668.5107901
              ],
              [
                14173122.64978228,
                4624711.07696329
              ],
              [
                14173256.01053226,
                4624765.56192202
              ],
              [
                14173389.25996273,
                4624826.29028902
              ],
              [
                14173503.47376029,
                4624850.55335833
              ],
              [
                14173636.72319077,
                4624844.45211329
              ],
              [
                14173712.86572247,
                4624838.49276117
              ],
              [
                14173755.72372642,
                4624789.9667367
              ],
              [
                14173774.75935935,
                4624711.07696329
              ],
              [
                14173798.58173038,
                4624589.76383402
              ],
              [
                14173865.15078587,
                4624498.67351249
              ],
              [
                14173955.65353189,
                4624468.31025122
              ],
              [
                14174050.83169651,
                4624468.31025122
              ],
              [
                14174160.25875597,
                4624504.77455243
              ],
              [
                14174331.57945229,
                4624589.76383402
              ],
              [
                14174579.15399983,
                4624747.40023705
              ],
              [
                14174788.545962,
                4624887.01901456
              ],
              [
                14174978.90229126,
                4625050.76133688
              ],
              [
                14175164.5832019,
                4625226.70919857
              ],
              [
                14175288.37047566,
                4625341.92830008
              ],
              [
                14175459.69117199,
                4625408.76164625
              ],
              [
                14175597.72734058,
                4625505.81976301
              ],
              [
                14175726.19003295,
                4625602.87879568
              ],
              [
                14175821.36819758,
                4625693.83699541
              ],
              [
                14175930.90657652,
                4625790.89780242
              ],
              [
                14176064.156007,
                4625900.16325719
              ],
              [
                14176159.33417163,
                4625960.89832363
              ],
              [
                14176235.47670333,
                4625979.06215149
              ],
              [
                14176296.14582582,
                4625974.37928656
              ],
              [
                14176400.67482767,
                4625934.92978171
              ],
              [
                14176493.515283,
                4625905.27180037
              ],
              [
                14176613.40637457,
                4625890.51379368
              ],
              [
                14176725.6164213,
                4625890.51379368
              ],
              [
                14176868.66196696,
                4625910.238442
              ],
              [
                14177023.39605917,
                4625934.92978171
              ],
              [
                14177135.60610589,
                4625929.96312815
              ],
              [
                14177255.49719748,
                4625890.51379368
              ],
              [
                14177410.23128967,
                4625801.82429566
              ],
              [
                14177472.23624605,
                4625712.99366108
              ],
              [
                14177553.38815483,
                4625624.30569386
              ],
              [
                14177661.70201938,
                4625560.16703249
              ],
              [
                14177785.48929314,
                4625397.40987955
              ],
              [
                14177858.96015706,
                4625289.00113874
              ],
              [
                14177928.6461583,
                4625367.89534478
              ],
              [
                14177994.43597736,
                4625417.13358221
              ],
              [
                14178009.90938658,
                4625481.27135162
              ],
              [
                14178006.0132044,
                4625550.23408973
              ],
              [
                14178025.3827958,
                4625619.33919031
              ],
              [
                14178185.23758458,
                4625671.84234919
              ],
              [
                14179593.31782362,
                4626605.59194537
              ],
              [
                14179784.11943084,
                4626763.40116399
              ],
              [
                14179892.43329539,
                4626835.63658732
              ],
              [
                14180021.45258521,
                4626921.21280443
              ],
              [
                14180103.94032789,
                4626973.72261028
              ],
              [
                14180191.66008663,
                4627006.64781452
              ],
              [
                14180418.52920888,
                4627006.64781452
              ],
              [
                14180547.5484987,
                4627006.64781452
              ],
              [
                14180660.98305982,
                4626960.66609296
              ],
              [
                14180738.35010592,
                4626881.75966727
              ],
              [
                14180805.36443938,
                4626789.65563047
              ],
              [
                14180887.96350154,
                4626710.75051699
              ],
              [
                14181003.95841095,
                4626635.11003235
              ],
              [
                14181201.21654864,
                4626605.59194537
              ],
              [
                14181425.63664207,
                4626590.69102019
              ],
              [
                14181708.05419022,
                4626595.65799285
              ],
              [
                14181901.41614572,
                4626610.55892524
              ],
              [
                14182021.30723731,
                4626625.31796526
              ],
              [
                14182145.09451107,
                4626669.737127
              ],
              [
                14182338.56778608,
                4626664.77011856
              ],
              [
                14182528.0335594,
                4626640.07702647
              ],
              [
                14182791.19283564,
                4626605.59194537
              ],
              [
                14182904.62739676,
                4626585.86596333
              ],
              [
                14183015.50160959,
                4626526.68824422
              ],
              [
                14183143.18506553,
                4626428.05946912
              ],
              [
                14183324.96979399,
                4626334.3984864
              ],
              [
                14183553.17475012,
                4626250.53005762
              ],
              [
                14183758.22525216,
                4626156.87069175
              ],
              [
                14183910.39899607,
                4626092.72870904
              ],
              [
                14184080.6064975,
                4626040.08149561
              ],
              [
                14184292.11353,
                4625979.34596156
              ],
              [
                14184527.99953099,
                4625924.996477
              ],
              [
                14184806.52089696,
                4625851.06461052
              ],
              [
                14185003.89035413,
                4625791.89111951
              ],
              [
                14185100.51567215,
                4625747.47574922
              ],
              [
                14185166.30549121,
                4625698.23593029
              ],
              [
                14185228.19912809,
                4625619.33919031
              ],
              [
                14185292.65311326,
                4625507.52254517
              ],
              [
                14185380.37287199,
                4625382.65260157
              ],
              [
                14185499.03944918,
                4625224.86456827
              ],
              [
                14185645.98117703,
                4625032.59914834
              ],
              [
                14185746.61399672,
                4624929.0185298
              ],
              [
                14185839.45445203,
                4624894.53918543
              ],
              [
                14186028.92022536,
                4624855.09382209
              ],
              [
                14186175.9732727,
                4624820.47283647
              ],
              [
                14186381.02377474,
                4624761.30527423
              ],
              [
                14186620.80595791,
                4624652.90323739
              ],
              [
                14186818.06409559,
                4624564.08252465
              ],
              [
                14186938.06650667,
                4624519.81434077
              ],
              [
                14187112.05887078,
                4624440.92663918
              ],
              [
                14187301.63596361,
                4624371.82945512
              ],
              [
                14187475.7396472,
                4624332.38609612
              ],
              [
                14187657.52437567,
                4624327.42021632
              ],
              [
                14187881.94446911,
                4624371.82945512
              ],
              [
                14188071.41024243,
                4624430.99477719
              ],
              [
                14188172.04306211,
                4624485.19448357
              ],
              [
                14188260.98733526,
                4624554.29242912
              ],
              [
                14188342.25056353,
                4624574.01451515
              ],
              [
                14188423.51379182,
                4624559.25841844
              ],
              [
                14188593.72129324,
                4624488.4578258
              ],
              [
                14188794.76429362,
                4624396.51710209
              ],
              [
                14188965.08311453,
                4624324.15692518
              ],
              [
                14189073.28565958,
                4624291.24030726
              ],
              [
                14189181.71084361,
                4624291.24030726
              ],
              [
                14189326.09222317,
                4624337.35197832
              ],
              [
                14189439.52678429,
                4624396.51710209
              ],
              [
                14189514.3334821,
                4624430.99477719
              ],
              [
                14189604.61358913,
                4624422.76552736
              ],
              [
                14189688.4371657,
                4624411.27296534
              ],
              [
                14189800.64721242,
                4624381.76125999
              ],
              [
                14189885.69530338,
                4624347.14186739
              ],
              [
                14189966.95853166,
                4624332.38609612
              ],
              [
                14190013.37875933,
                4624287.9770276
              ],
              [
                14190068.81586574,
                4624271.51876336
              ],
              [
                14190172.0090337,
                4624264.99221759
              ],
              [
                14190306.03770062,
                4624291.24030726
              ],
              [
                14190392.42162547,
                4624273.22134119
              ],
              [
                14190489.15826298,
                4624268.25548995
              ],
              [
                14190601.36830969,
                4624233.77836029
              ],
              [
                14190620.73790109,
                4624184.54578695
              ],
              [
                14190639.996173,
                4624085.93946821
              ],
              [
                14190647.78853735,
                4623987.3340946
              ],
              [
                14190639.996173,
                4623913.27427723
              ],
              [
                14190643.89235519,
                4623834.39122669
              ],
              [
                14190678.73535579,
                4623760.47438474
              ],
              [
                14190775.4719933,
                4623627.39703299
              ],
              [
                14190937.88713036,
                4623336.56233062
              ],
              [
                14191057.77822195,
                4623109.71696978
              ],
              [
                14191142.9376324,
                4622951.96379482
              ],
              [
                14191185.4616779,
                4622828.68534437
              ],
              [
                14191229.32155726,
                4622779.45949427
              ],
              [
                14191313.14513383,
                4622759.74084806
              ],
              [
                14191382.83113507,
                4622749.81060887
              ],
              [
                14191440.71727027,
                4622744.9873533
              ],
              [
                14191525.87668073,
                4622749.81060887
              ],
              [
                14191611.03609119,
                4622779.45949427
              ],
              [
                14191699.98036434,
                4622813.93175075
              ],
              [
                14191808.29422888,
                4622804.1433205
              ],
              [
                14191947.55491186,
                4622769.52923606
              ],
              [
                14192028.81814014,
                4622720.30366898
              ],
              [
                14192164.18264094,
                4622592.0629517
              ],
              [
                14192284.07373253,
                4622444.24764755
              ],
              [
                14192450.38505177,
                4622266.78697301
              ],
              [
                14192636.17728191,
                4622035.14227192
              ],
              [
                14192767.64560053,
                4621892.15782089
              ],
              [
                14192856.58987368,
                4621906.91009297
              ],
              [
                14192985.60916351,
                4621924.21566987
              ],
              [
                14193323.46381807,
                4621971.30968223
              ],
              [
                14193467.39991966,
                4622004.92813012
              ],
              [
                14193511.81639649,
                4622004.92813012
              ],
              [
                14193592.18906884,
                4621983.79246862
              ],
              [
                14193651.41103795,
                4621971.30968223
              ],
              [
                14193742.6930204,
                4621980.67177061
              ],
              [
                14193982.02992559,
                4622072.02350422
              ],
              [
                14194237.28551798,
                4622179.83094114
              ],
              [
                14194527.16147201,
                4622331.89808808
              ],
              [
                14194586.04948264,
                4622370.34079171
              ],
              [
                14194650.6147873,
                4622377.85912323
              ],
              [
                14194728.31579187,
                4622367.21997646
              ],
              [
                14194814.25443876,
                4622423.82036367
              ],
              [
                14194899.19121024,
                4622483.54191179
              ],
              [
                14194982.12423088,
                4622558.15886989
              ],
              [
                14195000.1579884,
                4622604.12091567
              ],
              [
                14195026.54070771,
                4622687.10846275
              ],
              [
                14195069.51003115,
                4622779.03391158
              ],
              [
                14195142.98089508,
                4622895.78608992
              ],
              [
                14195192.96334645,
                4622987.7134031
              ],
              [
                14195253.9664274,
                4623014.1000984
              ],
              [
                14195338.68055989,
                4623037.08211396
              ],
              [
                14195414.93441109,
                4623058.36180377
              ],
              [
                14195546.6253687,
                4623070.70404403
              ],
              [
                14195690.89542876,
                4623072.5482881
              ],
              [
                14195765.81344606,
                4623076.09491223
              ],
              [
                14195819.02416267,
                4623089.99769064
              ],
              [
                14195860.21237426,
                4623120.2150187
              ],
              [
                14195939.80581018,
                4623177.95447919
              ],
              [
                14196030.75383415,
                4623240.37588208
              ],
              [
                14196105.11525401,
                4623300.52777406
              ],
              [
                14196176.4710476,
                4623358.835722
              ],
              [
                14196309.72047809,
                4623467.08225334
              ],
              [
                14196393.54405466,
                4623501.69868456
              ],
              [
                14196452.76602375,
                4623539.43640211
              ],
              [
                14196630.32061157,
                4623753.09691718
              ],
              [
                14196797.9677647,
                4623944.77091601
              ],
              [
                14196928.21156893,
                4624096.01287613
              ],
              [
                14197061.90627738,
                4624193.05860699
              ],
              [
                14197251.70600918,
                4624325.15010063
              ],
              [
                14197409.55704712,
                4624378.49795162
              ],
              [
                14197481.02416022,
                4624413.11744974
              ],
              [
                14197656.12971923,
                4624497.96408947
              ],
              [
                14197795.16776323,
                4624583.94651523
              ],
              [
                14197892.23835921,
                4624665.38927766
              ],
              [
                14198024.0406363,
                4624794.36528504
              ],
              [
                14198209.83286644,
                4624965.91013736
              ],
              [
                14198433.25108445,
                4625269.987158
              ],
              [
                14198566.38919545,
                4625388.47037209
              ],
              [
                14198678.71056165,
                4625482.12274063
              ],
              [
                14198768.87934919,
                4625591.81061411
              ],
              [
                14198828.54659626,
                4625671.41664682
              ],
              [
                14198894.00245685,
                4625704.90528677
              ],
              [
                14199024.69153904,
                4625742.65108795
              ],
              [
                14199203.02536329,
                4625802.25000342
              ],
              [
                14199332.04465312,
                4625846.38180387
              ],
              [
                14199596.98504122,
                4625922.44220019
              ],
              [
                14199752.38705036,
                4625966.71642125
              ],
              [
                14199997.84652756,
                4626053.27875021
              ],
              [
                14200171.28229421,
                4626138.13892092
              ],
              [
                14200380.67425639,
                4626217.74918254
              ],
              [
                14200580.49274237,
                4626261.882766
              ],
              [
                14200846.21236689,
                4626327.44490201
              ],
              [
                14201050.14967403,
                4626394.42656353
              ],
              [
                14201155.34659283,
                4626461.55057301
              ],
              [
                14201217.24022971,
                4626517.46393019
              ],
              [
                14201286.03567502,
                4626578.9122089
              ],
              [
                14201328.22576203,
                4626640.36085478
              ],
              [
                14201370.52716852,
                4626733.0312161
              ],
              [
                14201443.21879602,
                4626817.18741327
              ],
              [
                14201518.47077179,
                4626872.81886945
              ],
              [
                14201597.73024924,
                4626928.4506266
              ],
              [
                14201682.22174275,
                4626989.04984741
              ],
              [
                14202410.13989305,
                4626983.94076583
              ],
              [
                14203294.01664994,
                4626989.04984741
              ],
              [
                14204237.22669543,
                4626989.04984741
              ],
              [
                14205224.07398132,
                4626989.04984741
              ],
              [
                14205644.19373957,
                4626989.04984741
              ],
              [
                14205779.00164293,
                4626872.81886945
              ],
              [
                14205901.78704126,
                4626731.32823103
              ],
              [
                14205973.14283487,
                4626620.20906439
              ],
              [
                14206009.98958632,
                4626481.27631659
              ],
              [
                14206056.85509194,
                4626339.93297531
              ],
              [
                14206084.0170477,
                4626242.44126056
              ],
              [
                14206140.67866851,
                4626144.95047
              ],
              [
                14206204.79869521,
                4626066.33411552
              ],
              [
                14206217.15515868,
                4626019.22135353
              ],
              [
                14206209.80807229,
                4625956.35737168
              ],
              [
                14206185.09514534,
                4625899.73754538
              ],
              [
                14206150.58610319,
                4625814.87934176
              ],
              [
                14206130.88255332,
                4625726.9000037
              ],
              [
                14206145.46540661,
                4625667.8691278
              ],
              [
                14206184.3159089,
                4625589.96591833
              ],
              [
                14206242.64732207,
                4625510.5024146
              ],
              [
                14206302.20324965,
                4625473.3250576
              ],
              [
                14206345.28389259,
                4625445.08738387
              ],
              [
                14206393.70787109,
                4625423.80275642
              ],
              [
                14206442.35448856,
                4625413.16045921
              ],
              [
                14206483.87665863,
                4625411.45769268
              ],
              [
                14206521.39132702,
                4625413.16045921
              ],
              [
                14206569.92662501,
                4625418.55255509
              ],
              [
                14206607.4412934,
                4625423.80275642
              ],
              [
                14206642.06165504,
                4625437.99250316
              ],
              [
                14206668.44437436,
                4625448.63482606
              ],
              [
                14206696.16292757,
                4625448.63482606
              ],
              [
                14206725.32863416,
                4625439.69527408
              ],
              [
                14206771.08094487,
                4625432.60039709
              ],
              [
                14206814.05026831,
                4625430.89762735
              ],
              [
                14206872.3816815,
                4625436.14783497
              ],
              [
                14206915.35100494,
                4625452.18226947
              ],
              [
                14206945.85254542,
                4625468.07483099
              ],
              [
                14206977.68991978,
                4625489.21765179
              ],
              [
                14207008.30277975,
                4625496.31256783
              ],
              [
                14207055.39092436,
                4625505.11027052
              ],
              [
                14207088.6754521,
                4625512.20519753
              ],
              [
                14207116.50532481,
                4625522.84759722
              ],
              [
                14207141.44089075,
                4625538.74026793
              ],
              [
                14207163.59346941,
                4625572.37037531
              ],
              [
                14207178.84423965,
                4625604.15589432
              ],
              [
                14207192.759176,
                4625618.34588988
              ],
              [
                14207208.00994624,
                4625620.04869067
              ],
              [
                14207230.1625249,
                4625612.95368927
              ],
              [
                14207274.57900173,
                4625588.26312254
              ],
              [
                14207294.05991262,
                4625574.07316847
              ],
              [
                14207330.12742763,
                4625554.63296319
              ],
              [
                14207375.87973836,
                4625544.13242964
              ],
              [
                14207398.03231702,
                4625533.49000793
              ],
              [
                14207442.44879385,
                4625501.56280886
              ],
              [
                14207475.73332159,
                4625483.96741706
              ],
              [
                14207500.66888753,
                4625478.57528689
              ],
              [
                14207546.53251775,
                4625473.3250576
              ],
              [
                14207579.70572599,
                4625466.23015741
              ],
              [
                14207615.77324101,
                4625464.52738209
              ],
              [
                14207643.49179422,
                4625469.77760689
              ],
              [
                14207687.90827105,
                4625496.31256783
              ],
              [
                14207754.47732654,
                4625521.14481254
              ],
              [
                14207825.27652268,
                4625547.53800692
              ],
              [
                14207907.09634841,
                4625560.02513324
              ],
              [
                14208017.3026443,
                4625541.43634844
              ],
              [
                14208094.33573193,
                4625505.11027052
              ],
              [
                14208106.8035149,
                4625452.18226947
              ],
              [
                14208104.13184713,
                4625340.79313022
              ],
              [
                14208102.68469375,
                4625250.54752747
              ],
              [
                14208138.75220876,
                4625186.97877316
              ],
              [
                14208195.63646856,
                4625162.14733522
              ],
              [
                14208266.3243452,
                4625160.44461025
              ],
              [
                14208360.7232734,
                4625170.9447521
              ],
              [
                14208488.29540984,
                4625185.13415
              ],
              [
                14208600.61677606,
                4625208.12101615
              ],
              [
                14208710.26647449,
                4625242.88520144
              ],
              [
                14208811.34457213,
                4625283.75100622
              ],
              [
                14208892.7191199,
                4625315.10994568
              ],
              [
                14208997.35944125,
                4625360.23293132
              ],
              [
                14209102.77899903,
                4625406.20749765
              ],
              [
                14209170.79520791,
                4625455.5878163
              ],
              [
                14209240.03593117,
                4625531.64532262
              ],
              [
                14209281.78074023,
                4625577.62065515
              ],
              [
                14209321.96707641,
                4625561.72792437
              ],
              [
                14209355.25160414,
                4625528.0978518
              ],
              [
                14209394.10210643,
                4625487.51487266
              ],
              [
                14209417.70183849,
                4625475.16973245
              ],
              [
                14209449.53921285,
                4625506.95495107
              ],
              [
                14209481.48790671,
                4625524.5503822
              ],
              [
                14209542.49098767,
                4625531.64532262
              ],
              [
                14209593.80927292,
                4625542.28774242
              ],
              [
                14209638.22574975,
                4625552.93017325
              ],
              [
                14209665.94430295,
                4625593.51341049
              ],
              [
                14209687.09500621,
                4625611.81848949
              ],
              [
                14209714.14564247,
                4625619.76489052
              ],
              [
                14209741.19627872,
                4625609.97379014
              ],
              [
                14209784.94483861,
                4625568.82289044
              ],
              [
                14209827.80284257,
                4625534.19950237
              ],
              [
                14209854.85347883,
                4625522.70569849
              ],
              [
                14209884.13050491,
                4625534.19950237
              ],
              [
                14209918.0829496,
                4625537.17937954
              ],
              [
                14209937.00726303,
                4625529.51683997
              ],
              [
                14209949.58636549,
                4625505.53596601
              ],
              [
                14210006.02534732,
                4625442.24943099
              ],
              [
                14210040.42306998,
                4625419.82963084
              ],
              [
                14210061.23981475,
                4625413.58615088
              ],
              [
                14210087.2885756,
                4625430.75572987
              ],
              [
                14210121.1297008,
                4625447.92533752
              ],
              [
                14210148.18033707,
                4625439.4114789
              ],
              [
                14210168.77444287,
                4625433.87747458
              ],
              [
                14210186.80820037,
                4625442.8170215
              ],
              [
                14210247.36600336,
                4625476.73061143
              ],
              [
                14210292.56171662,
                4625502.556098
              ],
              [
                14210317.38596307,
                4625495.88687273
              ],
              [
                14210342.32152901,
                4625474.60214015
              ],
              [
                14210368.03633138,
                4625452.466065
              ],
              [
                14210393.08321681,
                4625443.66840734
              ],
              [
                14210417.3508658,
                4625440.12096685
              ],
              [
                14210450.52407407,
                4625424.93793544
              ],
              [
                14210515.86861516,
                4625399.11264376
              ],
              [
                14210574.53398681,
                4625381.8012208
              ],
              [
                14210653.57082527,
                4625393.29486722
              ],
              [
                14210710.00980711,
                4625396.27470357
              ],
              [
                14210755.09420088,
                4625358.8139665
              ],
              [
                14210800.17859465,
                4625332.98884085
              ],
              [
                14210846.37618332,
                4625323.33990944
              ],
              [
                14210901.70197025,
                4625332.98884085
              ],
              [
                14210965.04276051,
                4625329.58333461
              ],
              [
                14211046.08334981,
                4625344.48243271
              ],
              [
                14211118.32969933,
                4625367.46965499
              ],
              [
                14211170.20458203,
                4625407.76836616
              ],
              [
                14211219.85307493,
                4625436.43163005
              ],
              [
                14211280.7448364,
                4625450.9051897
              ],
              [
                14211341.63659787,
                4625453.74314497
              ],
              [
                14211393.51148057,
                4625473.89264982
              ],
              [
                14211468.09553941,
                4625507.09684959
              ],
              [
                14211517.18743485,
                4625531.92912033
              ],
              [
                14211567.28120571,
                4625560.16703249
              ],
              [
                14211614.36935031,
                4625509.50912469
              ],
              [
                14211685.61382441,
                4625445.7968722
              ],
              [
                14211743.27732065,
                4625399.11264376
              ],
              [
                14211783.90893479,
                4625381.8012208
              ],
              [
                14211819.86513031,
                4625350.15828529
              ],
              [
                14211896.67557895,
                4625294.6769607
              ],
              [
                14211937.30719311,
                4625252.39216236
              ],
              [
                14211975.60109793,
                4625200.60061601
              ],
              [
                14211989.18207581,
                4625151.78909597
              ],
              [
                14212027.58730014,
                4625111.49138771
              ],
              [
                14212081.68857265,
                4625166.12036127
              ],
              [
                14212124.54657661,
                4625197.76273061
              ],
              [
                14212180.98555844,
                4625226.56730392
              ],
              [
                14212248.66780885,
                4625229.40519727
              ],
              [
                14212350.19118445,
                4625238.06077686
              ],
              [
                14212424.32996532,
                4625247.56773333
              ],
              [
                14212501.36305295,
                4625263.88566417
              ],
              [
                14212596.09593962,
                4625286.87270631
              ],
              [
                14212704.40980416,
                4625327.17110171
              ],
              [
                14212767.52795543,
                4625350.15828529
              ],
              [
                14212848.79118371,
                4625364.63172353
              ],
              [
                14212914.24704429,
                4625373.14552025
              ],
              [
                14212986.38207434,
                4625378.96328538
              ],
              [
                14213065.4189128,
                4625384.78105382
              ],
              [
                14213126.31067426,
                4625390.45692864
              ],
              [
                14213175.95916716,
                4625413.44425366
              ],
              [
                14213232.2868295,
                4625422.09998812
              ],
              [
                14213311.32366796,
                4625419.26204159
              ],
              [
                14213446.68816877,
                4625407.76836616
              ],
              [
                14213593.29593814,
                4625387.61899084
              ],
              [
                14213764.83927345,
                4625350.15828529
              ],
              [
                14213902.43016408,
                4625330.1509189
              ],
              [
                14214049.48321141,
                4625316.81269627
              ],
              [
                14214257.98461766,
                4625300.06899446
              ],
              [
                14214352.38354585,
                4625336.39434821
              ],
              [
                14214441.66177747,
                4625410.60630952
              ],
              [
                14214509.34402788,
                4625502.556098
              ],
              [
                14214552.20203183,
                4625594.64860825
              ],
              [
                14214597.2864256,
                4625683.76202259
              ],
              [
                14214640.14442956,
                4625755.70605894
              ],
              [
                14214680.7760437,
                4625824.67063722
              ],
              [
                14214723.63404765,
                4625899.45373751
              ],
              [
                14214748.4582941,
                4625974.23738159
              ],
              [
                14214768.82976091,
                4626077.82852695
              ],
              [
                14214807.12366575,
                4626181.42071576
              ],
              [
                14214854.76840781,
                4626326.4515332
              ],
              [
                14214895.17738297,
                4626437.28370295
              ],
              [
                14214935.69767762,
                4626558.19288682
              ],
              [
                14214985.34617052,
                4626658.80971159
              ],
              [
                14215048.57564128,
                4626742.2557235
              ],
              [
                14215111.69379256,
                4626828.54074723
              ],
              [
                14215165.90638458,
                4626897.51252043
              ],
              [
                14215229.02453585,
                4626949.31261313
              ],
              [
                14215294.48039644,
                4626986.77914418
              ],
              [
                14215355.3721579,
                4627009.77003763
              ],
              [
                14215409.58474992,
                4627055.75197875
              ],
              [
                14215488.51026889,
                4627093.07697722
              ],
              [
                14215581.01676574,
                4627116.21002907
              ],
              [
                14215680.31375153,
                4627116.21002907
              ],
              [
                14215772.82024839,
                4627101.73412549
              ],
              [
                14215849.51937754,
                4627061.57069583
              ],
              [
                14215901.39426024,
                4627024.10389227
              ],
              [
                14215971.30290046,
                4626975.14179795
              ],
              [
                14216050.22841944,
                4626914.82649498
              ],
              [
                14216142.84623577,
                4626897.51252043
              ],
              [
                14216221.77175474,
                4626897.51252043
              ],
              [
                14216265.52031463,
                4626874.66379534
              ],
              [
                14216315.94804396,
                4626863.4523277
              ],
              [
                14216375.17001306,
                4626877.3602261
              ],
              [
                14216463.22373027,
                4626903.33114796
              ],
              [
                14216544.37563907,
                4626917.66485425
              ],
              [
                14216630.09164698,
                4626920.50321429
              ],
              [
                14216720.37175402,
                4626920.50321429
              ],
              [
                14216794.84449336,
                4626911.9881365
              ],
              [
                14216871.54362251,
                4626914.82649498
              ],
              [
                14216948.24275166,
                4626911.9881365
              ],
              [
                14217013.69861225,
                4626883.17884224
              ],
              [
                14217049.76612727,
                4626834.21741891
              ],
              [
                14217070.02627459,
                4626776.74126291
              ],
              [
                14217085.83364229,
                4626690.45667382
              ],
              [
                14217090.39774141,
                4626635.8196028
              ],
              [
                14217081.38086266,
                4626526.54633162
              ],
              [
                14217083.60725247,
                4626402.7993019
              ],
              [
                14217070.02627459,
                4626305.0231721
              ],
              [
                14217047.53973745,
                4626178.44065193
              ],
              [
                14217061.00939584,
                4626100.81738835
              ],
              [
                14217110.65788874,
                4626063.49599122
              ],
              [
                14217173.8873595,
                4626060.79977386
              ],
              [
                14217259.60336741,
                4626066.33411552
              ],
              [
                14217351.55326682,
                4626085.91719455
              ],
              [
                14217428.36371546,
                4626139.13227155
              ],
              [
                14217521.31549027,
                4626204.40980874
              ],
              [
                14217616.04837693,
                4626253.22632473
              ],
              [
                14217717.57175254,
                4626310.84146441
              ],
              [
                14217807.96317907,
                4626365.6187192
              ],
              [
                14217889.11508785,
                4626437.28370295
              ],
              [
                14217977.05748557,
                4626497.73811718
              ],
              [
                14218035.72285723,
                4626552.37445457
              ],
              [
                14218110.19559657,
                4626601.33453598
              ],
              [
                14218218.50946111,
                4626638.65788506
              ],
              [
                14218304.22546902,
                4626690.45667382
              ],
              [
                14218405.74884462,
                4626745.09403513
              ],
              [
                14218491.46485253,
                4626765.24607025
              ],
              [
                14218597.55232726,
                4626796.89336004
              ],
              [
                14218640.41033122,
                4626819.88382895
              ],
              [
                14218746.38648645,
                4626888.85554408
              ],
              [
                14218881.75098726,
                4626980.96046942
              ],
              [
                14219017.11548806,
                4627078.74302642
              ],
              [
                14219096.15232653,
                4627150.69682262
              ],
              [
                14219195.4493123,
                4627234.14682632
              ],
              [
                14219263.13156271,
                4627317.45558379
              ],
              [
                14219335.26659274,
                4627423.89876033
              ],
              [
                14219445.8068471,
                4627524.66598281
              ],
              [
                14219504.47221875,
                4627593.64242558
              ],
              [
                14219556.34710146,
                4627616.63467601
              ],
              [
                14219651.19130761,
                4627622.45371049
              ],
              [
                14219700.83980051,
                4627630.96937666
              ],
              [
                14219779.76531948,
                4627645.44602535
              ],
              [
                14219840.65708095,
                4627648.2845863
              ],
              [
                14219901.54884241,
                4627656.94220205
              ],
              [
                14219971.45748263,
                4627651.12314803
              ],
              [
                14220050.49432109,
                4627642.60746517
              ],
              [
                14220111.72004103,
                4627660.7742638
              ],
              [
                14220175.28347027,
                4627602.01614046
              ],
              [
                14220223.59612928,
                4627576.7530892
              ],
              [
                14220291.61233815,
                4627557.16717083
              ],
              [
                14220350.83430725,
                4627545.95495899
              ],
              [
                14220404.7129408,
                4627521.68552966
              ],
              [
                14220454.3614337,
                4627467.04404174
              ],
              [
                14220504.00992659,
                4627409.56434836
              ],
              [
                14220553.54709998,
                4627351.94305232
              ],
              [
                14220594.17871413,
                4627259.97672663
              ],
              [
                14220636.03484267,
                4627173.97192561
              ],
              [
                14220712.84529131,
                4627120.89341399
              ],
              [
                14220791.77081028,
                4627053.7651005
              ],
              [
                14220875.14910889,
                4626944.62930634
              ],
              [
                14220970.99519047,
                4626860.18823182
              ],
              [
                14221058.93758819,
                4626808.38858808
              ],
              [
                14221174.04194167,
                4626768.08438823
              ],
              [
                14221284.58219602,
                4626750.91257643
              ],
              [
                14221365.8454243,
                4626759.42752084
              ],
              [
                14221435.75406452,
                4626773.90294254
              ],
              [
                14221476.38567867,
                4626802.57001425
              ],
              [
                14221492.19304636,
                4626880.34049249
              ],
              [
                14221541.84153926,
                4626955.13126998
              ],
              [
                14221560.76585268,
                4626967.90394291
              ],
              [
                14221584.69954321,
                4626972.30342281
              ],
              [
                14221652.38179361,
                4626980.96046942
              ],
              [
                14221709.71133137,
                4626982.52157695
              ],
              [
                14221763.25600644,
                4626990.46903719
              ],
              [
                14221811.45734595,
                4626996.4296364
              ],
              [
                14221854.09271092,
                4627016.29832539
              ],
              [
                14221901.84877247,
                4627041.41807999
              ],
              [
                14221928.78808925,
                4627057.31309765
              ],
              [
                14221950.60670944,
                4627081.72335118
              ],
              [
                14221977.21206774,
                4627139.20121191
              ],
              [
                14221999.36464641,
                4627196.96323761
              ],
              [
                14222040.44153851,
                4627248.48099375
              ],
              [
                14222144.19130394,
                4627294.46400237
              ],
              [
                14222241.2618999,
                4627317.45558379
              ],
              [
                14222358.48132372,
                4627311.77864532
              ],
              [
                14222457.11039255,
                4627290.63207713
              ],
              [
                14222500.1910355,
                4627232.58568057
              ],
              [
                14222541.26792759,
                4627167.86930205
              ],
              [
                14222601.04649415,
                4627091.37393251
              ],
              [
                14222660.15714376,
                4627027.0842012
              ],
              [
                14222747.54294403,
                4626975.28371672
              ],
              [
                14222778.26712349,
                4626958.11155891
              ],
              [
                14222825.57790708,
                4626957.96964037
              ],
              [
                14222882.01688891,
                4626975.14179795
              ],
              [
                14222975.07998322,
                4627001.96448161
              ],
              [
                14222994.78353308,
                4627008.35084518
              ],
              [
                14223021.83416935,
                4626998.27458447
              ],
              [
                14223073.70905206,
                4626940.65559317
              ],
              [
                14223090.74093416,
                4626923.62541126
              ],
              [
                14223127.92164407,
                4626920.50321429
              ],
              [
                14223155.97415576,
                4626928.30870847
              ],
              [
                14223173.00603785,
                4626949.31261313
              ],
              [
                14223206.51320458,
                4626975.28371672
              ],
              [
                14223274.52941344,
                4627035.59937431
              ],
              [
                14223292.56317096,
                4627078.74302642
              ],
              [
                14223315.16102758,
                4627101.73412549
              ],
              [
                14223360.24542135,
                4627107.55286859
              ],
              [
                14223421.24850232,
                4627101.73412549
              ],
              [
                14223473.12338503,
                4627093.07697722
              ],
              [
                14223499.39478485,
                4627082.00719167
              ],
              [
                14223522.66055843,
                4627083.56831456
              ],
              [
                14223535.0170219,
                4627102.44372814
              ],
              [
                14223532.56799311,
                4627130.68595302
              ],
              [
                14223515.98138897,
                4627153.53524699
              ],
              [
                14223473.12338503,
                4627190.8606004
              ],
              [
                14223427.92767176,
                4627231.16645738
              ],
              [
                14223422.25037774,
                4627260.97018563
              ],
              [
                14223416.90704218,
                4627289.07092281
              ],
              [
                14223423.02961417,
                4627320.43597774
              ],
              [
                14223439.28225982,
                4627346.26609481
              ],
              [
                14223468.5592859,
                4627363.580825
              ],
              [
                14223491.15714252,
                4627392.24954073
              ],
              [
                14223522.66055843,
                4627418.2217631
              ],
              [
                14223540.80563542,
                4627435.39468933
              ],
              [
                14223534.01514649,
                4627464.20553082
              ],
              [
                14223497.94763147,
                4627507.35098136
              ],
              [
                14223482.14026378,
                4627599.46144706
              ],
              [
                14223475.34977483,
                4627674.115527
              ],
              [
                14223600.69552147,
                4627665.03211188
              ],
              [
                14223714.46404106,
                4627688.59223642
              ],
              [
                14223827.34200473,
                4627754.7311878
              ],
              [
                14223908.49391352,
                4627829.5283257
              ],
              [
                14223973.9497741,
                4627956.13117293
              ],
              [
                14224043.85841433,
                4628105.72892336
              ],
              [
                14224111.54066472,
                4628281.16131648
              ],
              [
                14224201.82077175,
                4628488.24919944
              ],
              [
                14224280.85761022,
                4628643.67430565
              ],
              [
                14224366.57361813,
                4628735.65300952
              ],
              [
                14224483.90436143,
                4628796.12093912
              ],
              [
                14224587.65412684,
                4628836.43308977
              ],
              [
                14224727.47140728,
                4628833.45225632
              ],
              [
                14224847.13985988,
                4628793.28206122
              ],
              [
                14224926.06537886,
                4628709.81940156
              ],
              [
                14225000.5381182,
                4628597.54332115
              ],
              [
                14225052.41300091,
                4628471.07451453
              ],
              [
                14225088.48051592,
                4628312.81327252
              ],
              [
                14225122.32164113,
                4628154.55446676
              ],
              [
                14225162.95325527,
                4627984.80154093
              ],
              [
                14225235.19960478,
                4627774.88520176
              ],
              [
                14225354.7567379,
                4627516.00847844
              ],
              [
                14225426.89176794,
                4627323.27444897
              ],
              [
                14225467.52338208,
                4627130.54403209
              ],
              [
                14225517.17187497,
                4626943.63587791
              ],
              [
                14225591.64461432,
                4626756.58920526
              ],
              [
                14225641.18178771,
                4626631.98792299
              ],
              [
                14225688.60389079,
                4626517.88966757
              ],
              [
                14225740.59009299,
                4626330.99264856
              ],
              [
                14225790.23858589,
                4626178.44065193
              ],
              [
                14225864.60000574,
                4626003.0441296
              ],
              [
                14225945.86323401,
                4625839.14474322
              ],
              [
                14226029.35285211,
                4625649.28014807
              ],
              [
                14226128.53851841,
                4625419.26204159
              ],
              [
                14226216.59223562,
                4625238.06077686
              ],
              [
                14226306.87234266,
                4625111.49138771
              ],
              [
                14226382.56959639,
                4625040.26131772
              ],
              [
                14226430.99357489,
                4624987.47759999
              ],
              [
                14226582.83336033,
                4624849.56013215
              ],
              [
                14226716.1941103,
                4624714.62415234
              ],
              [
                14226875.04702367,
                4624559.25841844
              ],
              [
                14227047.59223439,
                4624386.30151685
              ],
              [
                14227169.48707681,
                4624280.59918175
              ],
              [
                14227326.00228088,
                4624166.24324772
              ],
              [
                14227558.43737765,
                4624040.11268062
              ],
              [
                14227661.96450409,
                4623981.51711648
              ],
              [
                14227829.94561569,
                4623828.99996114
              ],
              [
                14227928.90864301,
                4623749.83380822
              ],
              [
                14228076.07300983,
                4623623.70834626
              ],
              [
                14228172.80964733,
                4623544.54377301
              ],
              [
                14228366.06028335,
                4623389.19570892
              ],
              [
                14228485.72873595,
                4623280.6662614
              ],
              [
                14228600.72176995,
                4623142.77167354
              ],
              [
                14228690.44527953,
                4623048.99873484
              ],
              [
                14228766.36517225,
                4622969.83858343
              ],
              [
                14228867.66590886,
                4622858.33445705
              ],
              [
                14228964.29122687,
                4622738.17805516
              ],
              [
                14229003.36436814,
                4622656.04125136
              ],
              [
                14229026.40750274,
                4622565.2517648
              ],
              [
                14229037.87341029,
                4622477.15835685
              ],
              [
                14229118.46872162,
                4622471.34223246
              ],
              [
                14229189.82451522,
                4622474.32122259
              ],
              [
                14229261.18030883,
                4622480.13734866
              ],
              [
                14229330.08707362,
                4622494.7486067
              ],
              [
                14229389.97695966,
                4622500.70660138
              ],
              [
                14229477.36275995,
                4622500.70660138
              ],
              [
                14229530.35083756,
                4622509.50174268
              ],
              [
                14229580.88988637,
                4622532.90820373
              ],
              [
                14229626.97615557,
                4622553.47756194
              ],
              [
                14229677.62652388,
                4622582.84216525
              ],
              [
                14229742.08050905,
                4622623.83926367
              ],
              [
                14229861.63764215,
                4622667.81557158
              ],
              [
                14229972.06657702,
                4622664.83652543
              ],
              [
                14230043.42237063,
                4622647.2459848
              ],
              [
                14230126.24407177,
                4622653.20406778
              ],
              [
                14230202.16396449,
                4622682.42709612
              ],
              [
                14230271.18204879,
                4622732.36178323
              ],
              [
                14230342.53784238,
                4622787.97115181
              ],
              [
                14230404.65411825,
                4622846.70178065
              ],
              [
                14230487.4758194,
                4622893.65815258
              ],
              [
                14230572.63522985,
                4622917.06548751
              ],
              [
                14230655.45693101,
                4622914.0863692
              ],
              [
                14230779.68948274,
                4622949.26839289
              ],
              [
                14230874.08841092,
                4622984.45053688
              ],
              [
                14230995.20401691,
                4623024.03059265
              ],
              [
                14231104.18579839,
                4623078.36475232
              ],
              [
                14231233.31640771,
                4623171.42862713
              ],
              [
                14231345.41513494,
                4623241.79455472
              ],
              [
                14231431.7990598,
                4623310.03294011
              ],
              [
                14231580.18794102,
                4623444.09927727
              ],
              [
                14231706.98084104,
                4623568.09446054
              ],
              [
                14231844.23777319,
                4623668.54016687
              ],
              [
                14231954.66670806,
                4623745.43570648
              ],
              [
                14232047.84112185,
                4623826.87183078
              ],
              [
                14232084.35391483,
                4623893.55345789
              ],
              [
                14232132.44393484,
                4623950.02036519
              ],
              [
                14232183.31694215,
                4623987.3340946
              ],
              [
                14232243.09550869,
                4623990.3135237
              ],
              [
                14232307.54949386,
                4623993.29295366
              ],
              [
                14232367.32806042,
                4623975.70014163
              ],
              [
                14232446.47621838,
                4623952.14852102
              ],
              [
                14232506.92270188,
                4623914.83491922
              ],
              [
                14232604.43857582,
                4623837.79623797
              ],
              [
                14232668.78124149,
                4623767.426234
              ],
              [
                14232723.99570892,
                4623714.6490469
              ],
              [
                14232777.87434247,
                4623701.45479243
              ],
              [
                14232838.20950648,
                4623686.13245364
              ],
              [
                14232898.98994845,
                4623661.87213055
              ],
              [
                14232984.03803942,
                4623617.89157373
              ],
              [
                14233034.68840772,
                4623594.48264435
              ],
              [
                14233078.43696761,
                4623559.29841432
              ],
              [
                14233110.60830046,
                4623550.50237561
              ],
              [
                14233170.49818649,
                4623570.93189641
              ],
              [
                14233237.17856149,
                4623617.89157373
              ],
              [
                14233285.49122048,
                4623647.259215
              ],
              [
                14233333.80387949,
                4623670.66826447
              ],
              [
                14233375.21473006,
                4623694.0773672
              ],
              [
                14233414.28787133,
                4623726.42457862
              ],
              [
                14233508.68679953,
                4623770.40559941
              ],
              [
                14233600.63669892,
                4623814.38680822
              ],
              [
                14233697.37333643,
                4623855.38881416
              ],
              [
                14233747.68974627,
                4623877.37957672
              ],
              [
                14233856.44888876,
                4623906.03857653
              ],
              [
                14233940.94038227,
                4623934.55577935
              ],
              [
                14234025.54319528,
                4623972.01133002
              ],
              [
                14234099.79329564,
                4624000.52871572
              ],
              [
                14234186.06590101,
                4624033.58628165
              ],
              [
                14234244.95391164,
                4624037.27511534
              ],
              [
                14234348.25839909,
                4624084.09504247
              ],
              [
                14234443.10260524,
                4624137.01600452
              ],
              [
                14234577.7991891,
                4624198.5919438
              ],
              [
                14234714.05424583,
                4624257.89815079
              ],
              [
                14234846.96971784,
                4624317.3465818
              ],
              [
                14234979.88518985,
                4624433.83245105
              ],
              [
                14235112.46670339,
                4624603.24299995
              ],
              [
                14235204.52792227,
                4624708.80676294
              ],
              [
                14235271.20829727,
                4624855.51949067
              ],
              [
                14235381.63723213,
                4625066.65327816
              ],
              [
                14235464.45893327,
                4625189.8166556
              ],
              [
                14235517.4470109,
                4625301.20415982
              ],
              [
                14235530.36007182,
                4625364.34793043
              ],
              [
                14235524.23749983,
                4625424.51224329
              ],
              [
                14235471.3607417,
                4625588.68882146
              ],
              [
                14235413.80856497,
                4625776.42376432
              ],
              [
                14235392.32390324,
                4625892.21663952
              ],
              [
                14235377.07313301,
                4625999.35459087
              ],
              [
                14235369.8373661,
                4626103.5136162
              ],
              [
                14235364.71666952,
                4626182.69788625
              ],
              [
                14235387.09188718,
                4626213.4919337
              ],
              [
                14235423.38204117,
                4626237.61636709
              ],
              [
                14235457.89108332,
                4626259.61222332
              ],
              [
                14235511.32443889,
                4626292.67705055
              ],
              [
                14235547.6145929,
                4626316.8016697
              ],
              [
                14235589.02544347,
                4626332.26983763
              ],
              [
                14235637.33810248,
                4626345.46746719
              ],
              [
                14235692.32993094,
                4626360.08421647
              ],
              [
                14235772.81392278,
                4626348.44757944
              ],
              [
                14235832.59248934,
                4626360.08421647
              ],
              [
                14235880.90514833,
                4626360.08421647
              ],
              [
                14235929.32912683,
                4626342.48735581
              ],
              [
                14235979.86817565,
                4626310.27382599
              ],
              [
                14236032.85625327,
                4626283.87867413
              ],
              [
                14236083.50662158,
                4626292.67705055
              ],
              [
                14236129.48157128,
                4626313.25392804
              ],
              [
                14236166.32832272,
                4626319.072225
              ],
              [
                14236200.83736487,
                4626298.49533587
              ],
              [
                14236237.57279683,
                4626263.30185542
              ],
              [
                14236269.85544917,
                4626242.72507789
              ],
              [
                14236327.4076259,
                4626236.90682412
              ],
              [
                14236368.707157,
                4626222.29024991
              ],
              [
                14236407.89161775,
                4626198.73348471
              ],
              [
                14236444.73836921,
                4626172.33861913
              ],
              [
                14236483.81151046,
                4626163.54034565
              ],
              [
                14236522.88465173,
                4626143.10567501
              ],
              [
                14236559.73140319,
                4626134.30742656
              ],
              [
                14236612.60816131,
                4626137.1455704
              ],
              [
                14236654.13033138,
                4626125.50918562
              ],
              [
                14236700.10528108,
                4626143.10567501
              ],
              [
                14236752.98203921,
                4626163.54034565
              ],
              [
                14236815.09831507,
                4626169.50046557
              ],
              [
                14236868.08639269,
                4626157.72213668
              ],
              [
                14236927.86495924,
                4626140.12562227
              ],
              [
                14236983.07942668,
                4626134.30742656
              ],
              [
                14237031.39208568,
                4626131.32737636
              ],
              [
                14237093.50836154,
                4626122.52913797
              ],
              [
                14237164.86415514,
                4626134.30742656
              ],
              [
                14237200.82035067,
                4626165.1013291
              ],
              [
                14237238.78029703,
                4626189.22564898
              ],
              [
                14237268.1686426,
                4626209.09277842
              ],
              [
                14237302.67768475,
                4626204.69362502
              ],
              [
                14237328.50380661,
                4626184.82650408
              ],
              [
                14237359.56194454,
                4626162.8308078
              ],
              [
                14237385.49938589,
                4626156.30306183
              ],
              [
                14237406.20481118,
                4626143.10567501
              ],
              [
                14237430.36114068,
                4626121.11006797
              ],
              [
                14237459.41552778,
                4626087.33625969
              ],
              [
                14237489.3604708,
                4626052.14350184
              ],
              [
                14237516.96770453,
                4626022.76899375
              ],
              [
                14237530.77132138,
                4625978.77834144
              ],
              [
                14237539.89951962,
                4625931.80788491
              ],
              [
                14237572.18217196,
                4625908.39368911
              ],
              [
                14237602.01579549,
                4625873.20154359
              ],
              [
                14237620.49483095,
                4625826.23156924
              ],
              [
                14237655.0038731,
                4625811.61557869
              ],
              [
                14237733.26147514,
                4625799.83765966
              ],
              [
                14237802.27955943,
                4625811.61557869
              ],
              [
                14237850.59221843,
                4625832.19149368
              ],
              [
                14237892.003069,
                4625867.38349887
              ],
              [
                14237942.65343732,
                4625905.41370438
              ],
              [
                14237981.72657858,
                4625931.80788491
              ],
              [
                14238018.57333004,
                4625937.76787053
              ],
              [
                14238069.22369835,
                4625937.76787053
              ],
              [
                14238117.42503785,
                4625925.98980703
              ],
              [
                14238174.9772146,
                4625905.41370438
              ],
              [
                14238241.76890907,
                4625887.81762167
              ],
              [
                14238299.20976633,
                4625879.0195916
              ],
              [
                14238342.9583262,
                4625864.40352602
              ],
              [
                14238382.03146747,
                4625843.82754659
              ],
              [
                14238435.0195451,
                4625791.03970485
              ],
              [
                14238469.52858725,
                4625732.43416569
              ],
              [
                14238513.27714712,
                4625659.07128587
              ],
              [
                14238554.6879977,
                4625594.50670852
              ],
              [
                14238630.60789042,
                4625574.07316847
              ],
              [
                14238710.86924328,
                4625562.29552148
              ],
              [
                14238789.34948428,
                4625547.679906
              ],
              [
                14238968.79650344,
                4625521.28671125
              ],
              [
                14239302.53233685,
                4625430.33003748
              ],
              [
                14239576.2669647,
                4625400.9573053
              ],
              [
                14240018.09402367,
                4625342.35398881
              ],
              [
                14240349.38082827,
                4625295.38643867
              ],
              [
                14240521.92603899,
                4625257.21659365
              ],
              [
                14240729.09161136,
                4625195.63431705
              ],
              [
                14240864.79007063,
                4625160.44461025
              ],
              [
                14240945.38538198,
                4625134.05240915
              ],
              [
                14241016.74117557,
                4625104.822416
              ],
              [
                14241083.42155055,
                4625096.02505569
              ],
              [
                14241143.20011711,
                4625107.66027577
              ],
              [
                14241207.65410228,
                4625134.05240915
              ],
              [
                14241249.06495286,
                4625154.62696871
              ],
              [
                14241299.71532117,
                4625183.99899745
              ],
              [
                14241345.69027086,
                4625189.8166556
              ],
              [
                14241380.19931301,
                4625181.01922259
              ],
              [
                14241412.48196534,
                4625137.0321704
              ],
              [
                14241449.2173973,
                4625098.86291304
              ],
              [
                14241502.20547493,
                4625081.26821012
              ],
              [
                14241557.41994236,
                4625075.45061335
              ],
              [
                14241628.77573595,
                4625057.85595049
              ],
              [
                14241670.18658652,
                4625043.09915968
              ],
              [
                14241690.89201181,
                4625016.84915143
              ],
              [
                14241723.06334466,
                4624990.45731878
              ],
              [
                14241764.47419523,
                4624981.518165
              ],
              [
                14241815.12456354,
                4624984.49788207
              ],
              [
                14241861.09951323,
                4624966.90337477
              ],
              [
                14241914.08759086,
                4624943.49137545
              ],
              [
                14241953.16073213,
                4624934.69415312
              ],
              [
                14242003.81110044,
                4624937.53196596
              ],
              [
                14242056.68785856,
                4624914.12003349
              ],
              [
                14242114.24003531,
                4624884.74877538
              ],
              [
                14242174.01860186,
                4624852.53981098
              ],
              [
                14242227.00667947,
                4624820.33094742
              ],
              [
                14242296.02476377,
                4624787.98029613
              ],
              [
                14242358.14103962,
                4624749.95422205
              ],
              [
                14242404.11598933,
                4624723.56307418
              ],
              [
                14242447.86454921,
                4624694.19236018
              ],
              [
                14242484.71130066,
                4624656.02474604
              ],
              [
                14242519.22034281,
                4624609.06032966
              ],
              [
                14242556.06709426,
                4624556.27882456
              ],
              [
                14242597.47794484,
                4624524.07088864
              ],
              [
                14242668.83373843,
                4624494.70074423
              ],
              [
                14242735.51411342,
                4624471.28981962
              ],
              [
                14242797.63038928,
                4624447.87894829
              ],
              [
                14242850.61846691,
                4624424.32624664
              ],
              [
                14242914.96113257,
                4624406.73269748
              ],
              [
                14242977.07740844,
                4624403.89503107
              ],
              [
                14243032.29187587,
                4624400.91548219
              ],
              [
                14243074.2593239,
                4624376.5115905
              ],
              [
                14243140.49442092,
                4624291.52407075
              ],
              [
                14243224.206678,
                4624228.95440896
              ],
              [
                14243296.67566651,
                4624203.1321198
              ],
              [
                14243370.36916941,
                4624185.53894893
              ],
              [
                14243437.38350287,
                4624168.37144828
              ],
              [
                14243484.91692544,
                4624169.93212898
              ],
              [
                14243522.20895486,
                4624142.2655518
              ],
              [
                14243586.10634257,
                4624135.88096763
              ],
              [
                14243679.83735382,
                4624146.6638232
              ],
              [
                14243791.15684461,
                4624131.19894176
              ],
              [
                14243840.69401801,
                4624132.75961681
              ],
              [
                14243938.20989195,
                4624087.64201533
              ],
              [
                14244071.01404446,
                4624069.05589113
              ],
              [
                14244172.87137854,
                4624081.54122277
              ],
              [
                14244220.85007907,
                4624123.39557004
              ],
              [
                14244306.12080902,
                4624154.46721256
              ],
              [
                14244385.38028647,
                4624197.59878055
              ],
              [
                14244459.63038683,
                4624227.39371932
              ],
              [
                14244559.59528956,
                4624249.24339593
              ],
              [
                14244672.91853118,
                4624267.82984567
              ],
              [
                14244773.99662882,
                4624281.73423461
              ],
              [
                14244797.15108291,
                4624297.34122418
              ],
              [
                14244875.52000443,
                4624391.12554195
              ],
              [
                14244940.64190655,
                4624446.46010931
              ],
              [
                14245050.62556345,
                4624491.43740003
              ],
              [
                14245118.41913334,
                4624512.72009825
              ],
              [
                14245146.91692299,
                4624525.6316233
              ],
              [
                14245162.72429068,
                4624564.50818119
              ],
              [
                14245192.22395574,
                4624617.71538726
              ],
              [
                14245222.39153774,
                4624626.51233851
              ],
              [
                14245255.34210701,
                4624620.41122635
              ],
              [
                14245295.52844319,
                4624603.24299995
              ],
              [
                14245322.35644047,
                4624573.58885821
              ],
              [
                14245350.29763266,
                4624536.55677254
              ],
              [
                14245378.35014434,
                4624525.6316233
              ],
              [
                14245403.95362722,
                4624544.21857243
              ],
              [
                14245426.44016437,
                4624595.72304205
              ],
              [
                14245448.14746507,
                4624601.11470943
              ],
              [
                14245482.76782671,
                4624584.65594418
              ],
              [
                14245505.03172486,
                4624586.21668803
              ],
              [
                14245526.18242811,
                4624617.71538726
              ],
              [
                14245573.93848967,
                4624639.84966604
              ],
              [
                14245625.92469186,
                4624634.31609187
              ],
              [
                14245686.59381435,
                4624598.56076137
              ],
              [
                14245736.57626571,
                4624589.33817644
              ],
              [
                14245760.39863674,
                4624617.71538726
              ],
              [
                14245771.86454429,
                4624645.24135655
              ],
              [
                14245792.68128908,
                4624659.14625563
              ],
              [
                14245825.40921937,
                4624667.51758149
              ],
              [
                14245907.89696205,
                4624678.58476851
              ],
              [
                14246007.63922579,
                4624678.58476851
              ],
              [
                14246043.59542133,
                4624694.90179673
              ],
              [
                14246081.3327287,
                4624733.92088221
              ],
              [
                14246163.82047138,
                4624761.58905069
              ],
              [
                14246247.08745049,
                4624778.75754137
              ],
              [
                14246275.13996218,
                4624792.66262094
              ],
              [
                14246328.68463725,
                4624833.38474781
              ],
              [
                14246385.01229959,
                4624877.65428116
              ],
              [
                14246444.45690768,
                4624895.2486358
              ],
              [
                14246532.51062489,
                4624888.72169428
              ],
              [
                14246610.54558794,
                4624866.58687997
              ],
              [
                14246705.94639155,
                4624822.31739424
              ],
              [
                14246827.395956,
                4624783.58175052
              ],
              [
                14246912.33272747,
                4624753.9270889
              ],
              [
                14246970.55282116,
                4624750.52177437
              ],
              [
                14247026.8804835,
                4624761.73093893
              ],
              [
                14247070.2950849,
                4624800.18272283
              ],
              [
                14247104.80412705,
                4624825.29706519
              ],
              [
                14247136.53018193,
                4624836.2225327
              ],
              [
                14247198.75777728,
                4624825.29706519
              ],
              [
                14247237.60827957,
                4624806.70960816
              ],
              [
                14247282.91531232,
                4624761.58905069
              ],
              [
                14247315.64324261,
                4624702.70560199
              ],
              [
                14247341.2467255,
                4624618.85047731
              ],
              [
                14247346.14478309,
                4624544.21857243
              ],
              [
                14247330.67137387,
                4624413.25933317
              ],
              [
                14247296.16233174,
                4624359.48565384
              ],
              [
                14247270.55884884,
                4624323.73127859
              ],
              [
                14247247.40439476,
                4624280.31541855
              ],
              [
                14247299.83587492,
                4624190.22099953
              ],
              [
                14247400.02341664,
                4624197.59878055
              ],
              [
                14247486.74129997,
                4624186.53211099
              ],
              [
                14247556.20466222,
                4624169.93212898
              ],
              [
                14247638.58108541,
                4624169.93212898
              ],
              [
                14247695.02006724,
                4624164.39880759
              ],
              [
                14247768.71357015,
                4624142.2655518
              ],
              [
                14247844.41082389,
                4624106.3700523
              ],
              [
                14247895.61778965,
                4624073.73788872
              ],
              [
                14247930.90606823,
                4624030.18120558
              ],
              [
                14247959.51517737,
                4624015.14213305
              ],
              [
                14248042.00292004,
                4624009.60889493
              ],
              [
                14248113.69267212,
                4624039.5451675
              ],
              [
                14248180.81832506,
                4624048.34162435
              ],
              [
                14248232.80452726,
                4624070.47467806
              ],
              [
                14248297.92642937,
                4624076.00794892
              ],
              [
                14248375.62743395,
                4624075.29855505
              ],
              [
                14248430.50794291,
                4624106.3700523
              ],
              [
                14248449.98885381,
                4624173.05349107
              ],
              [
                14248475.59233668,
                4624180.85690045
              ],
              [
                14248492.62421877,
                4624169.93212898
              ],
              [
                14248523.45971772,
                4624164.39880759
              ],
              [
                14248556.85556496,
                4624180.71502023
              ],
              [
                14248579.89869956,
                4624192.06544429
              ],
              [
                14248614.5190612,
                4624186.53211099
              ],
              [
                14248653.48088297,
                4624182.41758304
              ],
              [
                14248727.28570537,
                4624225.26550654
              ],
              [
                14248757.00800941,
                4624239.87924313
              ],
              [
                14248905.73084911,
                4624243.00062645
              ],
              [
                14248991.669496,
                4624248.53399011
              ],
              [
                14249176.57117021,
                4624224.13045992
              ],
              [
                14249376.83493415,
                4624194.61929143
              ],
              [
                14249588.56460564,
                4624165.1082076
              ],
              [
                14249873.54250207,
                4624155.31849176
              ],
              [
                14250000.55804106,
                4624155.31849176
              ],
              [
                14250227.76112176,
                4624130.77330315
              ],
              [
                14250555.1517442,
                4624106.22817311
              ],
              [
                14250774.56246054,
                4624096.4385133
              ],
              [
                14250936.30968067,
                4624165.1082076
              ],
              [
                14251121.21135488,
                4624160.28428848
              ],
              [
                14251406.1892513,
                4624175.0398129
              ],
              [
                14251764.30405319,
                4624184.8295475
              ],
              [
                14251983.82608904,
                4624145.52878523
              ],
              [
                14252249.43439407,
                4624114.74092834
              ],
              [
                14252457.37920287,
                4624091.47274739
              ],
              [
                14252574.82126566,
                4624048.34162435
              ],
              [
                14252557.45542509,
                4623998.54242759
              ],
              [
                14252501.01644326,
                4623932.28575036
              ],
              [
                14252440.34732078,
                4623871.4207848
              ],
              [
                14252427.32294035,
                4623832.68872147
              ],
              [
                14252409.95709979,
                4623744.30071279
              ],
              [
                14252366.54249838,
                4623683.43685935
              ],
              [
                14252305.8733759,
                4623595.05013291
              ],
              [
                14252271.14169477,
                4623512.05526243
              ],
              [
                14252292.84899547,
                4623478.99937224
              ],
              [
                14252357.85957809,
                4623418.13708828
              ],
              [
                14252418.64002007,
                4623390.47253277
              ],
              [
                14252501.01644326,
                4623357.27516434
              ],
              [
                14252579.0514063,
                4623335.1436449
              ],
              [
                14252687.58790983,
                4623324.07790303
              ],
              [
                14252817.60907507,
                4623313.15404133
              ],
              [
                14252986.81470108,
                4623313.15404133
              ],
              [
                14253121.28864596,
                4623285.48976809
              ],
              [
                14253234.05529013,
                4623285.48976809
              ],
              [
                14253299.17719225,
                4623235.69426372
              ],
              [
                14253339.25220893,
                4623139.50875815
              ],
              [
                14253412.50043388,
                4623100.21198879
              ],
              [
                14253589.60974372,
                4623036.37279173
              ],
              [
                14253870.69145798,
                4622982.4644449
              ],
              [
                14254059.37799488,
                4622952.95683782
              ],
              [
                14254583.13619905,
                4623007.00689409
              ],
              [
                14255160.77303678,
                4623247.46924727
              ],
              [
                14255688.31610366,
                4623375.008788
              ],
              [
                14256161.98053697,
                4623528.65418297
              ],
              [
                14256608.70565353,
                4623683.43685935
              ],
              [
                14257070.79285982,
                4623821.62244445
              ],
              [
                14257374.91770866,
                4623924.62440622
              ],
              [
                14257602.12078937,
                4624003.22439309
              ],
              [
                14258021.90658915,
                4624145.52878523
              ],
              [
                14258278.72065442,
                4624241.86557786
              ],
              [
                14258586.74168544,
                4624407.7258809
              ],
              [
                14258786.22621294,
                4624584.65594418
              ],
              [
                14258965.33927362,
                4624808.12849683
              ],
              [
                14259073.2078602,
                4624925.8969383
              ],
              [
                14259200.22339919,
                4625078.14657242
              ],
              [
                14259306.75615189,
                4625231.53361781
              ],
              [
                14259402.1569555,
                4625408.33595477
              ],
              [
                14259428.20571634,
                4625447.07395135
              ],
              [
                14259527.9479801,
                4625491.34612608
              ],
              [
                14259645.05608441,
                4625546.6866125
              ],
              [
                14259764.50189803,
                4625592.23631318
              ],
              [
                14259808.13913843,
                4625613.5212892
              ],
              [
                14259875.26479137,
                4625669.1462345
              ],
              [
                14259935.71127487,
                4625703.4862744
              ],
              [
                14260012.96700147,
                4625741.94157913
              ],
              [
                14260053.26465715,
                4625806.22327673
              ],
              [
                14260096.90189754,
                4625874.62057938
              ],
              [
                14260140.53913793,
                4625904.70418434
              ],
              [
                14260258.0925202,
                4625990.27265501
              ],
              [
                14260352.15748993,
                4626058.6711817
              ],
              [
                14260405.81348449,
                4626101.52692192
              ],
              [
                14260536.83652515,
                4626200.01065734
              ],
              [
                14260755.02272711,
                4626414.01026732
              ],
              [
                14260946.49225128,
                4626593.81311702
              ],
              [
                14261107.57155445,
                4626726.50310818
              ],
              [
                14261335.99914955,
                4626897.79635584
              ],
              [
                14261500.52935695,
                4627017.57559956
              ],
              [
                14261661.60866012,
                4627124.58335514
              ],
              [
                14261738.86438674,
                4627111.81048759
              ],
              [
                14261802.65045497,
                4627051.77822264
              ],
              [
                14261866.43652318,
                4626961.94336023
              ],
              [
                14261967.18066235,
                4626837.76534031
              ],
              [
                14262145.18052814,
                4626713.58881992
              ],
              [
                14262353.34797591,
                4626615.24207987
              ],
              [
                14262558.17583897,
                4626559.61201714
              ],
              [
                14262803.3013577,
                4626533.92578871
              ],
              [
                14263038.40812226,
                4626529.52649634
              ],
              [
                14263229.76632693,
                4626563.86940926
              ],
              [
                14263353.99887866,
                4626598.0705233
              ],
              [
                14263491.70108876,
                4626653.70079408
              ],
              [
                14263612.59405578,
                4626717.98819102
              ],
              [
                14263679.71970872,
                4626713.58881992
              ],
              [
                14263824.10108828,
                4626675.12988174
              ],
              [
                14263971.82205256,
                4626666.61500712
              ],
              [
                14264102.73377373,
                4626709.33136582
              ],
              [
                14264233.7568144,
                4626803.56342906
              ],
              [
                14264391.60785234,
                4626944.7712247
              ],
              [
                14264552.79847501,
                4627090.3804899
              ],
              [
                14264619.92412797,
                4627163.18589573
              ],
              [
                14264666.90095308,
                4627240.24948922
              ],
              [
                14264707.19860874,
                4627325.82907375
              ],
              [
                14264737.36619075,
                4627419.92486194
              ],
              [
                14264744.15667968,
                4627462.78627565
              ],
              [
                14264754.17543385,
                4627527.07873123
              ],
              [
                14264777.7751659,
                4627625.43419285
              ],
              [
                14264794.47308952,
                4627655.52292028
              ],
              [
                14264848.24040357,
                4627745.36384264
              ],
              [
                14264898.55681341,
                4627792.48451388
              ],
              [
                14264932.17529964,
                4627843.8633232
              ],
              [
                14264969.13337057,
                4627916.53213276
              ],
              [
                14265022.78936514,
                4627985.08540636
              ],
              [
                14265059.74743608,
                4628010.77526017
              ],
              [
                14265124.86933819,
                4627974.44045812
              ],
              [
                14265275.9298872,
                4627887.72002376
              ],
              [
                14265404.39257958,
                4627855.64358361
              ],
              [
                14265540.31367784,
                4627852.37917274
              ],
              [
                14265658.75761604,
                4627881.33311398
              ],
              [
                14265704.50992676,
                4627920.93201859
              ],
              [
                14265738.01709349,
                4628010.77526017
              ],
              [
                14265759.50175521,
                4628122.05139026
              ],
              [
                14265798.79753546,
                4628171.8705582
              ],
              [
                14265845.99699955,
                4628193.58668131
              ],
              [
                14265916.01695926,
                4628207.78025063
              ],
              [
                14265989.93310115,
                4628194.86410175
              ],
              [
                14266087.2263361,
                4628160.65767599
              ],
              [
                14266137.65406543,
                4628117.79335291
              ],
              [
                14266198.10054893,
                4628027.94917614
              ],
              [
                14266255.20744772,
                4627959.39561674
              ],
              [
                14266318.99351594,
                4627946.6217121
              ],
              [
                14266374.87590032,
                4627959.9633462
              ],
              [
                14266406.26799672,
                4627993.60137289
              ],
              [
                14266433.095994,
                4628100.76122118
              ],
              [
                14266453.24482183,
                4628216.29640161
              ],
              [
                14266470.05406495,
                4628378.95623967
              ],
              [
                14266500.22164695,
                4628567.3098959
              ],
              [
                14266523.82137899,
                4628665.81725174
              ],
              [
                14266537.29103738,
                4628706.55471945
              ],
              [
                14266610.98454029,
                4628730.54305993
              ],
              [
                14266692.24776857,
                4628757.08643683
              ],
              [
                14266724.30778191,
                4628776.39075398
              ],
              [
                14267104.68648195,
                4629427.93271711
              ],
              [
                14267322.9840034,
                4629702.0469177
              ],
              [
                14267641.91434452,
                4630125.93754208
              ],
              [
                14267940.8071773,
                4630541.32756526
              ],
              [
                14268333.65366031,
                4631033.82641722
              ],
              [
                14268431.05821476,
                4630973.77124349
              ],
              [
                14268645.90483199,
                4630841.02641914
              ],
              [
                14268773.47696844,
                4630759.67669502
              ],
              [
                14268934.6675911,
                4630686.98778299
              ],
              [
                14269005.29980802,
                4630650.92745883
              ],
              [
                14269102.53738323,
                4630601.23824308
              ],
              [
                14269250.36966699,
                4630515.6313863
              ],
              [
                14269364.80610353,
                4630450.32646922
              ],
              [
                14269374.26826025,
                4630498.45331354
              ],
              [
                14269404.76980073,
                4630549.84564981
              ],
              [
                14269475.34635789,
                4630652.63109335
              ],
              [
                14269512.19310935,
                4630712.82636079
              ],
              [
                14269539.13242611,
                4630781.11434343
              ],
              [
                14269619.72773745,
                4630935.29636392
              ],
              [
                14269723.70014185,
                4631083.80167567
              ],
              [
                14269806.74448197,
                4631204.33959168
              ],
              [
                14270022.14769666,
                4631459.61772609
              ],
              [
                14270075.02445479,
                4631514.99034973
              ],
              [
                14270097.73363091,
                4631676.42454791
              ],
              [
                14270122.22391889,
                4631864.41268565
              ],
              [
                14270136.80677218,
                4632083.07390989
              ],
              [
                14270136.80677218,
                4632250.05470566
              ],
              [
                14270214.0624988,
                4632250.05470566
              ],
              [
                14270367.79471558,
                4632261.84001742
              ],
              [
                14270526.31367047,
                4632301.455803
              ],
              [
                14270670.69505003,
                4632365.77853291
              ],
              [
                14270999.75546481,
                4632489.88136172
              ],
              [
                14271214.71340153,
                4632541.28365891
              ],
              [
                14271467.07468717,
                4632589.5622938
              ],
              [
                14271668.00636805,
                4632605.60789033
              ],
              [
                14271812.3877476,
                4632605.60789033
              ],
              [
                14271862.70415744,
                4632597.08810144
              ],
              [
                14271926.49022566,
                4632528.50405824
              ],
              [
                14271939.95988405,
                4632494.28320584
              ],
              [
                14271960.10871189,
                4632438.62131593
              ],
              [
                14271973.57837028,
                4632378.55793118
              ],
              [
                14271993.72719811,
                4632310.1173392
              ],
              [
                14272027.23436483,
                4632245.79495775
              ],
              [
                14272094.47133728,
                4632160.17439928
              ],
              [
                14272121.29933456,
                4632095.85295653
              ],
              [
                14272161.59699022,
                4632005.97399905
              ],
              [
                14272242.19230155,
                4631873.21583983
              ],
              [
                14272339.596856,
                4631869.24022088
              ],
              [
                14272451.13898578,
                4631866.82645297
              ],
              [
                14272505.90817525,
                4631874.06775839
              ],
              [
                14272530.95506068,
                4631916.09582779
              ],
              [
                14272554.44347322,
                4631976.01452127
              ],
              [
                14272618.22954146,
                4632087.33359033
              ],
              [
                14272661.86678185,
                4632172.95354181
              ],
              [
                14272678.67602495,
                4632258.71619853
              ],
              [
                14272698.82485279,
                4632327.1564481
              ],
              [
                14272725.65285008,
                4632434.21949567
              ],
              [
                14272732.5546585,
                4632488.3194175
              ],
              [
                14272772.18439722,
                4632536.45580791
              ],
              [
                14272832.63088072,
                4632582.3204841
              ],
              [
                14272915.67522086,
                4632640.11310757
              ],
              [
                14272920.46195897,
                4632755.55733121
              ],
              [
                14272915.56390137,
                4632934.19313924
              ],
              [
                14272915.56390137,
                4633063.13093081
              ],
              [
                14272915.56390137,
                4633206.69682969
              ],
              [
                14272923.24494623,
                4633434.61714029
              ],
              [
                14272938.82967494,
                4633513.99991868
              ],
              [
                14272981.57635941,
                4633578.33024097
              ],
              [
                14273121.39363985,
                4633771.60765041
              ],
              [
                14273234.04896453,
                4633930.23701446
              ],
              [
                14273338.91192485,
                4634073.95704944
              ],
              [
                14273366.0738806,
                4634153.20275096
              ],
              [
                14273416.61292942,
                4634222.5077366
              ],
              [
                14273459.35961389,
                4634291.95520973
              ],
              [
                14273498.21011618,
                4634366.2318612
              ],
              [
                14273595.28071215,
                4634391.0855452
              ],
              [
                14273696.2474903,
                4634425.73878214
              ],
              [
                14273832.16858855,
                4634465.36291355
              ],
              [
                14273913.76577531,
                4634529.8412176
              ],
              [
                14273972.09718848,
                4634633.80268365
              ],
              [
                14273983.67441553,
                4634698.28204516
              ],
              [
                14273979.77823335,
                4634772.56163518
              ],
              [
                14273972.09718848,
                4634846.98378996
              ],
              [
                14273991.46677988,
                4634926.23545609
              ],
              [
                14274045.79069139,
                4634990.71665359
              ],
              [
                14274111.91446892,
                4635005.48773379
              ],
              [
                14274185.60797183,
                4635040.28507402
              ],
              [
                14274232.36215796,
                4635104.6249565
              ],
              [
                14274251.73174935,
                4635174.07839463
              ],
              [
                14274278.89370512,
                4635248.361426
              ],
              [
                14274337.11379879,
                4635302.90227295
              ],
              [
                14274352.6985275,
                4635362.41462132
              ],
              [
                14274372.17943839,
                4635456.58402992
              ],
              [
                14274413.81292795,
                4635584.41718804
              ],
              [
                14274438.08057694,
                4635689.5256435
              ],
              [
                14274453.1087082,
                4635740.51783582
              ],
              [
                14274455.33509802,
                4635821.48088976
              ],
              [
                14274473.14621654,
                4635857.98549306
              ],
              [
                14274554.63208381,
                4635887.67221165
              ],
              [
                14274636.22927056,
                4635922.47254128
              ],
              [
                14274694.44936424,
                4636016.64708595
              ],
              [
                14274752.78077741,
                4636120.62360455
              ],
              [
                14274795.52746189,
                4636199.88510053
              ],
              [
                14274853.74755556,
                4636254.43100155
              ],
              [
                14274923.65619578,
                4636294.20423705
              ],
              [
                14275028.51915611,
                4636304.00552232
              ],
              [
                14275152.86302733,
                4636323.89221682
              ],
              [
                14275222.77166755,
                4636333.83557852
              ],
              [
                14275339.32317441,
                4636338.80726298
              ],
              [
                14275420.80904166,
                4636373.46707296
              ],
              [
                14275525.78332148,
                4636348.60859082
              ],
              [
                14275580.10723299,
                4636348.60859082
              ],
              [
                14275642.22350885,
                4636358.55197645
              ],
              [
                14275723.82069561,
                4636343.63690162
              ],
              [
                14275766.56738007,
                4636373.46707296
              ],
              [
                14275832.57983811,
                4636432.84357669
              ],
              [
                14275877.66423188,
                4636457.13406355
              ],
              [
                14275910.39216218,
                4636484.97586187
              ],
              [
                14275927.86932222,
                4636515.65874744
              ],
              [
                14275960.70857202,
                4636602.02588062
              ],
              [
                14275976.29330072,
                4636685.6947337
              ],
              [
                14275995.66289212,
                4636763.82415946
              ],
              [
                14276028.39082242,
                4636808.4292255
              ],
              [
                14276069.57903401,
                4636844.36911713
              ],
              [
                14276139.48767423,
                4636893.94648638
              ],
              [
                14276181.34380277,
                4636917.10161477
              ],
              [
                14276201.60395009,
                4636948.35401811
              ],
              [
                14276205.50013227,
                4637007.87590396
              ],
              [
                14276174.33067485,
                4637126.77865185
              ],
              [
                14276135.59149205,
                4637240.85271385
              ],
              [
                14276092.84480758,
                4637300.37629553
              ],
              [
                14276022.93616736,
                4637394.56347949
              ],
              [
                14275956.92370933,
                4637473.8348108
              ],
              [
                14275875.32652258,
                4637553.10675421
              ],
              [
                14275857.96068202,
                4637580.66739407
              ],
              [
                14275855.95693118,
                4637617.60445012
              ],
              [
                14275887.01506911,
                4637667.18555351
              ],
              [
                14275902.48847832,
                4637726.5695398
              ],
              [
                14275933.54661627,
                4637801.01310831
              ],
              [
                14275980.18948291,
                4637890.23244742
              ],
              [
                14276027.94554445,
                4637950.89635813
              ],
              [
                14276046.20194094,
                4637994.37001348
              ],
              [
                14276088.94862541,
                4638093.39402685
              ],
              [
                14276114.66342779,
                4638175.65429947
              ],
              [
                14276127.79912769,
                4638262.03539894
              ],
              [
                14276252.14299891,
                4638316.59225735
              ],
              [
                14276353.10977706,
                4638341.31342928
              ],
              [
                14276411.32987075,
                4638321.56490209
              ],
              [
                14276442.27668919,
                4638333.92548661
              ],
              [
                14276466.76697716,
                4638362.62483218
              ],
              [
                14276485.13469315,
                4638367.45542299
              ],
              [
                14276575.63743916,
                4638394.5920195
              ],
              [
                14276643.43100905,
                4638476.42847267
              ],
              [
                14276704.10013153,
                4638522.03552918
              ],
              [
                14276811.07816219,
                4638626.6057446
              ],
              [
                14276950.11620618,
                4638781.47391757
              ],
              [
                14277057.20555633,
                4638936.20234319
              ],
              [
                14277160.62136327,
                4639077.29283062
              ],
              [
                14277228.30361368,
                4639159.27681446
              ],
              [
                14277353.20408235,
                4639223.07416311
              ],
              [
                14277477.99323153,
                4639250.3551103
              ],
              [
                14277613.46905183,
                4639304.91722225
              ],
              [
                14277745.4939679,
                4639368.71547622
              ],
              [
                14277920.26556845,
                4639455.24870836
              ],
              [
                14278130.65940605,
                4639600.8933163
              ],
              [
                14278284.05766437,
                4639751.08704262
              ],
              [
                14278398.16014242,
                4639842.17059068
              ],
              [
                14278572.93174297,
                4639946.89635566
              ],
              [
                14278672.78532621,
                4640056.17037596
              ],
              [
                14278758.39001463,
                4640229.10706171
              ],
              [
                14278858.24359787,
                4640356.57335397
              ],
              [
                14279004.51740877,
                4640511.46763506
              ],
              [
                14279090.12209719,
                4640648.03233058
              ],
              [
                14279150.56858069,
                4640812.31027265
              ],
              [
                14279293.39148739,
                4640921.16717444
              ],
              [
                14279600.07668452,
                4641053.18969248
              ],
              [
                14279853.32852608,
                4641112.45115986
              ],
              [
                14280056.59791626,
                4641185.21390929
              ],
              [
                14280189.95866624,
                4641270.05706368
              ],
              [
                14280288.69905456,
                4641369.53904284
              ],
              [
                14280334.78532376,
                4641513.07902702
              ],
              [
                14280402.57889365,
                4641663.30074523
              ],
              [
                14280523.80581912,
                4641977.53701517
              ],
              [
                14280573.78827049,
                4642241.61093915
              ],
              [
                14280630.78384978,
                4642569.50981997
              ],
              [
                14280695.01519597,
                4642806.30850735
              ],
              [
                14280744.88632783,
                4642979.43369602
              ],
              [
                14280801.99322662,
                4643147.87110515
              ],
              [
                14280787.74433179,
                4643416.52383621
              ],
              [
                14280823.36656885,
                4643580.56182091
              ],
              [
                14280901.95812935,
                4643698.83000252
              ],
              [
                14280959.17634761,
                4643864.7204832
              ],
              [
                14281052.68471988,
                4643970.9088575
              ],
              [
                14281213.76402306,
                4644143.34292404
              ],
              [
                14281380.0753423,
                4644262.89701669
              ],
              [
                14281540.26408955,
                4644336.53507058
              ],
              [
                14281636.55544909,
                4644418.56109289
              ],
              [
                14281668.72678194,
                4644582.47294352
              ],
              [
                14281693.66234787,
                4644714.54259379
              ],
              [
                14281700.78679528,
                4644819.31811188
              ],
              [
                14281690.10012416,
                4644969.73042866
              ],
              [
                14281725.72236122,
                4645133.65108968
              ],
              [
                14281786.3914837,
                4645329.56317492
              ],
              [
                14281847.83984262,
                4645484.10604572
              ],
              [
                14281914.74285659,
                4645666.51796961
              ],
              [
                14281978.97420278,
                4645866.99000006
              ],
              [
                14282018.15866352,
                4646090.21524209
              ],
              [
                14282025.28311094,
                4646277.0457095
              ],
              [
                14282057.45444378,
                4646477.38748982
              ],
              [
                14282103.76335196,
                4646691.52575837
              ],
              [
                14282175.11914555,
                4646796.32148141
              ],
              [
                14282278.53495249,
                4646864.71655411
              ],
              [
                14282392.74875005,
                4646946.62060958
              ],
              [
                14282528.22457034,
                4647042.31836448
              ],
              [
                14282648.22698142,
                4647130.48053408
              ],
              [
                14282793.72155589,
                4647216.79487663
              ],
              [
                14282882.10923158,
                4647283.05975797
              ],
              [
                14282908.15799242,
                4647362.83414262
              ],
              [
                14282888.45444255,
                4647443.3201581
              ],
              [
                14282799.28753042,
                4647497.92587119
              ],
              [
                14282692.30949978,
                4647570.87614493
              ],
              [
                14282581.76924542,
                4647625.48253756
              ],
              [
                14282492.37969431,
                4647668.14398422
              ],
              [
                14282476.7949656,
                4647860.6915227
              ],
              [
                14282449.74432934,
                4648021.81421468
              ],
              [
                14282419.57674734,
                4648212.51963252
              ],
              [
                14282388.4072899,
                4648318.75304846
              ],
              [
                14282378.38853573,
                4648431.95613328
              ],
              [
                14282385.62430264,
                4648532.21870356
              ],
              [
                14282377.94325777,
                4648637.45990341
              ],
              [
                14282381.95075944,
                4648737.29782433
              ],
              [
                14282476.7949656,
                4648849.93664637
              ],
              [
                14282549.48659308,
                4648962.86115263
              ],
              [
                14282592.45591653,
                4649051.60874112
              ],
              [
                14282628.07815358,
                4649179.1847461
              ],
              [
                14282643.10628484,
                4649314.72710241
              ],
              [
                14282660.24948643,
                4649425.23882881
              ],
              [
                14282681.62282866,
                4649525.51111766
              ],
              [
                14282724.36951312,
                4649625.78438773
              ],
              [
                14282759.99175017,
                4649716.9556878
              ],
              [
                14282759.99175017,
                4649821.78235051
              ],
              [
                14282759.99175017,
                4649894.60693203
              ],
              [
                14282799.28753042,
                4649994.88381415
              ],
              [
                14282820.66087267,
                4650095.16167767
              ],
              [
                14282813.53642525,
                4650186.33715433
              ],
              [
                14282763.55397388,
                4650363.99653708
              ],
              [
                14282735.05618425,
                4650546.35308653
              ],
              [
                14282745.74285536,
                4650628.42881735
              ],
              [
                14282771.7916162,
                4650705.52654987
              ],
              [
                14282821.88538706,
                4650769.53802323
              ],
              [
                14282868.19429523,
                4650828.71342993
              ],
              [
                14282941.44252017,
                4650902.54091895
              ],
              [
                14283064.78451597,
                4651045.36092418
              ],
              [
                14283191.91137446,
                4651193.16181087
              ],
              [
                14283303.7874627,
                4651326.17020653
              ],
              [
                14283454.18009476,
                4651528.17556505
              ],
              [
                14283585.20313543,
                4651725.20575574
              ],
              [
                14283658.45136037,
                4651858.22105982
              ],
              [
                14283735.484448,
                4652055.39986506
              ],
              [
                14283766.31994695,
                4652316.46133776
              ],
              [
                14283770.21612913,
                4652523.32349137
              ],
              [
                14283774.11231131,
                4652735.31173845
              ],
              [
                14283781.79335616,
                4652927.38541553
              ],
              [
                14283808.73267294,
                4653094.99042644
              ],
              [
                14283835.7833092,
                4653257.47600122
              ],
              [
                14283835.7833092,
                4653375.7136223
              ],
              [
                14283793.37058322,
                4653503.9126336
              ],
              [
                14283747.06167504,
                4653602.37511705
              ],
              [
                14283689.28685932,
                4653691.16290809
              ],
              [
                14283662.23622305,
                4653774.82903106
              ],
              [
                14283639.19308846,
                4653903.03303895
              ],
              [
                14283681.60581445,
                4654060.69344241
              ],
              [
                14283685.39067714,
                4654134.54423156
              ],
              [
                14283654.55517819,
                4654277.55160927
              ],
              [
                14283608.24627002,
                4654469.65421534
              ],
              [
                14283581.30695325,
                4654617.50452728
              ],
              [
                14283562.04868134,
                4654780.15656671
              ],
              [
                14283573.62590839,
                4654937.83047647
              ],
              [
                14283577.52209057,
                4655080.70676613
              ],
              [
                14283562.04868134,
                4655198.9654423
              ],
              [
                14283523.53213753,
                4655499.67025057
              ],
              [
                14283484.90427422,
                4655750.9996444
              ],
              [
                14283481.11941153,
                4655820.02380253
              ],
              [
                14283488.8004564,
                4655933.30982131
              ],
              [
                14283523.53213753,
                4656056.55960235
              ],
              [
                14283562.04868134,
                4656209.41416353
              ],
              [
                14283588.98799812,
                4656455.77953132
              ],
              [
                14283608.24627002,
                4656726.91638263
              ],
              [
                14283608.24627002,
                4657012.72090218
              ],
              [
                14283604.46140733,
                4657278.89065472
              ],
              [
                14283600.56522516,
                4657446.56691894
              ],
              [
                14283604.46140733,
                4657579.65657151
              ],
              [
                14283635.29690628,
                4657702.78383409
              ],
              [
                14283666.13240523,
                4657791.60719532
              ],
              [
                14283677.70963228,
                4657875.30683736
              ],
              [
                14283670.02858741,
                4657944.3453226
              ],
              [
                14283654.55517819,
                4658087.40593431
              ],
              [
                14283650.65899601,
                4658245.13079728
              ],
              [
                14283646.87413332,
                4658388.05325997
              ],
              [
                14283658.45136037,
                4658871.21429386
              ],
              [
                14283650.65899601,
                4659093.01477183
              ],
              [
                14283650.65899601,
                4659309.97958319
              ],
              [
                14283642.97795115,
                4659526.80662558
              ],
              [
                14283642.97795115,
                4659763.57048944
              ],
              [
                14283654.55517819,
                4659921.32119248
              ],
              [
                14283750.95785722,
                4660162.93506271
              ],
              [
                14283831.88712702,
                4660340.34051215
              ],
              [
                14283897.4543071,
                4660591.93120406
              ],
              [
                14283920.60876119,
                4660828.57733233
              ],
              [
                14283909.03153415,
                4661085.02134526
              ],
              [
                14283870.51499033,
                4661331.50413229
              ],
              [
                14283797.26676538,
                4661568.16737165
              ],
              [
                14283727.80340314,
                4661721.10429108
              ],
              [
                14283631.4007241,
                4661913.3466796
              ],
              [
                14283689.28685932,
                4661977.57068279
              ],
              [
                14283785.57821885,
                4662174.80212713
              ],
              [
                14283866.61880815,
                4662307.95330341
              ],
              [
                14283893.55812493,
                4662401.65859298
              ],
              [
                14283866.61880815,
                4662485.53837224
              ],
              [
                14283754.8540394,
                4662608.72469419
              ],
              [
                14283642.97795115,
                4662722.22831821
              ],
              [
                14283542.79040944,
                4662825.76409027
              ],
              [
                14283477.22322936,
                4662939.12770595
              ],
              [
                14283438.70668555,
                4663042.80809295
              ],
              [
                14283411.65604928,
                4663215.42117909
              ],
              [
                14283388.61291469,
                4663481.7523666
              ],
              [
                14283388.61291469,
                4663604.95069034
              ],
              [
                14283346.20018869,
                4663669.1853184
              ],
              [
                14283311.46850756,
                4663723.45036299
              ],
              [
                14283346.20018869,
                4663787.5433063
              ],
              [
                14283377.03568765,
                4663851.63665138
              ],
              [
                14283804.94781026,
                4663629.73296023
              ],
              [
                14283878.1960352,
                4663614.92056181
              ],
              [
                14284020.7963029,
                4663654.37286284
              ],
              [
                14284132.56107166,
                4663713.4803857
              ],
              [
                14284298.31579344,
                4663841.80897906
              ],
              [
                14284464.07051524,
                4664009.45042252
              ],
              [
                14284618.35932948,
                4664098.3285644
              ],
              [
                14284787.89891396,
                4664177.23704939
              ],
              [
                14284930.61050116,
                4664265.97421401
              ],
              [
                14285069.31458668,
                4664364.68275143
              ],
              [
                14285208.1299917,
                4664374.51092638
              ],
              [
                14285323.79094264,
                4664413.96615857
              ],
              [
                14285397.03916759,
                4664497.86244721
              ],
              [
                14285520.38116338,
                4664586.6023948
              ],
              [
                14285639.93829649,
                4664670.50010018
              ],
              [
                14285798.01197342,
                4664764.22704368
              ],
              [
                14285882.72610591,
                4664843.14066852
              ],
              [
                14285952.07814867,
                4664936.86919487
              ],
              [
                14286006.06810171,
                4664976.32659749
              ],
              [
                14286071.63528178,
                4664981.16975488
              ],
              [
                14286164.14177864,
                4664922.05490252
              ],
              [
                14286233.60514088,
                4664872.62660164
              ],
              [
                14286302.95718365,
                4664857.81240239
              ],
              [
                14286383.88645345,
                4664838.15513268
              ],
              [
                14286457.1346784,
                4664798.69826336
              ],
              [
                14286507.22844926,
                4664823.34098338
              ],
              [
                14286484.07399517,
                4664872.62660164
              ],
              [
                14286453.34981571,
                4664941.71233356
              ],
              [
                14286453.34981571,
                4665020.62732849
              ],
              [
                14286472.60808762,
                4665143.98664571
              ],
              [
                14286530.38290335,
                4665237.71793052
              ],
              [
                14286565.11458448,
                4665301.82036788
              ],
              [
                14286599.7349461,
                4665390.56729467
              ],
              [
                14286661.40594401,
                4665494.27254491
              ],
              [
                14286696.13762514,
                4665602.82229922
              ],
              [
                14286746.231396,
                4665765.50663537
              ],
              [
                14286831.05684798,
                4665849.41401702
              ],
              [
                14286946.71779892,
                4665987.59915189
              ],
              [
                14287070.05979471,
                4666076.35203308
              ],
              [
                14287204.97901755,
                4666145.44590107
              ],
              [
                14287401.56923829,
                4666204.56782905
              ],
              [
                14287571.22014226,
                4666249.01634709
              ],
              [
                14287764.02550032,
                4666268.81879398
              ],
              [
                14287983.77017515,
                4666288.47881517
              ],
              [
                14288149.52489694,
                4666303.29508802
              ],
              [
                14288230.45416675,
                4666318.11138233
              ],
              [
                14288307.48725437,
                4666367.40420844
              ],
              [
                14288507.97365729,
                4666604.18404522
              ],
              [
                14288669.94351639,
                4666841.11183962
              ],
              [
                14288733.67392488,
                4666896.17732412
              ],
              [
                14288744.19773558,
                4666824.33836786
              ],
              [
                14288759.60958511,
                4666719.13194892
              ],
              [
                14288772.85371022,
                4666675.0617797
              ],
              [
                14288847.02020964,
                4666505.56286701
              ],
              [
                14288958.2699031,
                4666224.20108604
              ],
              [
                14289048.32926359,
                4666014.03218663
              ],
              [
                14289159.57906838,
                4665749.63226251
              ],
              [
                14289270.82876186,
                4665481.84965461
              ],
              [
                14289344.99526128,
                4665332.70791472
              ],
              [
                14289586.03646789,
                4664919.19004877
              ]
            ]
          ]
        ]
      },
      "geometry_name": "ag_geom",
      "properties": {
        "prohibited": "<FNT name='TW Cen MT' size='8'><CLR red='13' green='23' blue='110'>RK P518\r\n<UND></UND></CLR></FNT>",
        "prh_lbl_1": "RK P518",
        "prh_lbl_2": "UNL",
        "prh_lbl_3": "GND",
        "prh_lbl_4": "비행금지구역",
        "prh_typ": "1"
      },
      "bbox": [
        14044660.62532379,
        4527756.84323621,
        14316033.77293636,
        4666896.17732412
      ]
    },
    {
      "type": "Feature",
      "id": "lt_c_aisprhc.6",
      "geometry": {
        "type": "MultiPolygon",
        "coordinates": [
          [
            [
              [
                14393610.15957027,
                4211554.15398773
              ],
              [
                14393853.67095638,
                4211547.60283373
              ],
              [
                14394096.40310605,
                4211527.88115405
              ],
              [
                14394337.79942184,
                4211495.12550107
              ],
              [
                14394577.0806673,
                4211449.40423151
              ],
              [
                14394813.5789255,
                4211390.8539871
              ],
              [
                14395046.57061972,
                4211319.61145174
              ],
              [
                14395275.4434928,
                4211235.8815892
              ],
              [
                14395499.52962777,
                4211139.93763857
              ],
              [
                14395718.10544794,
                4211032.05287062
              ],
              [
                14395930.67001561,
                4210912.56882206
              ],
              [
                14396136.44409433,
                4210781.75881568
              ],
              [
                14396334.98240616,
                4210640.03266788
              ],
              [
                14396525.6726939,
                4210487.80020723
              ],
              [
                14396707.90270032,
                4210325.53950407
              ],
              [
                14396881.22714748,
                4210153.66039632
              ],
              [
                14397045.14509769,
                4209972.70918505
              ],
              [
                14397199.09995344,
                4209783.16392856
              ],
              [
                14397342.70209657,
                4209585.57090211
              ],
              [
                14397475.5062491,
                4209380.54458802
              ],
              [
                14397597.23411227,
                4209168.69943881
              ],
              [
                14397707.38474842,
                4208950.51342296
              ],
              [
                14397805.79117827,
                4208726.80560126
              ],
              [
                14397892.00812389,
                4208498.05386564
              ],
              [
                14397965.92426578,
                4208265.00895923
              ],
              [
                14398027.2613052,
                4208028.28512855
              ],
              [
                14398075.90792268,
                4207788.6330073
              ],
              [
                14398111.64147923,
                4207546.66673394
              ],
              [
                14398134.35065534,
                4207303.20503948
              ],
              [
                14398144.0911108,
                4207058.79372997
              ],
              [
                14398140.69586633,
                4206814.25141101
              ],
              [
                14398124.27624143,
                4206570.26019492
              ],
              [
                14398094.83223612,
                4206327.50213377
              ],
              [
                14398052.47516988,
                4206086.65921992
              ],
              [
                14397997.26070244,
                4205848.48159289
              ],
              [
                14397929.46713254,
                4205613.65112462
              ],
              [
                14397849.20577968,
                4205382.78142866
              ],
              [
                14397756.69928284,
                4205156.62247434
              ],
              [
                14397652.28160047,
                4204935.71957417
              ],
              [
                14397536.17537158,
                4204720.82260086
              ],
              [
                14397408.77021436,
                4204512.40858715
              ],
              [
                14397270.45574705,
                4204311.22732627
              ],
              [
                14397121.56592811,
                4204117.82398446
              ],
              [
                14396962.54603551,
                4203932.67551139
              ],
              [
                14396793.89700697,
                4203756.39522852
              ],
              [
                14396616.00846067,
                4203589.4600547
              ],
              [
                14396429.5483136,
                4203432.41509383
              ],
              [
                14396234.90618395,
                4203285.53268414
              ],
              [
                14396032.74998866,
                4203149.42612315
              ],
              [
                14395823.58066546,
                4203024.43595463
              ],
              [
                14395608.06613128,
                4202910.8345521
              ],
              [
                14395386.76298358,
                4202809.03068685
              ],
              [
                14395160.39479906,
                4202719.29677885
              ],
              [
                14394929.51817516,
                4202641.90527824
              ],
              [
                14394694.85668856,
                4202577.12866832
              ],
              [
                14394457.07825622,
                4202525.03491245
              ],
              [
                14394216.85079509,
                4202485.82838655
              ],
              [
                14393974.89788186,
                4202459.6453233
              ],
              [
                14393731.83177372,
                4202446.48563007
              ],
              [
                14393488.48736683,
                4202446.48563007
              ],
              [
                14393245.42125869,
                4202459.6453233
              ],
              [
                14393003.46834544,
                4202485.82838655
              ],
              [
                14392763.24088431,
                4202525.03491245
              ],
              [
                14392525.46245198,
                4202577.12866832
              ],
              [
                14392290.80096539,
                4202641.90527824
              ],
              [
                14392059.92434149,
                4202719.29677885
              ],
              [
                14391833.55615695,
                4202809.03068685
              ],
              [
                14391612.25300926,
                4202910.8345521
              ],
              [
                14391396.73847508,
                4203024.43595463
              ],
              [
                14391187.56915189,
                4203149.42612315
              ],
              [
                14390985.4129566,
                4203285.53268414
              ],
              [
                14390790.77082695,
                4203432.41509383
              ],
              [
                14390604.31067988,
                4203589.4600547
              ],
              [
                14390426.42213358,
                4203756.39522852
              ],
              [
                14390257.77310504,
                4203932.67551139
              ],
              [
                14390098.75321243,
                4204117.82398446
              ],
              [
                14389949.8633935,
                4204311.22732627
              ],
              [
                14389811.54892619,
                4204512.40858715
              ],
              [
                14389684.14376897,
                4204720.82260086
              ],
              [
                14389568.03754008,
                4204935.71957417
              ],
              [
                14389463.61985771,
                4205156.62247434
              ],
              [
                14389371.11336087,
                4205382.78142866
              ],
              [
                14389290.85200801,
                4205613.65112462
              ],
              [
                14389223.05843811,
                4205848.48159289
              ],
              [
                14389167.84397068,
                4206086.65921992
              ],
              [
                14389125.48690443,
                4206327.50213377
              ],
              [
                14389096.04289912,
                4206570.26019492
              ],
              [
                14389079.62327422,
                4206814.25141101
              ],
              [
                14389076.22802976,
                4207058.79372997
              ],
              [
                14389085.9684852,
                4207303.20503948
              ],
              [
                14389108.67766132,
                4207546.66673394
              ],
              [
                14389144.41121787,
                4207788.6330073
              ],
              [
                14389193.05783535,
                4208028.28512855
              ],
              [
                14389254.39487477,
                4208265.00895923
              ],
              [
                14389328.31101666,
                4208498.05386564
              ],
              [
                14389414.52796227,
                4208726.80560126
              ],
              [
                14389512.93439213,
                4208950.51342296
              ],
              [
                14389623.08502827,
                4209168.69943881
              ],
              [
                14389744.81289146,
                4209380.54458802
              ],
              [
                14389877.61704398,
                4209585.57090211
              ],
              [
                14390021.21918709,
                4209783.16392856
              ],
              [
                14390175.17404287,
                4209972.70918505
              ],
              [
                14390339.09199305,
                4210153.66039632
              ],
              [
                14390512.41644022,
                4210325.53950407
              ],
              [
                14390694.64644665,
                4210487.80020723
              ],
              [
                14390885.33673438,
                4210640.03266788
              ],
              [
                14391083.87504621,
                4210781.75881568
              ],
              [
                14391289.64912494,
                4210912.56882206
              ],
              [
                14391502.21369262,
                4211032.05287062
              ],
              [
                14391720.78951278,
                4211139.93763857
              ],
              [
                14391944.87564776,
                4211235.8815892
              ],
              [
                14392173.74852082,
                4211319.61145174
              ],
              [
                14392406.74021506,
                4211390.8539871
              ],
              [
                14392643.23847325,
                4211449.40423151
              ],
              [
                14392882.51971871,
                4211495.12550107
              ],
              [
                14393123.91603448,
                4211527.88115405
              ],
              [
                14393366.64818416,
                4211547.60283373
              ],
              [
                14393610.15957027,
                4211554.15398773
              ]
            ]
          ]
        ]
      },
      "geometry_name": "ag_geom",
      "properties": {
        "prohibited": "<FNT name='TW Cen MT' size='6'><CLR cyan='10' magenta='100' yellow='100' black='0'>P61A<UND>UNL</UND>GND </CLR></FNT>",
        "prh_lbl_1": "P61A",
        "prh_lbl_2": "UNL",
        "prh_lbl_3": "GND",
        "prh_lbl_4": "비행금지구역",
        "prh_typ": "1"
      },
      "bbox": [
        14389076.22802976,
        4202446.48563007,
        14398144.0911108,
        4211554.15398773
      ]
    },
    {
      "type": "Feature",
      "id": "lt_c_aisprhc.7",
      "geometry": {
        "type": "MultiPolygon",
        "coordinates": [
          [
            [
              [
                14415886.85947037,
                4211253.76028396
              ],
              [
                14415931.05330821,
                4211011.85444822
              ],
              [
                14415972.63113802,
                4210769.47626568
              ],
              [
                14416011.5929598,
                4210526.69400221
              ],
              [
                14416047.99443329,
                4210283.50768438
              ],
              [
                14416081.72423901,
                4210039.91733884
              ],
              [
                14416112.89369642,
                4209795.99122254
              ],
              [
                14416141.39148607,
                4209551.72935766
              ],
              [
                14416167.27326767,
                4209307.19999369
              ],
              [
                14416190.53904125,
                4209062.4031483
              ],
              [
                14416211.13314705,
                4208817.40706346
              ],
              [
                14416229.11124481,
                4208572.14352958
              ],
              [
                14416244.47333454,
                4208326.74900683
              ],
              [
                14416257.16375649,
                4208081.22350386
              ],
              [
                14416267.23817041,
                4207835.56702928
              ],
              [
                14416274.64091654,
                4207589.77959171
              ],
              [
                14416279.42765465,
                4207343.99763012
              ],
              [
                14416281.59838472,
                4207098.08471674
              ],
              [
                14416281.09744702,
                4206852.24549656
              ],
              [
                14416277.92484153,
                4206606.41175393
              ],
              [
                14416272.136228,
                4206360.65169745
              ],
              [
                14416263.73160645,
                4206114.96532207
              ],
              [
                14416252.65531712,
                4205869.35262275
              ],
              [
                14416238.96301975,
                4205623.9500035
              ],
              [
                14416222.59905461,
                4205378.68924718
              ],
              [
                14416203.61908142,
                4205133.57034421
              ],
              [
                14416182.02310021,
                4204888.72968498
              ],
              [
                14416157.75545121,
                4204644.16725086
              ],
              [
                14416130.92745394,
                4204399.81482628
              ],
              [
                14416101.42778888,
                4204155.80878806
              ],
              [
                14416069.31211578,
                4203912.14911314
              ],
              [
                14416034.58043465,
                4203668.83577845
              ],
              [
                14415997.28840524,
                4203425.93695193
              ],
              [
                14415957.32470805,
                4203183.45260609
              ],
              [
                14415914.80066256,
                4202941.45090148
              ],
              [
                14415869.66060905,
                4202699.93180622
              ],
              [
                14415821.90454749,
                4202458.89528856
              ],
              [
                14415771.58813765,
                4202218.34131675
              ],
              [
                14415718.71137953,
                4201978.40622317
              ],
              [
                14415663.2742731,
                4201739.08996738
              ],
              [
                14415605.22115866,
                4201500.39250903
              ],
              [
                14415544.60769593,
                4201262.31380787
              ],
              [
                14415481.48954464,
                4201024.92199992
              ],
              [
                14415415.81104508,
                4200788.21704077
              ],
              [
                14415347.57219722,
                4200552.26705936
              ],
              [
                14415276.82866082,
                4200317.00383544
              ],
              [
                14415203.52477614,
                4200082.63183596
              ],
              [
                14415127.71620291,
                4199849.01466635
              ],
              [
                14415049.45860088,
                4199616.22044604
              ],
              [
                14414968.64065056,
                4199384.3172889
              ],
              [
                14414885.37367144,
                4199153.30513874
              ],
              [
                14414799.65766353,
                4198923.25210271
              ],
              [
                14414711.43696708,
                4198694.08995905
              ],
              [
                14414620.76724183,
                4198465.95497292
              ],
              [
                14414527.64848778,
                4198238.77892166
              ],
              [
                14414432.13636468,
                4198012.62990356
              ],
              [
                14414334.17521279,
                4197787.50785549
              ],
              [
                14414233.82069183,
                4197563.54902412
              ],
              [
                14414131.01714208,
                4197340.61703186
              ],
              [
                14414025.87588304,
                4197118.84812054
              ],
              [
                14413918.34125492,
                4196898.24222005
              ],
              [
                14413808.46891751,
                4196678.79926067
              ],
              [
                14413696.25887079,
                4196460.58732102
              ],
              [
                14413581.71111477,
                4196243.60632811
              ],
              [
                14413464.82564944,
                4196027.85620938
              ],
              [
                14413345.60247479,
                4195813.40503664
              ],
              [
                14413224.09725059,
                4195600.25273423
              ],
              [
                14413100.36563658,
                4195388.39922695
              ],
              [
                14412974.29631326,
                4195177.98072018
              ],
              [
                14412846.05625986,
                4194968.92899313
              ],
              [
                14412715.5341569,
                4194761.24396823
              ],
              [
                14412582.78566413,
                4194554.99370459
              ],
              [
                14412447.86644129,
                4194350.17812188
              ],
              [
                14412310.72082863,
                4194146.9334077
              ],
              [
                14412171.40448591,
                4193945.12321046
              ],
              [
                14412029.97307285,
                4193744.81558278
              ],
              [
                14411886.37092972,
                4193546.07857298
              ],
              [
                14411740.65371628,
                4193348.91209629
              ],
              [
                14411592.82143251,
                4193153.31606869
              ],
              [
                14411442.92973815,
                4192959.35853317
              ],
              [
                14411290.97863322,
                4192767.0394035
              ],
              [
                14411136.91245796,
                4192576.42671818
              ],
              [
                14410980.84253187,
                4192387.45226607
              ],
              [
                14410822.76885495,
                4192200.18408489
              ],
              [
                14410662.69142719,
                4192014.62208792
              ],
              [
                14410500.6102486,
                4191830.83430871
              ],
              [
                14410336.63663866,
                4191648.75254044
              ],
              [
                14410170.65927788,
                4191468.51293328
              ],
              [
                14410002.78948576,
                4191290.11539714
              ],
              [
                14409832.97160256,
                4191113.49172786
              ],
              [
                14409661.31694776,
                4190938.77806832
              ],
              [
                14409487.76986161,
                4190765.90621514
              ],
              [
                14409312.38600386,
                4190594.94419378
              ],
              [
                14409135.22103427,
                4190425.82380488
              ],
              [
                14408956.21929307,
                4190258.68118352
              ],
              [
                14408775.43644002,
                4190093.51624002
              ],
              [
                14408592.87247512,
                4189930.26077807
              ],
              [
                14408408.63871786,
                4189769.05092663
              ],
              [
                14408222.62384875,
                4189609.8184905
              ],
              [
                14408034.93918726,
                4189452.63148911
              ],
              [
                14407845.58473342,
                4189297.48983528
              ],
              [
                14407654.56048722,
                4189144.39344297
              ],
              [
                14407461.9221084,
                4188993.34222729
              ],
              [
                14407267.66959698,
                4188844.4723066
              ],
              [
                14407071.85861266,
                4188697.64739256
              ],
              [
                14406874.43349575,
                4188552.93550304
              ],
              [
                14406675.5055657,
                4188410.40465351
              ],
              [
                14406475.07482252,
                4188270.05475973
              ],
              [
                14406273.14126622,
                4188131.88573873
              ],
              [
                14406069.7048968,
                4187995.89750883
              ],
              [
                14405864.87703374,
                4187862.08998963
              ],
              [
                14405658.6020173,
                4187730.59929049
              ],
              [
                14405450.93550723,
                4187601.28914199
              ],
              [
                14405241.87750351,
                4187474.22756036
              ],
              [
                14405031.48366591,
                4187349.41446817
              ],
              [
                14404819.80965418,
                4187226.91788047
              ],
              [
                14404606.74414879,
                4187106.73772037
              ],
              [
                14404392.45412901,
                4186988.87391244
              ],
              [
                14404176.93959484,
                4186873.32638267
              ],
              [
                14403960.20054627,
                4186760.09505856
              ],
              [
                14403742.2369833,
                4186649.24795661
              ],
              [
                14403523.04890592,
                4186540.71691831
              ],
              [
                14403302.8032934,
                4186434.63804804
              ],
              [
                14403081.3888262,
                4186330.94318971
              ],
              [
                14402858.86116411,
                4186229.63227635
              ],
              [
                14402635.27596685,
                4186130.70524253
              ],
              [
                14402410.68889418,
                4186034.23010812
              ],
              [
                14402185.04428634,
                4185940.20680907
              ],
              [
                14401958.39780307,
                4185848.6352829
              ],
              [
                14401730.74944441,
                4185759.44738671
              ],
              [
                14401502.2105298,
                4185672.84730757
              ],
              [
                14401272.78105929,
                4185588.63074168
              ],
              [
                14401042.40537308,
                4185506.93379571
              ],
              [
                14400811.19479071,
                4185427.75641392
              ],
              [
                14400579.14931215,
                4185351.09854226
              ],
              [
                14400346.32459716,
                4185276.89204931
              ],
              [
                14400112.66498599,
                4185205.27304315
              ],
              [
                14399878.28179811,
                4185136.17339533
              ],
              [
                14399643.17503356,
                4185069.5930587
              ],
              [
                14399407.34469232,
                4185005.53198783
              ],
              [
                14399170.84643412,
                4184944.12629316
              ],
              [
                14398933.73591874,
                4184885.17170038
              ],
              [
                14398696.01314614,
                4184828.87239947
              ],
              [
                14398457.67811635,
                4184775.09219787
              ],
              [
                14398218.78648912,
                4184723.96721031
              ],
              [
                14397979.33826442,
                4184675.3612492
              ],
              [
                14397739.38910202,
                4184629.34235651
              ],
              [
                14397498.99466164,
                4184585.97857488
              ],
              [
                14397258.09928357,
                4184545.2017985
              ],
              [
                14397016.81428728,
                4184507.01199881
              ],
              [
                14396775.13967276,
                4184471.47722321
              ],
              [
                14396533.13109978,
                4184438.52937221
              ],
              [
                14396290.73290858,
                4184408.1684227
              ],
              [
                14396048.0007589,
                4184380.53050065
              ],
              [
                14395805.04597024,
                4184355.4113653
              ],
              [
                14395561.81288286,
                4184333.01521948
              ],
              [
                14395318.3571565,
                4184313.20590027
              ],
              [
                14395074.67879116,
                4184296.05146689
              ],
              [
                14394830.83344656,
                4184281.48383401
              ],
              [
                14394586.87678249,
                4184269.57106435
              ],
              [
                14394342.80879893,
                4184260.31314934
              ],
              [
                14394098.62949588,
                4184253.71008233
              ],
              [
                14393854.39453307,
                4184249.76185858
              ],
              [
                14393610.15957027,
                4184248.46847524
              ],
              [
                14393365.92460748,
                4184249.76185858
              ],
              [
                14393121.68964467,
                4184253.71008233
              ],
              [
                14392877.51034162,
                4184260.31314934
              ],
              [
                14392633.44235806,
                4184269.57106435
              ],
              [
                14392389.48569398,
                4184281.48383401
              ],
              [
                14392145.64034939,
                4184296.05146689
              ],
              [
                14391901.96198405,
                4184313.20590027
              ],
              [
                14391658.50625769,
                4184333.01521948
              ],
              [
                14391415.27317031,
                4184355.4113653
              ],
              [
                14391172.31838165,
                4184380.53050065
              ],
              [
                14390929.58623198,
                4184408.1684227
              ],
              [
                14390687.18804077,
                4184438.52937221
              ],
              [
                14390445.17946778,
                4184471.47722321
              ],
              [
                14390203.50485327,
                4184507.01199881
              ],
              [
                14389962.21985698,
                4184545.2017985
              ],
              [
                14389721.32447891,
                4184585.97857488
              ],
              [
                14389480.93003853,
                4184629.34235651
              ],
              [
                14389240.98087613,
                4184675.3612492
              ],
              [
                14389001.53265143,
                4184723.96721031
              ],
              [
                14388762.64102418,
                4184775.09219787
              ],
              [
                14388524.30599441,
                4184828.87239947
              ],
              [
                14388286.58322181,
                4184885.17170038
              ],
              [
                14388049.47270643,
                4184944.12629316
              ],
              [
                14387812.97444823,
                4185005.53198783
              ],
              [
                14387577.14410698,
                4185069.5930587
              ],
              [
                14387342.03734243,
                4185136.17339533
              ],
              [
                14387107.65415456,
                4185205.27304315
              ],
              [
                14386873.9945434,
                4185276.89204931
              ],
              [
                14386641.1698284,
                4185351.09854226
              ],
              [
                14386409.12434984,
                4185427.75641392
              ],
              [
                14386177.91376746,
                4185506.93379571
              ],
              [
                14385947.53808126,
                4185588.63074168
              ],
              [
                14385718.10861074,
                4185672.84730757
              ],
              [
                14385489.56969614,
                4185759.44738671
              ],
              [
                14385261.92133746,
                4185848.6352829
              ],
              [
                14385035.27485421,
                4185940.20680907
              ],
              [
                14384809.63024637,
                4186034.23010812
              ],
              [
                14384585.0431737,
                4186130.70524253
              ],
              [
                14384361.45797644,
                4186229.63227635
              ],
              [
                14384138.93031434,
                4186330.94318971
              ],
              [
                14383917.51584716,
                4186434.63804804
              ],
              [
                14383697.27023463,
                4186540.71691831
              ],
              [
                14383478.08215725,
                4186649.24795661
              ],
              [
                14383260.11859428,
                4186760.09505856
              ],
              [
                14383043.3795457,
                4186873.32638267
              ],
              [
                14382827.86501152,
                4186988.87391244
              ],
              [
                14382613.57499176,
                4187106.73772037
              ],
              [
                14382400.50948637,
                4187226.91788047
              ],
              [
                14382188.83547462,
                4187349.41446817
              ],
              [
                14381978.44163702,
                4187474.22756036
              ],
              [
                14381769.38363332,
                4187601.28914199
              ],
              [
                14381561.71712325,
                4187730.59929049
              ],
              [
                14381355.44210681,
                4187862.08998963
              ],
              [
                14381150.61424375,
                4187995.89750883
              ],
              [
                14380947.17787432,
                4188131.88573873
              ],
              [
                14380745.24431802,
                4188270.05475973
              ],
              [
                14380544.81357485,
                4188410.40465351
              ],
              [
                14380345.8856448,
                4188552.93550304
              ],
              [
                14380148.46052787,
                4188697.64739256
              ],
              [
                14379952.64954357,
                4188844.4723066
              ],
              [
                14379758.39703214,
                4188993.34222729
              ],
              [
                14379565.75865333,
                4189144.39344297
              ],
              [
                14379374.73440712,
                4189297.48983528
              ],
              [
                14379185.37995329,
                4189452.63148911
              ],
              [
                14378997.6952918,
                4189609.8184905
              ],
              [
                14378811.68042269,
                4189769.05092663
              ],
              [
                14378627.44666542,
                4189930.26077807
              ],
              [
                14378444.88270052,
                4190093.51624002
              ],
              [
                14378264.09984748,
                4190258.68118352
              ],
              [
                14378085.09810628,
                4190425.82380488
              ],
              [
                14377907.93313668,
                4190594.94419378
              ],
              [
                14377732.54927894,
                4190765.90621514
              ],
              [
                14377559.00219279,
                4190938.77806832
              ],
              [
                14377387.34753799,
                4191113.49172786
              ],
              [
                14377217.52965479,
                4191290.11539714
              ],
              [
                14377049.65986267,
                4191468.51293328
              ],
              [
                14376883.68250189,
                4191648.75254044
              ],
              [
                14376719.70889195,
                4191830.83430871
              ],
              [
                14376557.62771336,
                4192014.62208792
              ],
              [
                14376397.5502856,
                4192200.18408489
              ],
              [
                14376239.47660867,
                4192387.45226607
              ],
              [
                14376083.40668258,
                4192576.42671818
              ],
              [
                14375929.34050733,
                4192767.0394035
              ],
              [
                14375777.38940239,
                4192959.35853317
              ],
              [
                14375627.49770804,
                4193153.31606869
              ],
              [
                14375479.66542426,
                4193348.91209629
              ],
              [
                14375333.94821081,
                4193546.07857298
              ],
              [
                14375190.3460677,
                4193744.81558278
              ],
              [
                14375048.91465464,
                4193945.12321046
              ],
              [
                14374909.59831192,
                4194146.9334077
              ],
              [
                14374772.45269925,
                4194350.17812188
              ],
              [
                14374637.53347641,
                4194554.99370459
              ],
              [
                14374504.78498364,
                4194761.24396823
              ],
              [
                14374374.26288069,
                4194968.92899313
              ],
              [
                14374246.02282729,
                4195177.98072018
              ],
              [
                14374119.95350398,
                4195388.39922695
              ],
              [
                14373996.22188995,
                4195600.25273423
              ],
              [
                14373874.71666575,
                4195813.40503664
              ],
              [
                14373755.49349111,
                4196027.85620938
              ],
              [
                14373638.60802578,
                4196243.60632811
              ],
              [
                14373524.06026976,
                4196460.58732102
              ],
              [
                14373411.85022303,
                4196678.79926067
              ],
              [
                14373301.97788561,
                4196898.24222005
              ],
              [
                14373194.44325751,
                4197118.84812054
              ],
              [
                14373089.30199847,
                4197340.61703186
              ],
              [
                14372986.49844872,
                4197563.54902412
              ],
              [
                14372886.14392776,
                4197787.50785549
              ],
              [
                14372788.18277586,
                4198012.62990356
              ],
              [
                14372692.67065276,
                4198238.77892166
              ],
              [
                14372599.55189871,
                4198465.95497292
              ],
              [
                14372508.88217347,
                4198694.08995905
              ],
              [
                14372420.66147702,
                4198923.25210271
              ],
              [
                14372334.94546911,
                4199153.30513874
              ],
              [
                14372251.67848999,
                4199384.3172889
              ],
              [
                14372170.86053967,
                4199616.22044604
              ],
              [
                14372092.60293764,
                4199849.01466635
              ],
              [
                14372016.79436441,
                4200082.63183596
              ],
              [
                14371943.49047973,
                4200317.00383544
              ],
              [
                14371872.74694332,
                4200552.26705936
              ],
              [
                14371804.50809547,
                4200788.21704077
              ],
              [
                14371738.8295959,
                4201024.92199992
              ],
              [
                14371675.71144462,
                4201262.31380787
              ],
              [
                14371615.09798188,
                4201500.39250903
              ],
              [
                14371557.04486743,
                4201739.08996738
              ],
              [
                14371501.60776102,
                4201978.40622317
              ],
              [
                14371448.7310029,
                4202218.34131675
              ],
              [
                14371398.41459306,
                4202458.89528856
              ],
              [
                14371350.6585315,
                4202699.93180622
              ],
              [
                14371305.51847799,
                4202941.45090148
              ],
              [
                14371262.9944325,
                4203183.45260609
              ],
              [
                14371223.03073531,
                4203425.93695193
              ],
              [
                14371185.7387059,
                4203668.83577845
              ],
              [
                14371151.00702477,
                4203912.14911314
              ],
              [
                14371118.89135168,
                4204155.80878806
              ],
              [
                14371089.39168661,
                4204399.81482628
              ],
              [
                14371062.56368934,
                4204644.16725086
              ],
              [
                14371038.29604034,
                4204888.72968498
              ],
              [
                14371016.70005913,
                4205133.57034421
              ],
              [
                14370997.72008594,
                4205378.68924718
              ],
              [
                14370981.3561208,
                4205623.9500035
              ],
              [
                14370967.66382343,
                4205869.35262275
              ],
              [
                14370956.5875341,
                4206114.96532207
              ],
              [
                14370948.18291254,
                4206360.65169745
              ],
              [
                14370942.39429902,
                4206606.41175393
              ],
              [
                14370939.22169353,
                4206852.24549656
              ],
              [
                14370938.72075582,
                4207098.08471674
              ],
              [
                14370940.89148589,
                4207343.99763012
              ],
              [
                14370945.67822399,
                4207589.77959171
              ],
              [
                14370953.08097013,
                4207835.56702928
              ],
              [
                14370963.15538406,
                4208081.22350386
              ],
              [
                14370975.845806,
                4208326.74900683
              ],
              [
                14370991.20789573,
                4208572.14352958
              ],
              [
                14371009.1859935,
                4208817.40706346
              ],
              [
                14371029.7800993,
                4209062.4031483
              ],
              [
                14371053.04587287,
                4209307.19999369
              ],
              [
                14371078.92765448,
                4209551.72935766
              ],
              [
                14371107.42544413,
                4209795.99122254
              ],
              [
                14371138.59490155,
                4210039.91733884
              ],
              [
                14371172.32470726,
                4210283.50768438
              ],
              [
                14371208.72618074,
                4210526.69400221
              ],
              [
                14371247.68800252,
                4210769.47626568
              ],
              [
                14371289.26583233,
                4211011.85444822
              ],
              [
                14371333.45967017,
                4211253.76028396
              ],
              [
                14371380.26951605,
                4211495.19374191
              ],
              [
                14371429.63971022,
                4211736.08654882
              ],
              [
                14371481.62591243,
                4211976.43866936
              ],
              [
                14371536.22812265,
                4212216.18182296
              ],
              [
                14371593.33502144,
                4212455.38421679
              ],
              [
                14371653.05792824,
                4212693.9775675
              ],
              [
                14371715.34118335,
                4212931.82533614
              ],
              [
                14371780.12912699,
                4213169.06397699
              ],
              [
                14371847.53307866,
                4213405.55694547
              ],
              [
                14371917.44171889,
                4213641.30419367
              ],
              [
                14371989.91070738,
                4213876.30567385
              ],
              [
                14372064.88438444,
                4214110.49308135
              ],
              [
                14372142.36275002,
                4214343.86636438
              ],
              [
                14372222.34580417,
                4214576.4254713
              ],
              [
                14372304.83354684,
                4214808.03382796
              ],
              [
                14372389.82597805,
                4215038.82790005
              ],
              [
                14372477.32309783,
                4215268.60284387
              ],
              [
                14372567.21358664,
                4215497.49512701
              ],
              [
                14372659.608764,
                4215725.36816046
              ],
              [
                14372754.45297016,
                4215952.22188105
              ],
              [
                14372851.74620511,
                4216178.05622591
              ],
              [
                14372951.43280912,
                4216402.80286119
              ],
              [
                14373053.51278217,
                4216626.4617204
              ],
              [
                14373158.04178403,
                4216849.03273735
              ],
              [
                14373264.96415494,
                4217070.4475708
              ],
              [
                14373374.22423514,
                4217290.63787435
              ],
              [
                14373485.87768441,
                4217509.67185276
              ],
              [
                14373599.86884299,
                4217727.54943708
              ],
              [
                14373716.19771086,
                4217944.1339972
              ],
              [
                14373834.86428805,
                4218159.42545686
              ],
              [
                14373955.86857454,
                4218373.42374031
              ],
              [
                14374079.15491059,
                4218586.12877224
              ],
              [
                14374204.66763647,
                4218797.47219165
              ],
              [
                14374332.51807165,
                4219007.45392024
              ],
              [
                14374462.59489663,
                4219216.00559144
              ],
              [
                14374594.89811144,
                4219423.12712408
              ],
              [
                14374729.42771606,
                4219628.88672875
              ],
              [
                14374866.1837105,
                4219833.07945159
              ],
              [
                14375005.16609475,
                4220035.84179302
              ],
              [
                14375146.26354934,
                4220237.10537905
              ],
              [
                14375289.53173398,
                4220436.80183124
              ],
              [
                14375434.97064871,
                4220634.93106439
              ],
              [
                14375582.52463376,
                4220831.4246952
              ],
              [
                14375732.13802939,
                4221026.35093602
              ],
              [
                14375883.92215509,
                4221219.64140254
              ],
              [
                14376037.71003161,
                4221411.2960086
              ],
              [
                14376193.61297846,
                4221601.2463653
              ],
              [
                14376351.51967615,
                4221789.56068911
              ],
              [
                14376511.48578442,
                4221976.10228444
              ],
              [
                14376673.39998379,
                4222160.8710612
              ],
              [
                14376837.31793397,
                4222343.93523821
              ],
              [
                14377003.18397526,
                4222525.15811199
              ],
              [
                14377170.99810763,
                4222704.60790195
              ],
              [
                14377340.76033109,
                4222882.14789848
              ],
              [
                14377512.41498589,
                4223057.91463424
              ],
              [
                14377685.96207204,
                4223231.83971064
              ],
              [
                14377861.34592979,
                4223403.78641105
              ],
              [
                14378038.62221887,
                4223573.89127419
              ],
              [
                14378217.67961982,
                4223742.0175811
              ],
              [
                14378398.57379236,
                4223908.23355889
              ],
              [
                14378581.193417,
                4224072.40248334
              ],
              [
                14378765.5941535,
                4224234.66090252
              ],
              [
                14378951.77600186,
                4224394.87209021
              ],
              [
                14379139.62764257,
                4224553.10427883
              ],
              [
                14379329.20473538,
                4224709.22073738
              ],
              [
                14379520.39596082,
                4224863.28969958
              ],
              [
                14379713.31263838,
                4225015.31107937
              ],
              [
                14379907.78778878,
                4225165.14814064
              ],
              [
                14380103.93273156,
                4225312.93744721
              ],
              [
                14380301.63614721,
                4225458.61058909
              ],
              [
                14380500.89803573,
                4225602.03082554
              ],
              [
                14380701.66273737,
                4225743.40305607
              ],
              [
                14380903.98591189,
                4225882.52221146
              ],
              [
                14381107.75623979,
                4226019.38820623
              ],
              [
                14381313.02938081,
                4226154.13761979
              ],
              [
                14381519.74967521,
                4226286.56537657
              ],
              [
                14381727.86146325,
                4226416.80805948
              ],
              [
                14381937.36474492,
                4226544.72892252
              ],
              [
                14382148.20386049,
                4226670.39621962
              ],
              [
                14382360.43446969,
                4226793.74153778
              ],
              [
                14382574.00091277,
                4226914.83313535
              ],
              [
                14382788.79187026,
                4227033.53426342
              ],
              [
                14383004.91866163,
                4227149.91318252
              ],
              [
                14383222.26996741,
                4227263.9698189
              ],
              [
                14383440.79012784,
                4227375.63576093
              ],
              [
                14383660.53480265,
                4227484.91093578
              ],
              [
                14383881.44833214,
                4227591.79527214
              ],
              [
                14384103.53071627,
                4227696.28870029
              ],
              [
                14384326.67063556,
                4227798.39115206
              ],
              [
                14384550.92374978,
                4227898.03421822
              ],
              [
                14384776.29005888,
                4227995.21783187
              ],
              [
                14385002.60258366,
                4228089.9419278
              ],
              [
                14385229.97264361,
                4228182.2747868
              ],
              [
                14385458.34457897,
                4228272.07965875
              ],
              [
                14385687.66273001,
                4228359.42482715
              ],
              [
                14385917.87143697,
                4228444.24188737
              ],
              [
                14386149.02635959,
                4228526.53078088
              ],
              [
                14386381.01617842,
                4228606.35979791
              ],
              [
                14386613.84089341,
                4228683.66053737
              ],
              [
                14386847.55616433,
                4228758.36459795
              ],
              [
                14387081.99501194,
                4228830.60862353
              ],
              [
                14387317.21309598,
                4228900.25586789
              ],
              [
                14387553.21041647,
                4228967.30628169
              ],
              [
                14387789.8756539,
                4229031.8965167
              ],
              [
                14388027.26446801,
                4229093.82147941
              ],
              [
                14388265.26553933,
                4229153.21782561
              ],
              [
                14388503.93452759,
                4229209.94881273
              ],
              [
                14388743.16011329,
                4229264.15110174
              ],
              [
                14388982.99795622,
                4229315.75630376
              ],
              [
                14389223.33673684,
                4229364.6960305
              ],
              [
                14389464.17645516,
                4229411.03859836
              ],
              [
                14389705.57277095,
                4229454.78397449
              ],
              [
                14389947.35870496,
                4229495.93212784
              ],
              [
                14390189.58991693,
                4229534.41467649
              ],
              [
                14390432.26640685,
                4229570.2315924
              ],
              [
                14390675.27685525,
                4229603.45120274
              ],
              [
                14390918.62126213,
                4229634.07348394
              ],
              [
                14391162.29962748,
                4229661.96170715
              ],
              [
                14391406.31195129,
                4229687.25255899
              ],
              [
                14391650.49125434,
                4229709.87766769
              ],
              [
                14391894.94885613,
                4229729.83701674
              ],
              [
                14392139.62909689,
                4229747.13059165
              ],
              [
                14392384.42065715,
                4229761.75837981
              ],
              [
                14392629.43485639,
                4229773.78872485
              ],
              [
                14392874.50471537,
                4229783.0849096
              ],
              [
                14393119.68589384,
                4229789.78363582
              ],
              [
                14393364.92273205,
                4229793.74819001
              ],
              [
                14393610.15957027,
                4229795.11527799
              ],
              [
                14393855.39640849,
                4229793.74819001
              ],
              [
                14394100.6332467,
                4229789.78363582
              ],
              [
                14394345.81442518,
                4229783.0849096
              ],
              [
                14394590.88428416,
                4229773.78872485
              ],
              [
                14394835.8984834,
                4229761.75837981
              ],
              [
                14395080.69004366,
                4229747.13059165
              ],
              [
                14395325.37028442,
                4229729.83701674
              ],
              [
                14395569.8278862,
                4229709.87766769
              ],
              [
                14395814.00718926,
                4229687.25255899
              ],
              [
                14396058.01951307,
                4229661.96170715
              ],
              [
                14396301.69787842,
                4229634.07348394
              ],
              [
                14396545.04228529,
                4229603.45120274
              ],
              [
                14396788.0527337,
                4229570.2315924
              ],
              [
                14397030.72922362,
                4229534.41467649
              ],
              [
                14397272.96043559,
                4229495.93212784
              ],
              [
                14397514.74636959,
                4229454.78397449
              ],
              [
                14397756.14268538,
                4229411.03859836
              ],
              [
                14397996.98240371,
                4229364.6960305
              ],
              [
                14398237.32118433,
                4229315.75630376
              ],
              [
                14398477.15902724,
                4229264.15110174
              ],
              [
                14398716.38461296,
                4229209.94881273
              ],
              [
                14398955.05360123,
                4229153.21782561
              ],
              [
                14399193.05467254,
                4229093.82147941
              ],
              [
                14399430.44348665,
                4229031.8965167
              ],
              [
                14399667.10872408,
                4228967.30628169
              ],
              [
                14399903.10604456,
                4228900.25586789
              ],
              [
                14400138.32412861,
                4228830.60862353
              ],
              [
                14400372.76297622,
                4228758.36459795
              ],
              [
                14400606.47824714,
                4228683.66053737
              ],
              [
                14400839.30296213,
                4228606.35979791
              ],
              [
                14401071.29278094,
                4228526.53078088
              ],
              [
                14401302.44770358,
                4228444.24188737
              ],
              [
                14401532.65641054,
                4228359.42482715
              ],
              [
                14401761.97456158,
                4228272.07965875
              ],
              [
                14401990.34649694,
                4228182.2747868
              ],
              [
                14402217.71655689,
                4228089.9419278
              ],
              [
                14402444.02908167,
                4227995.21783187
              ],
              [
                14402669.39539077,
                4227898.03421822
              ],
              [
                14402893.64850497,
                4227798.39115206
              ],
              [
                14403116.78842427,
                4227696.28870029
              ],
              [
                14403338.87080841,
                4227591.79527214
              ],
              [
                14403559.78433788,
                4227484.91093578
              ],
              [
                14403779.52901271,
                4227375.63576093
              ],
              [
                14403998.04917314,
                4227263.9698189
              ],
              [
                14404215.40047892,
                4227149.91318252
              ],
              [
                14404431.52727028,
                4227033.53426342
              ],
              [
                14404646.31822778,
                4226914.83313535
              ],
              [
                14404859.88467086,
                4226793.74153778
              ],
              [
                14405072.11528006,
                4226670.39621962
              ],
              [
                14405282.95439562,
                4226544.72892252
              ],
              [
                14405492.45767729,
                4226416.80805948
              ],
              [
                14405700.56946532,
                4226286.56537657
              ],
              [
                14405907.28975974,
                4226154.13761979
              ],
              [
                14406112.56290076,
                4226019.38820623
              ],
              [
                14406316.33322866,
                4225882.52221146
              ],
              [
                14406518.65640318,
                4225743.40305607
              ],
              [
                14406719.42110481,
                4225602.03082554
              ],
              [
                14406918.68299334,
                4225458.61058909
              ],
              [
                14407116.38640898,
                4225312.93744721
              ],
              [
                14407312.53135176,
                4225165.14814064
              ],
              [
                14407507.00650218,
                4225015.31107937
              ],
              [
                14407699.92317972,
                4224863.28969958
              ],
              [
                14407891.11440516,
                4224709.22073738
              ],
              [
                14408080.69149798,
                4224553.10427883
              ],
              [
                14408268.54313869,
                4224394.87209021
              ],
              [
                14408454.72498705,
                4224234.66090252
              ],
              [
                14408639.12572354,
                4224072.40248334
              ],
              [
                14408821.74534819,
                4223908.23355889
              ],
              [
                14409002.63952073,
                4223742.0175811
              ],
              [
                14409181.69692167,
                4223573.89127419
              ],
              [
                14409358.97321076,
                4223403.78641105
              ],
              [
                14409534.35706851,
                4223231.83971064
              ],
              [
                14409707.90415465,
                4223057.91463424
              ],
              [
                14409879.55880946,
                4222882.14789848
              ],
              [
                14410049.32103291,
                4222704.60790195
              ],
              [
                14410217.13516528,
                4222525.15811199
              ],
              [
                14410383.00120657,
                4222343.93523821
              ],
              [
                14410546.91915676,
                4222160.8710612
              ],
              [
                14410708.83335613,
                4221976.10228444
              ],
              [
                14410868.79946439,
                4221789.56068911
              ],
              [
                14411026.70616208,
                4221601.2463653
              ],
              [
                14411182.60910894,
                4221411.2960086
              ],
              [
                14411336.39698547,
                4221219.64140254
              ],
              [
                14411488.18111116,
                4221026.35093602
              ],
              [
                14411637.79450679,
                4220831.4246952
              ],
              [
                14411785.34849184,
                4220634.93106439
              ],
              [
                14411930.78740656,
                4220436.80183124
              ],
              [
                14412074.05559121,
                4220237.10537905
              ],
              [
                14412215.1530458,
                4220035.84179302
              ],
              [
                14412354.13543005,
                4219833.07945159
              ],
              [
                14412490.89142449,
                4219628.88672875
              ],
              [
                14412625.42102911,
                4219423.12712408
              ],
              [
                14412757.72424392,
                4219216.00559144
              ],
              [
                14412887.80106891,
                4219007.45392024
              ],
              [
                14413015.65150408,
                4218797.47219165
              ],
              [
                14413141.16422995,
                4218586.12877224
              ],
              [
                14413264.45056601,
                4218373.42374031
              ],
              [
                14413385.4548525,
                4218159.42545686
              ],
              [
                14413504.12142969,
                4217944.1339972
              ],
              [
                14413620.45029756,
                4217727.54943708
              ],
              [
                14413734.44145614,
                4217509.67185276
              ],
              [
                14413846.0949054,
                4217290.63787435
              ],
              [
                14413955.35498561,
                4217070.4475708
              ],
              [
                14414062.27735652,
                4216849.03273735
              ],
              [
                14414166.80635838,
                4216626.4617204
              ],
              [
                14414268.88633143,
                4216402.80286119
              ],
              [
                14414368.57293544,
                4216178.05622591
              ],
              [
                14414465.86617039,
                4215952.22188105
              ],
              [
                14414560.71037655,
                4215725.36816046
              ],
              [
                14414653.1055539,
                4215497.49512701
              ],
              [
                14414742.99604273,
                4215268.60284387
              ],
              [
                14414830.49316248,
                4215038.82790005
              ],
              [
                14414915.48559371,
                4214808.03382796
              ],
              [
                14414997.97333638,
                4214576.4254713
              ],
              [
                14415077.95639052,
                4214343.86636438
              ],
              [
                14415155.43475611,
                4214110.49308135
              ],
              [
                14415230.40843317,
                4213876.30567385
              ],
              [
                14415302.87742167,
                4213641.30419367
              ],
              [
                14415372.78606189,
                4213405.55694547
              ],
              [
                14415440.19001356,
                4213169.06397699
              ],
              [
                14415504.97795721,
                4212931.82533614
              ],
              [
                14415567.26121231,
                4212693.9775675
              ],
              [
                14415626.98411911,
                4212455.38421679
              ],
              [
                14415684.09101789,
                4212216.18182296
              ],
              [
                14415738.69322812,
                4211976.43866936
              ],
              [
                14415790.67943032,
                4211736.08654882
              ],
              [
                14415840.04962449,
                4211495.19374191
              ],
              [
                14415886.85947037,
                4211253.76028396
              ]
            ],
            [
              [
                14393731.83177372,
                4202446.48563007
              ],
              [
                14393974.89788186,
                4202459.6453233
              ],
              [
                14394216.85079509,
                4202485.82838655
              ],
              [
                14394457.07825622,
                4202525.03491245
              ],
              [
                14394694.85668856,
                4202577.12866832
              ],
              [
                14394929.51817516,
                4202641.90527824
              ],
              [
                14395160.39479906,
                4202719.29677885
              ],
              [
                14395386.76298358,
                4202809.03068685
              ],
              [
                14395608.06613128,
                4202910.8345521
              ],
              [
                14395823.58066546,
                4203024.43595463
              ],
              [
                14396032.74998866,
                4203149.42612315
              ],
              [
                14396234.90618395,
                4203285.53268414
              ],
              [
                14396429.5483136,
                4203432.41509383
              ],
              [
                14396616.00846067,
                4203589.4600547
              ],
              [
                14396793.89700697,
                4203756.39522852
              ],
              [
                14396962.54603551,
                4203932.67551139
              ],
              [
                14397121.56592811,
                4204117.82398446
              ],
              [
                14397270.45574705,
                4204311.22732627
              ],
              [
                14397408.77021436,
                4204512.40858715
              ],
              [
                14397536.17537158,
                4204720.82260086
              ],
              [
                14397652.28160047,
                4204935.71957417
              ],
              [
                14397756.69928284,
                4205156.62247434
              ],
              [
                14397849.20577968,
                4205382.78142866
              ],
              [
                14397929.46713254,
                4205613.65112462
              ],
              [
                14397997.26070244,
                4205848.48159289
              ],
              [
                14398052.47516988,
                4206086.65921992
              ],
              [
                14398094.83223612,
                4206327.50213377
              ],
              [
                14398124.27624143,
                4206570.26019492
              ],
              [
                14398140.69586633,
                4206814.25141101
              ],
              [
                14398144.0911108,
                4207058.79372997
              ],
              [
                14398134.35065534,
                4207303.20503948
              ],
              [
                14398111.64147923,
                4207546.66673394
              ],
              [
                14398075.90792268,
                4207788.6330073
              ],
              [
                14398027.2613052,
                4208028.28512855
              ],
              [
                14397965.92426578,
                4208265.00895923
              ],
              [
                14397892.00812389,
                4208498.05386564
              ],
              [
                14397805.79117827,
                4208726.80560126
              ],
              [
                14397707.38474842,
                4208950.51342296
              ],
              [
                14397597.23411227,
                4209168.69943881
              ],
              [
                14397475.5062491,
                4209380.54458802
              ],
              [
                14397342.70209657,
                4209585.57090211
              ],
              [
                14397199.09995344,
                4209783.16392856
              ],
              [
                14397045.14509769,
                4209972.70918505
              ],
              [
                14396881.22714748,
                4210153.66039632
              ],
              [
                14396707.90270032,
                4210325.53950407
              ],
              [
                14396525.6726939,
                4210487.80020723
              ],
              [
                14396334.98240616,
                4210640.03266788
              ],
              [
                14396136.44409433,
                4210781.75881568
              ],
              [
                14395930.67001561,
                4210912.56882206
              ],
              [
                14395718.10544794,
                4211032.05287062
              ],
              [
                14395499.52962777,
                4211139.93763857
              ],
              [
                14395275.4434928,
                4211235.8815892
              ],
              [
                14395046.57061972,
                4211319.61145174
              ],
              [
                14394813.5789255,
                4211390.8539871
              ],
              [
                14394577.0806673,
                4211449.40423151
              ],
              [
                14394337.79942184,
                4211495.12550107
              ],
              [
                14394096.40310605,
                4211527.88115405
              ],
              [
                14393853.67095638,
                4211547.60283373
              ],
              [
                14393610.15957027,
                4211554.15398773
              ],
              [
                14393366.64818416,
                4211547.60283373
              ],
              [
                14393123.91603448,
                4211527.88115405
              ],
              [
                14392882.51971871,
                4211495.12550107
              ],
              [
                14392643.23847325,
                4211449.40423151
              ],
              [
                14392406.74021506,
                4211390.8539871
              ],
              [
                14392173.74852082,
                4211319.61145174
              ],
              [
                14391944.87564776,
                4211235.8815892
              ],
              [
                14391720.78951278,
                4211139.93763857
              ],
              [
                14391502.21369262,
                4211032.05287062
              ],
              [
                14391289.64912494,
                4210912.56882206
              ],
              [
                14391083.87504621,
                4210781.75881568
              ],
              [
                14390885.33673438,
                4210640.03266788
              ],
              [
                14390694.64644665,
                4210487.80020723
              ],
              [
                14390512.41644022,
                4210325.53950407
              ],
              [
                14390339.09199305,
                4210153.66039632
              ],
              [
                14390175.17404287,
                4209972.70918505
              ],
              [
                14390021.21918709,
                4209783.16392856
              ],
              [
                14389877.61704398,
                4209585.57090211
              ],
              [
                14389744.81289146,
                4209380.54458802
              ],
              [
                14389623.08502827,
                4209168.69943881
              ],
              [
                14389512.93439213,
                4208950.51342296
              ],
              [
                14389414.52796227,
                4208726.80560126
              ],
              [
                14389328.31101666,
                4208498.05386564
              ],
              [
                14389254.39487477,
                4208265.00895923
              ],
              [
                14389193.05783535,
                4208028.28512855
              ],
              [
                14389144.41121787,
                4207788.6330073
              ],
              [
                14389108.67766132,
                4207546.66673394
              ],
              [
                14389085.9684852,
                4207303.20503948
              ],
              [
                14389076.22802976,
                4207058.79372997
              ],
              [
                14389079.62327422,
                4206814.25141101
              ],
              [
                14389096.04289912,
                4206570.26019492
              ],
              [
                14389125.48690443,
                4206327.50213377
              ],
              [
                14389167.84397068,
                4206086.65921992
              ],
              [
                14389223.05843811,
                4205848.48159289
              ],
              [
                14389290.85200801,
                4205613.65112462
              ],
              [
                14389371.11336087,
                4205382.78142866
              ],
              [
                14389463.61985771,
                4205156.62247434
              ],
              [
                14389568.03754008,
                4204935.71957417
              ],
              [
                14389684.14376897,
                4204720.82260086
              ],
              [
                14389811.54892619,
                4204512.40858715
              ],
              [
                14389949.8633935,
                4204311.22732627
              ],
              [
                14390098.75321243,
                4204117.82398446
              ],
              [
                14390257.77310504,
                4203932.67551139
              ],
              [
                14390426.42213358,
                4203756.39522852
              ],
              [
                14390604.31067988,
                4203589.4600547
              ],
              [
                14390790.77082695,
                4203432.41509383
              ],
              [
                14390985.4129566,
                4203285.53268414
              ],
              [
                14391187.56915189,
                4203149.42612315
              ],
              [
                14391396.73847508,
                4203024.43595463
              ],
              [
                14391612.25300926,
                4202910.8345521
              ],
              [
                14391833.55615695,
                4202809.03068685
              ],
              [
                14392059.92434149,
                4202719.29677885
              ],
              [
                14392290.80096539,
                4202641.90527824
              ],
              [
                14392525.46245198,
                4202577.12866832
              ],
              [
                14392763.24088431,
                4202525.03491245
              ],
              [
                14393003.46834544,
                4202485.82838655
              ],
              [
                14393245.42125869,
                4202459.6453233
              ],
              [
                14393488.48736683,
                4202446.48563007
              ],
              [
                14393731.83177372,
                4202446.48563007
              ]
            ]
          ]
        ]
      },
      "geometry_name": "ag_geom",
      "properties": {
        "prohibited": "<FNT name='TW Cen MT' size='6'><CLR cyan='10' magenta='100' yellow='100' black='0'>P61B<UND>UNL</UND>GND </CLR></FNT>",
        "prh_lbl_1": "P61B",
        "prh_lbl_2": "UNL",
        "prh_lbl_3": "GND",
        "prh_lbl_4": "비행제한구역",
        "prh_typ": "2"
      },
      "bbox": [
        14370938.72075582,
        4184248.46847524,
        14416281.59838472,
        4229795.11527799
      ]
    },
    {
      "type": "Feature",
      "id": "lt_c_aisprhc.8",
      "geometry": {
        "type": "MultiPolygon",
        "coordinates": [
          [
            [
              [
                14412163.38948257,
                4263997.09644396
              ],
              [
                14412408.06972333,
                4263990.44533507
              ],
              [
                14412651.97072766,
                4263970.69773668
              ],
              [
                14412894.5358981,
                4263937.78515204
              ],
              [
                14413134.93033847,
                4263891.77626766
              ],
              [
                14413372.54179156,
                4263832.94551755
              ],
              [
                14413606.70234046,
                4263761.36167558
              ],
              [
                14413836.63274868,
                4263677.23069093
              ],
              [
                14414061.77641881,
                4263580.89568127
              ],
              [
                14414281.40977414,
                4263472.49409923
              ],
              [
                14414494.97621723,
                4263352.4376887
              ],
              [
                14414701.75217138,
                4263221.00108712
              ],
              [
                14414901.23669889,
                4263078.59607959
              ],
              [
                14415092.81754254,
                4262925.63446366
              ],
              [
                14415275.9381049,
                4262762.59660557
              ],
              [
                14415450.09744824,
                4262589.96287172
              ],
              [
                14415614.73897513,
                4262408.14506605
              ],
              [
                14415769.41740758,
                4262217.69210295
              ],
              [
                14415913.74312739,
                4262019.15287987
              ],
              [
                14416047.21519686,
                4261813.21338204
              ],
              [
                14416169.44399774,
                4261600.28534652
              ],
              [
                14416280.15123134,
                4261381.12325087
              ],
              [
                14416379.00293917,
                4261156.27587272
              ],
              [
                14416465.66516275,
                4260926.49760065
              ],
              [
                14416539.97092285,
                4260692.33712492
              ],
              [
                14416601.58626101,
                4260454.48018633
              ],
              [
                14416650.39985772,
                4260213.68101465
              ],
              [
                14416686.30039351,
                4259970.62523312
              ],
              [
                14416709.17654887,
                4259725.99840567
              ],
              [
                14416718.91700431,
                4259480.41749599
              ],
              [
                14416715.52175984,
                4259234.77356579
              ],
              [
                14416699.0464752,
                4258989.61491306
              ],
              [
                14416669.43549065,
                4258745.69539229
              ],
              [
                14416626.85578542,
                4258503.76879097
              ],
              [
                14416571.41867901,
                4258264.45176638
              ],
              [
                14416503.29115064,
                4258028.4979848
              ],
              [
                14416422.64017955,
                4257796.52399167
              ],
              [
                14416329.68840475,
                4257569.28333969
              ],
              [
                14416224.76978467,
                4257347.32394518
              ],
              [
                14416108.10695832,
                4257131.39926234
              ],
              [
                14415980.08954391,
                4256922.05712379
              ],
              [
                14415841.10715965,
                4256719.91385397
              ],
              [
                14415691.49376403,
                4256525.5857452
              ],
              [
                14415531.75029474,
                4256339.6205418
              ],
              [
                14415362.26637,
                4256162.49745019
              ],
              [
                14415183.59858729,
                4255994.76418441
              ],
              [
                14414996.19222453,
                4255836.89993126
              ],
              [
                14414800.65953895,
                4255689.38387568
              ],
              [
                14414597.50146826,
                4255552.62669013
              ],
              [
                14414387.38592938,
                4255427.03905746
              ],
              [
                14414170.81386005,
                4255312.89464768
              ],
              [
                14413948.50883693,
                4255210.6726939
              ],
              [
                14413721.02745749,
                4255120.50988683
              ],
              [
                14413489.03763868,
                4255042.74848826
              ],
              [
                14413253.26295718,
                4254977.59376847
              ],
              [
                14413014.37132993,
                4254925.3195473
              ],
              [
                14412772.97501416,
                4254885.92564004
              ],
              [
                14412529.85324626,
                4254859.54892925
              ],
              [
                14412285.6739432,
                4254846.3948531
              ],
              [
                14412041.16068168,
                4254846.3948531
              ],
              [
                14411796.98137863,
                4254859.54892925
              ],
              [
                14411553.85961073,
                4254885.92564004
              ],
              [
                14411312.46329494,
                4254925.3195473
              ],
              [
                14411073.57166771,
                4254977.59376847
              ],
              [
                14410837.79698621,
                4255042.74848826
              ],
              [
                14410605.80716738,
                4255120.50988683
              ],
              [
                14410378.32578796,
                4255210.6726939
              ],
              [
                14410156.02076484,
                4255312.89464768
              ],
              [
                14409939.44869551,
                4255427.03905746
              ],
              [
                14409729.27749689,
                4255552.62669013
              ],
              [
                14409526.17508594,
                4255689.38387568
              ],
              [
                14409330.58674061,
                4255836.89993126
              ],
              [
                14409143.2360376,
                4255994.76418441
              ],
              [
                14408964.56825488,
                4256162.49745019
              ],
              [
                14408795.08433014,
                4256339.6205418
              ],
              [
                14408635.28520111,
                4256525.5857452
              ],
              [
                14408485.72746524,
                4256719.91385397
              ],
              [
                14408346.68942124,
                4256922.05712379
              ],
              [
                14408218.72766657,
                4257131.39926234
              ],
              [
                14408102.06484022,
                4257347.32394518
              ],
              [
                14407997.14622014,
                4257569.28333969
              ],
              [
                14407904.19444533,
                4257796.52399167
              ],
              [
                14407823.54347425,
                4258028.4979848
              ],
              [
                14407755.41594588,
                4258264.45176638
              ],
              [
                14407699.92317972,
                4258503.76879097
              ],
              [
                14407657.3434745,
                4258745.69539229
              ],
              [
                14407627.78814969,
                4258989.61491306
              ],
              [
                14407611.25720531,
                4259234.77356579
              ],
              [
                14407607.86196083,
                4259480.41749599
              ],
              [
                14407617.65807602,
                4259725.99840567
              ],
              [
                14407640.47857164,
                4259970.62523312
              ],
              [
                14407676.37910743,
                4260213.68101465
              ],
              [
                14407725.24836387,
                4260454.48018633
              ],
              [
                14407786.86370203,
                4260692.33712492
              ],
              [
                14407861.11380239,
                4260926.49760065
              ],
              [
                14407947.83168572,
                4261156.27587272
              ],
              [
                14408046.6277338,
                4261381.12325087
              ],
              [
                14408157.33496739,
                4261600.28534652
              ],
              [
                14408279.61942803,
                4261813.21338204
              ],
              [
                14408413.0914975,
                4262019.15287987
              ],
              [
                14408557.36155756,
                4262217.69210295
              ],
              [
                14408712.09564976,
                4262408.14506605
              ],
              [
                14408876.73717664,
                4262589.96287172
              ],
              [
                14409050.89651999,
                4262762.59660557
              ],
              [
                14409234.01708235,
                4262925.63446366
              ],
              [
                14409425.597926,
                4263078.59607959
              ],
              [
                14409625.02679375,
                4263221.00108712
              ],
              [
                14409831.85840766,
                4263352.4376887
              ],
              [
                14410045.36919099,
                4263472.49409923
              ],
              [
                14410265.05820608,
                4263580.89568127
              ],
              [
                14410490.14621645,
                4263677.23069093
              ],
              [
                14410720.13228443,
                4263761.36167558
              ],
              [
                14410954.23717358,
                4263832.94551755
              ],
              [
                14411191.84862667,
                4263891.77626766
              ],
              [
                14411432.29872679,
                4263937.78515204
              ],
              [
                14411674.80823748,
                4263970.69773668
              ],
              [
                14411918.76490155,
                4263990.44533507
              ],
              [
                14412163.38948257,
                4263997.09644396
              ]
            ]
          ]
        ]
      },
      "geometry_name": "ag_geom",
      "properties": {
        "prohibited": "<FNT name='TW Cen MT' size='6'><CLR cyan='10' magenta='100' yellow='100' black='0'>P62A<UND>UNL</UND>GND </CLR></FNT>",
        "prh_lbl_1": "P62A",
        "prh_lbl_2": "UNL",
        "prh_lbl_3": "GND",
        "prh_lbl_4": "비행금지구역",
        "prh_typ": "1"
      },
      "bbox": [
        14407607.86196083,
        4254846.3948531,
        14416718.91700431,
        4263997.09644396
      ]
    },
    {
      "type": "Feature",
      "id": "lt_c_aisprhc.9",
      "geometry": {
        "type": "MultiPolygon",
        "coordinates": [
          [
            [
              [
                14434546.34383663,
                4263694.92077082
              ],
              [
                14434590.76031346,
                4263451.85609578
              ],
              [
                14434632.5051225,
                4263208.31688739
              ],
              [
                14434671.68958326,
                4262964.37173893
              ],
              [
                14434708.20237624,
                4262720.02067748
              ],
              [
                14434742.15482093,
                4262475.33228879
              ],
              [
                14434773.3799381,
                4262230.23803832
              ],
              [
                14434802.04470698,
                4261984.87506433
              ],
              [
                14434828.03780808,
                4261739.17483083
              ],
              [
                14434851.41490114,
                4261493.20591289
              ],
              [
                14434872.12032644,
                4261247.03687944
              ],
              [
                14434890.15408394,
                4261000.66774388
              ],
              [
                14434905.57183342,
                4260754.09851964
              ],
              [
                14434918.31791512,
                4260507.39776639
              ],
              [
                14434928.44798878,
                4260260.56549292
              ],
              [
                14434935.90639466,
                4260013.60170803
              ],
              [
                14434940.69313276,
                4259766.64350373
              ],
              [
                14434942.80820309,
                4259519.62233945
              ],
              [
                14434942.30726538,
                4259272.60675788
              ],
              [
                14434939.13465989,
                4259025.59675851
              ],
              [
                14434933.34604637,
                4258778.66087625
              ],
              [
                14434924.83010533,
                4258531.86763982
              ],
              [
                14434913.69815624,
                4258285.07997482
              ],
              [
                14434899.95019913,
                4258038.50347307
              ],
              [
                14434883.53057424,
                4257792.06959093
              ],
              [
                14434864.43928157,
                4257545.84684631
              ],
              [
                14434842.73198087,
                4257299.83522485
              ],
              [
                14434818.35301238,
                4257054.10323678
              ],
              [
                14434791.35803587,
                4256808.58234006
              ],
              [
                14434761.74705131,
                4256563.47808495
              ],
              [
                14434729.46439899,
                4256318.65340331
              ],
              [
                14434694.56573862,
                4256074.17679473
              ],
              [
                14434657.05107023,
                4255830.18526962
              ],
              [
                14434616.92039379,
                4255586.54176458
              ],
              [
                14434574.17370933,
                4255343.383284
              ],
              [
                14434528.81101683,
                4255100.70979543
              ],
              [
                14434480.8323163,
                4254858.52126648
              ],
              [
                14434430.29326747,
                4254616.88617416
              ],
              [
                14434377.13821062,
                4254375.80448168
              ],
              [
                14434321.42280548,
                4254135.34465867
              ],
              [
                14434263.09139231,
                4253895.50666401
              ],
              [
                14434202.19963084,
                4253656.2904567
              ],
              [
                14434138.74752109,
                4253417.76449768
              ],
              [
                14434072.73506305,
                4253179.99724204
              ],
              [
                14434004.16225671,
                4252942.92014135
              ],
              [
                14433933.08476185,
                4252706.60164803
              ],
              [
                14433859.44691869,
                4252471.04171283
              ],
              [
                14433783.30438698,
                4252236.37727554
              ],
              [
                14433704.601507,
                4252002.47129249
              ],
              [
                14433623.4495982,
                4251769.52918948
              ],
              [
                14433539.79300087,
                4251537.41392478
              ],
              [
                14433453.631715,
                4251306.26242288
              ],
              [
                14433364.96574059,
                4251076.00613548
              ],
              [
                14433273.90639712,
                4250846.78197744
              ],
              [
                14433180.34236511,
                4250618.52139953
              ],
              [
                14433084.32930429,
                4250391.36130716
              ],
              [
                14432985.92287443,
                4250165.23315025
              ],
              [
                14432885.06741577,
                4249940.13686477
              ],
              [
                14432781.81858806,
                4249716.20934431
              ],
              [
                14432676.12073155,
                4249493.38203981
              ],
              [
                14432568.08516573,
                4249271.72335989
              ],
              [
                14432457.65623087,
                4249051.23323349
              ],
              [
                14432344.8895867,
                4248831.98006308
              ],
              [
                14432229.78523322,
                4248613.96377427
              ],
              [
                14432112.34317044,
                4248397.25276353
              ],
              [
                14431992.56339834,
                4248181.77848422
              ],
              [
                14431870.50157669,
                4247967.67779873
              ],
              [
                14431746.15770547,
                4247754.81369361
              ],
              [
                14431619.53178469,
                4247543.39149194
              ],
              [
                14431490.62381435,
                4247333.34264638
              ],
              [
                14431359.48945419,
                4247124.66707783
              ],
              [
                14431226.12870423,
                4246917.50163009
              ],
              [
                14431090.54156445,
                4246711.77775753
              ],
              [
                14430952.72803484,
                4246507.49537885
              ],
              [
                14430812.79943491,
                4246304.7228707
              ],
              [
                14430670.64444517,
                4246103.52860524
              ],
              [
                14430526.3743851,
                4245903.84404064
              ],
              [
                14430379.98925471,
                4245705.73754788
              ],
              [
                14430231.43339425,
                4245509.27749366
              ],
              [
                14430080.81812321,
                4245314.39533822
              ],
              [
                14429928.08778183,
                4245121.15944725
              ],
              [
                14429773.35368963,
                4244929.63818236
              ],
              [
                14429616.5045271,
                4244739.76300601
              ],
              [
                14429457.70727349,
                4244551.60227898
              ],
              [
                14429296.85060929,
                4244365.22435813
              ],
              [
                14429133.99019426,
                4244180.56070838
              ],
              [
                14428969.23734788,
                4243997.67968596
              ],
              [
                14428802.48075068,
                4243816.58120158
              ],
              [
                14428633.77606238,
                4243637.33360751
              ],
              [
                14428463.17894275,
                4243459.86837333
              ],
              [
                14428290.68939176,
                4243284.32228938
              ],
              [
                14428116.30740943,
                4243110.62682602
              ],
              [
                14427940.14431525,
                4242938.85033153
              ],
              [
                14427762.08878973,
                4242768.99271569
              ],
              [
                14427582.25215234,
                4242601.05388924
              ],
              [
                14427400.57874337,
                4242435.10219716
              ],
              [
                14427217.17988229,
                4242271.13754914
              ],
              [
                14427032.0555691,
                4242109.15985603
              ],
              [
                14426845.15014406,
                4241949.1690297
              ],
              [
                14426656.57492665,
                4241791.2334123
              ],
              [
                14426466.32991689,
                4241635.35291499
              ],
              [
                14426274.41511476,
                4241481.52745009
              ],
              [
                14426080.83052027,
                4241329.82535736
              ],
              [
                14425885.68745291,
                4241180.17812329
              ],
              [
                14425688.87459319,
                4241032.72251257
              ],
              [
                14425490.55892034,
                4240887.39001325
              ],
              [
                14425290.68477463,
                4240744.1805409
              ],
              [
                14425089.30781577,
                4240603.16243405
              ],
              [
                14424886.37238406,
                4240464.33560815
              ],
              [
                14424682.04545871,
                4240327.69997998
              ],
              [
                14424476.21572024,
                4240193.32388677
              ],
              [
                14424268.93882837,
                4240061.13882711
              ],
              [
                14424060.27044288,
                4239931.2131393
              ],
              [
                14423850.26622351,
                4239803.54674304
              ],
              [
                14423638.87051049,
                4239678.20797539
              ],
              [
                14423426.13896358,
                4239555.12834133
              ],
              [
                14423212.12724253,
                4239434.37617925
              ],
              [
                14422996.83534734,
                4239315.95141226
              ],
              [
                14422780.26327799,
                4239199.85396497
              ],
              [
                14422562.46669426,
                4239086.15217577
              ],
              [
                14422343.44559612,
                4238974.77755854
              ],
              [
                14422123.31130308,
                4238865.73004241
              ],
              [
                14421901.95249564,
                4238759.14637843
              ],
              [
                14421679.48049329,
                4238654.95808521
              ],
              [
                14421455.95095578,
                4238553.16509447
              ],
              [
                14421231.30822336,
                4238453.76733954
              ],
              [
                14421005.60795577,
                4238356.90157076
              ],
              [
                14420778.90581278,
                4238262.36249964
              ],
              [
                14420551.14613461,
                4238170.35528572
              ],
              [
                14420322.49590051,
                4238080.81145929
              ],
              [
                14420092.84379102,
                4237993.79936548
              ],
              [
                14419862.30112558,
                4237909.1821342
              ],
              [
                14419630.86790421,
                4237827.09651888
              ],
              [
                14419398.54412693,
                4237747.54246269
              ],
              [
                14419165.38545347,
                4237670.51991055
              ],
              [
                14418931.44754357,
                4237596.02880917
              ],
              [
                14418696.73039723,
                4237524.00070444
              ],
              [
                14418461.23401445,
                4237454.57235206
              ],
              [
                14418225.01405499,
                4237387.74370267
              ],
              [
                14417988.07051884,
                4237323.37790621
              ],
              [
                14417750.45906574,
                4237261.68012205
              ],
              [
                14417512.17969569,
                4237202.44510356
              ],
              [
                14417273.3437282,
                4237145.87801141
              ],
              [
                14417033.83984376,
                4237091.84200464
              ],
              [
                14416793.83502161,
                4237040.47384492
              ],
              [
                14416553.273602,
                4236991.63669634
              ],
              [
                14416312.21124468,
                4236945.46732296
              ],
              [
                14416070.64794967,
                4236901.82889378
              ],
              [
                14415828.63937669,
                4236860.85817544
              ],
              [
                14415586.18552574,
                4236822.55513804
              ],
              [
                14415343.39771632,
                4236786.78295777
              ],
              [
                14415100.16462894,
                4236753.67840534
              ],
              [
                14414856.65324283,
                4236723.24145662
              ],
              [
                14414612.80789824,
                4236695.40369204
              ],
              [
                14414368.68425493,
                4236670.23348903
              ],
              [
                14414124.28231289,
                4236647.66243217
              ],
              [
                14413879.65773187,
                4236627.8272993
              ],
              [
                14413634.86617162,
                4236610.52288509
              ],
              [
                14413389.90763213,
                4236595.95436779
              ],
              [
                14413144.7821134,
                4236583.98494317
              ],
              [
                14412899.54527519,
                4236574.68299933
              ],
              [
                14412654.19711748,
                4236568.04852951
              ],
              [
                14412408.79330003,
                4236564.08152885
              ],
              [
                14412163.38948257,
                4236562.78199445
              ],
              [
                14411917.98566512,
                4236564.08152885
              ],
              [
                14411672.63750741,
                4236568.04852951
              ],
              [
                14411427.2893497,
                4236574.68299933
              ],
              [
                14411182.05251148,
                4236583.98494317
              ],
              [
                14410936.92699275,
                4236595.95436779
              ],
              [
                14410691.96845327,
                4236610.52288509
              ],
              [
                14410447.12123326,
                4236627.8272993
              ],
              [
                14410202.49665225,
                4236647.66243217
              ],
              [
                14409958.15036995,
                4236670.23348903
              ],
              [
                14409714.02672665,
                4236695.40369204
              ],
              [
                14409470.18138206,
                4236723.24145662
              ],
              [
                14409226.61433621,
                4236753.67840534
              ],
              [
                14408983.43690857,
                4236786.78295777
              ],
              [
                14408740.59343941,
                4236822.55513804
              ],
              [
                14408498.1952482,
                4236860.85817544
              ],
              [
                14408256.18667522,
                4236901.82889378
              ],
              [
                14408014.6233802,
                4236945.46732296
              ],
              [
                14407773.56102288,
                4236991.63669634
              ],
              [
                14407532.99960328,
                4237040.47384492
              ],
              [
                14407292.93912139,
                4237091.84200464
              ],
              [
                14407053.49089669,
                4237145.87801141
              ],
              [
                14406814.59926944,
                4237202.44510356
              ],
              [
                14406576.37555915,
                4237261.68012205
              ],
              [
                14406338.76410605,
                4237323.37790621
              ],
              [
                14406101.8205699,
                4237387.74370267
              ],
              [
                14405865.60061043,
                4237454.57235206
              ],
              [
                14405630.10422765,
                4237524.00070444
              ],
              [
                14405395.38708132,
                4237596.02880917
              ],
              [
                14405161.39351167,
                4237670.51991055
              ],
              [
                14404928.2348382,
                4237747.54246269
              ],
              [
                14404695.96672066,
                4237827.09651888
              ],
              [
                14404464.5334993,
                4237909.1821342
              ],
              [
                14404233.93517413,
                4237993.79936548
              ],
              [
                14404004.33872437,
                4238080.81145929
              ],
              [
                14403775.63283053,
                4238170.35528572
              ],
              [
                14403547.92881211,
                4238262.36249964
              ],
              [
                14403321.22666912,
                4238356.90157076
              ],
              [
                14403095.52640153,
                4238453.76733954
              ],
              [
                14402870.88366911,
                4238553.16509447
              ],
              [
                14402647.29847185,
                4238654.95808521
              ],
              [
                14402424.88212925,
                4238759.14637843
              ],
              [
                14402203.5233218,
                4238865.73004241
              ],
              [
                14401983.33336901,
                4238974.77755854
              ],
              [
                14401764.36793063,
                4239086.15217577
              ],
              [
                14401546.5713469,
                4239199.85396497
              ],
              [
                14401329.99927755,
                4239315.95141226
              ],
              [
                14401114.70738236,
                4239434.37617925
              ],
              [
                14400900.69566131,
                4239555.12834133
              ],
              [
                14400687.9641144,
                4239678.20797539
              ],
              [
                14400476.56840138,
                4239803.54674304
              ],
              [
                14400266.50852225,
                4239931.2131393
              ],
              [
                14400057.89579651,
                4240061.13882711
              ],
              [
                14399850.61890465,
                4240193.32388677
              ],
              [
                14399644.78916617,
                4240327.69997998
              ],
              [
                14399440.40658109,
                4240464.33560815
              ],
              [
                14399237.52680912,
                4240603.16243405
              ],
              [
                14399036.14985026,
                4240744.1805409
              ],
              [
                14398836.27570455,
                4240887.39001325
              ],
              [
                14398637.90437194,
                4241032.72251257
              ],
              [
                14398441.14717198,
                4241180.17812329
              ],
              [
                14398246.00410462,
                4241329.82535736
              ],
              [
                14398052.41951012,
                4241481.52745009
              ],
              [
                14397860.504708,
                4241635.35291499
              ],
              [
                14397670.25969823,
                4241791.2334123
              ],
              [
                14397481.68448082,
                4241949.1690297
              ],
              [
                14397294.77905578,
                4242109.15985603
              ],
              [
                14397109.6547426,
                4242271.13754914
              ],
              [
                14396926.20022177,
                4242435.10219716
              ],
              [
                14396744.58247254,
                4242601.05388924
              ],
              [
                14396564.74583516,
                4242768.99271569
              ],
              [
                14396386.69030964,
                4242938.85033153
              ],
              [
                14396210.47155571,
                4243110.62682602
              ],
              [
                14396036.14523313,
                4243284.32228938
              ],
              [
                14395863.65568214,
                4243459.86837333
              ],
              [
                14395693.05856251,
                4243637.33360751
              ],
              [
                14395524.35387421,
                4243816.58120158
              ],
              [
                14395357.59727701,
                4243997.67968596
              ],
              [
                14395192.78877088,
                4244180.56070838
              ],
              [
                14395029.98401559,
                4244365.22435813
              ],
              [
                14394869.1273514,
                4244551.60227898
              ],
              [
                14394710.27443803,
                4244739.76300601
              ],
              [
                14394553.48093526,
                4244929.63818236
              ],
              [
                14394398.69118331,
                4245121.15944725
              ],
              [
                14394246.01650168,
                4245314.39533822
              ],
              [
                14394095.40123064,
                4245509.27749366
              ],
              [
                14393946.84537018,
                4245705.73754788
              ],
              [
                14393800.46023978,
                4245903.84404064
              ],
              [
                14393656.13451998,
                4246103.52860524
              ],
              [
                14393514.03518998,
                4246304.7228707
              ],
              [
                14393374.0509303,
                4246507.49537885
              ],
              [
                14393236.29306044,
                4246711.77775753
              ],
              [
                14393100.70592065,
                4246917.50163009
              ],
              [
                14392967.34517069,
                4247124.66707783
              ],
              [
                14392836.21081052,
                4247333.34264638
              ],
              [
                14392707.3028402,
                4247543.39149194
              ],
              [
                14392580.67691942,
                4247754.81369361
              ],
              [
                14392456.27738846,
                4247967.67779873
              ],
              [
                14392334.2155668,
                4248181.77848422
              ],
              [
                14392214.49145445,
                4248397.25276353
              ],
              [
                14392096.99373193,
                4248613.96377427
              ],
              [
                14391981.88937845,
                4248831.98006308
              ],
              [
                14391869.12273426,
                4249051.23323349
              ],
              [
                14391758.6937994,
                4249271.72335989
              ],
              [
                14391650.65823359,
                4249493.38203981
              ],
              [
                14391545.01603682,
                4249716.20934431
              ],
              [
                14391441.76720911,
                4249940.13686477
              ],
              [
                14391340.91175046,
                4250165.23315025
              ],
              [
                14391242.50532059,
                4250391.36130716
              ],
              [
                14391146.49225978,
                4250618.52139953
              ],
              [
                14391052.92822777,
                4250846.78197744
              ],
              [
                14390961.81322456,
                4251076.00613548
              ],
              [
                14390873.20290988,
                4251306.26242288
              ],
              [
                14390787.04162401,
                4251537.41392478
              ],
              [
                14390703.38502669,
                4251769.52918948
              ],
              [
                14390622.17745815,
                4252002.47129249
              ],
              [
                14390543.53023791,
                4252236.37727554
              ],
              [
                14390467.38770619,
                4252471.04171283
              ],
              [
                14390393.74986304,
                4252706.60164803
              ],
              [
                14390322.61670842,
                4252942.92014135
              ],
              [
                14390254.09956184,
                4253179.99724204
              ],
              [
                14390188.0871038,
                4253417.76449768
              ],
              [
                14390124.63499404,
                4253656.2904567
              ],
              [
                14390063.74323258,
                4253895.50666401
              ],
              [
                14390005.4118194,
                4254135.34465867
              ],
              [
                14389949.69641427,
                4254375.80448168
              ],
              [
                14389896.54135742,
                4254616.88617416
              ],
              [
                14389845.94664884,
                4254858.52126648
              ],
              [
                14389798.02360806,
                4255100.70979543
              ],
              [
                14389752.66091555,
                4255343.383284
              ],
              [
                14389709.9142311,
                4255586.54176458
              ],
              [
                14389669.72789492,
                4255830.18526962
              ],
              [
                14389632.21322652,
                4256074.17679473
              ],
              [
                14389597.3702259,
                4256318.65340331
              ],
              [
                14389565.08757357,
                4256563.47808495
              ],
              [
                14389535.42092927,
                4256808.58234006
              ],
              [
                14389508.42595276,
                4257054.10323678
              ],
              [
                14389484.10264402,
                4257299.83522485
              ],
              [
                14389462.39534332,
                4257545.84684631
              ],
              [
                14389443.30405065,
                4257792.06959093
              ],
              [
                14389426.88442576,
                4258038.50347307
              ],
              [
                14389413.08080889,
                4258285.07997482
              ],
              [
                14389401.94885982,
                4258531.86763982
              ],
              [
                14389393.48857851,
                4258778.66087625
              ],
              [
                14389387.64430525,
                4259025.59675851
              ],
              [
                14389384.52735951,
                4259272.60675788
              ],
              [
                14389383.97076205,
                4259519.62233945
              ],
              [
                14389386.14149213,
                4259766.64350373
              ],
              [
                14389390.92823023,
                4260013.60170803
              ],
              [
                14389398.38663611,
                4260260.56549292
              ],
              [
                14389408.46105003,
                4260507.39776639
              ],
              [
                14389421.26279147,
                4260754.09851964
              ],
              [
                14389436.68054094,
                4261000.66774388
              ],
              [
                14389454.71429845,
                4261247.03687944
              ],
              [
                14389475.41972374,
                4261493.20591289
              ],
              [
                14389498.7968168,
                4261739.17483083
              ],
              [
                14389524.78991791,
                4261984.87506433
              ],
              [
                14389553.39902705,
                4262230.23803832
              ],
              [
                14389584.67980396,
                4262475.33228879
              ],
              [
                14389618.5765889,
                4262720.02067748
              ],
              [
                14389655.14504163,
                4262964.37173893
              ],
              [
                14389694.27384264,
                4263208.31688739
              ],
              [
                14389736.07431143,
                4263451.85609578
              ],
              [
                14389780.49078826,
                4263694.92077082
              ],
              [
                14389827.52327312,
                4263937.44231313
              ],
              [
                14389877.11610626,
                4264179.48925596
              ],
              [
                14389929.32494746,
                4264420.99299704
              ],
              [
                14389984.14979666,
                4264661.95350044
              ],
              [
                14390041.53499417,
                4264902.23358263
              ],
              [
                14390101.53619971,
                4265141.90177416
              ],
              [
                14390164.09775353,
                4265380.95803481
              ],
              [
                14390229.21965564,
                4265619.26516784
              ],
              [
                14390296.90190605,
                4265856.89170413
              ],
              [
                14390367.14450474,
                4266093.76901802
              ],
              [
                14390439.94745171,
                4266329.89706083
              ],
              [
                14390515.31074698,
                4266565.20719978
              ],
              [
                14390593.12307105,
                4266799.69938207
              ],
              [
                14390673.4957434,
                4267033.30496785
              ],
              [
                14390756.3731043,
                4267266.02390031
              ],
              [
                14390841.75515373,
                4267497.92471298
              ],
              [
                14390929.64189172,
                4267728.801579
              ],
              [
                14391019.9776585,
                4267958.72302656
              ],
              [
                14391112.81811382,
                4268187.68899534
              ],
              [
                14391208.10759793,
                4268415.63082938
              ],
              [
                14391305.84611086,
                4268642.54846461
              ],
              [
                14391406.03365257,
                4268868.37323846
              ],
              [
                14391508.61456334,
                4269093.10508317
              ],
              [
                14391613.58884316,
                4269316.67532972
              ],
              [
                14391721.01215177,
                4269539.15250976
              ],
              [
                14391830.82882943,
                4269760.3993478
              ],
              [
                14391942.9832164,
                4269980.48437479
              ],
              [
                14392057.53097243,
                4270199.33891338
              ],
              [
                14392174.41643776,
                4270416.96288962
              ],
              [
                14392293.6396124,
                4270633.28762005
              ],
              [
                14392415.20049636,
                4270848.31302748
              ],
              [
                14392539.04342986,
                4271062.03903513
              ],
              [
                14392665.16841293,
                4271274.39695281
              ],
              [
                14392793.63110531,
                4271485.31808547
              ],
              [
                14392924.3201875,
                4271694.9395829
              ],
              [
                14393057.29131925,
                4271903.05551669
              ],
              [
                14393192.43318108,
                4272109.73441987
              ],
              [
                14393329.85709245,
                4272314.9762108
              ],
              [
                14393469.45173391,
                4272518.64356497
              ],
              [
                14393611.21710544,
                4272720.8736402
              ],
              [
                14393755.20886677,
                4272921.5291081
              ],
              [
                14393901.31569844,
                4273120.54125628
              ],
              [
                14394049.53760043,
                4273318.04724833
              ],
              [
                14394199.9302325,
                4273513.90974648
              ],
              [
                14394352.38227514,
                4273708.12866223
              ],
              [
                14394506.9493881,
                4273900.63527737
              ],
              [
                14394663.57591166,
                4274091.5667645
              ],
              [
                14394822.20618603,
                4274280.71714247
              ],
              [
                14394982.895871,
                4274468.15495261
              ],
              [
                14395145.64496653,
                4274653.81147148
              ],
              [
                14395310.34215317,
                4274837.68660811
              ],
              [
                14395476.98743088,
                4275019.7802724
              ],
              [
                14395645.63645942,
                4275200.09237511
              ],
              [
                14395816.17791932,
                4275378.55418814
              ],
              [
                14395988.6674703,
                4275555.09697983
              ],
              [
                14396162.99379289,
                4275729.85794082
              ],
              [
                14396339.26820656,
                4275902.63105637
              ],
              [
                14396517.32373209,
                4276073.55352018
              ],
              [
                14396697.27168895,
                4276242.48795488
              ],
              [
                14396879.00075767,
                4276409.43426805
              ],
              [
                14397062.51093824,
                4276574.4610156
              ],
              [
                14397247.80223067,
                4276737.49946209
              ],
              [
                14397434.87463494,
                4276898.48086899
              ],
              [
                14397623.61683159,
                4277057.40514517
              ],
              [
                14397814.08448034,
                4277214.27220066
              ],
              [
                14398006.22192145,
                4277369.08194661
              ],
              [
                14398200.02915492,
                4277521.83429537
              ],
              [
                14398395.450521,
                4277672.39185208
              ],
              [
                14398592.54167946,
                4277820.891836
              ],
              [
                14398791.13565102,
                4277967.19685095
              ],
              [
                14398991.34375522,
                4278111.37546545
              ],
              [
                14399193.11033229,
                4278253.35893728
              ],
              [
                14399396.37972247,
                4278393.14718063
              ],
              [
                14399601.15192579,
                4278530.74011099
              ],
              [
                14399807.37128248,
                4278666.06898479
              ],
              [
                14400015.09345231,
                4278799.13371764
              ],
              [
                14400224.20711576,
                4278930.00288869
              ],
              [
                14400434.71227285,
                4279058.53909301
              ],
              [
                14400646.55326382,
                4279184.81091172
              ],
              [
                14400859.78574844,
                4279308.74960159
              ],
              [
                14401074.35406694,
                4279430.42374824
              ],
              [
                14401290.2025596,
                4279549.69594379
              ],
              [
                14401507.33122638,
                4279666.63477607
              ],
              [
                14401725.74006732,
                4279781.24016995
              ],
              [
                14401945.31776291,
                4279893.44338359
              ],
              [
                14402166.1199729,
                4280003.24434275
              ],
              [
                14402388.09103754,
                4280110.64297479
              ],
              [
                14402611.23095683,
                4280215.63920864
              ],
              [
                14402835.48407104,
                4280318.16430396
              ],
              [
                14403060.7947204,
                4280418.28686246
              ],
              [
                14403287.21856467,
                4280515.93814577
              ],
              [
                14403514.64428437,
                4280611.18676012
              ],
              [
                14403743.07187947,
                4280703.89529589
              ],
              [
                14403972.50135,
                4280794.13236207
              ],
              [
                14404202.93269594,
                4280881.89789722
              ],
              [
                14404434.25459781,
                4280967.12316663
              ],
              [
                14404666.52271535,
                4281049.80811067
              ],
              [
                14404899.62572908,
                4281130.02134743
              ],
              [
                14405133.56363898,
                4281207.69414583
              ],
              [
                14405368.3921048,
                4281282.75777457
              ],
              [
                14405603.94414732,
                4281355.34953449
              ],
              [
                14405840.33108603,
                4281425.33202045
              ],
              [
                14406077.44160141,
                4281492.70518217
              ],
              [
                14406315.22003375,
                4281557.53764985
              ],
              [
                14406553.72204278,
                4281619.82937813
              ],
              [
                14406792.89196874,
                4281679.44296451
              ],
              [
                14407032.67415191,
                4281736.51572461
              ],
              [
                14407273.06859228,
                4281790.97893831
              ],
              [
                14407514.0196301,
                4281842.76388599
              ],
              [
                14407755.52726537,
                4281892.00789099
              ],
              [
                14407997.5914981,
                4281938.57355669
              ],
              [
                14408240.1010088,
                4281982.52953006
              ],
              [
                14408483.05579746,
                4282023.80709789
              ],
              [
                14408726.45586407,
                4282062.47491156
              ],
              [
                14408970.30120866,
                4282098.53294327
              ],
              [
                14409214.48051171,
                4282131.91248479
              ],
              [
                14409458.99377324,
                4282162.61351148
              ],
              [
                14409703.84099324,
                4282190.70468335
              ],
              [
                14409948.96651197,
                4282216.04861454
              ],
              [
                14410194.37032941,
                4282238.7826518
              ],
              [
                14410439.99678586,
                4282258.83809569
              ],
              [
                14410685.79022153,
                4282276.2836146
              ],
              [
                14410931.80629618,
                4282290.9818294
              ],
              [
                14411177.98935007,
                4282303.00141232
              ],
              [
                14411424.22806371,
                4282312.41103793
              ],
              [
                14411670.57809683,
                4282319.07333251
              ],
              [
                14411916.98378971,
                4282323.12565801
              ],
              [
                14412163.38948257,
                4282324.43064452
              ],
              [
                14412409.85083518,
                4282323.12565801
              ],
              [
                14412656.25652806,
                4282319.07333251
              ],
              [
                14412902.60656118,
                4282312.41103793
              ],
              [
                14413148.84527482,
                4282303.00141232
              ],
              [
                14413394.97266896,
                4282290.9818294
              ],
              [
                14413640.98874362,
                4282276.2836146
              ],
              [
                14413886.83783903,
                4282258.83809569
              ],
              [
                14414132.46429547,
                4282238.7826518
              ],
              [
                14414377.86811292,
                4282216.04861454
              ],
              [
                14414622.99363165,
                4282190.70468335
              ],
              [
                14414867.84085165,
                4282162.61351148
              ],
              [
                14415112.35411318,
                4282131.91248479
              ],
              [
                14415356.53341623,
                4282098.53294327
              ],
              [
                14415600.32310106,
                4282062.47491156
              ],
              [
                14415843.77882743,
                4282023.80709789
              ],
              [
                14416086.73361609,
                4281982.52953006
              ],
              [
                14416329.24312678,
                4281938.57355669
              ],
              [
                14416571.25169977,
                4281892.00789099
              ],
              [
                14416812.75933505,
                4281842.76388599
              ],
              [
                14417053.71037286,
                4281790.97893831
              ],
              [
                14417294.10481324,
                4281736.51572461
              ],
              [
                14417533.88699641,
                4281679.44296451
              ],
              [
                14417773.05692237,
                4281619.82937813
              ],
              [
                14418011.5589314,
                4281557.53764985
              ],
              [
                14418249.39302348,
                4281492.70518217
              ],
              [
                14418486.50353886,
                4281425.33202045
              ],
              [
                14418722.83481781,
                4281355.34953449
              ],
              [
                14418958.44252009,
                4281282.75777457
              ],
              [
                14419193.21532617,
                4281207.69414583
              ],
              [
                14419427.20889581,
                4281130.02134743
              ],
              [
                14419660.31190954,
                4281049.80811067
              ],
              [
                14419892.58002708,
                4280967.12316663
              ],
              [
                14420123.90192895,
                4280881.89789722
              ],
              [
                14420354.27761514,
                4280794.13236207
              ],
              [
                14420583.70708566,
                4280703.89529589
              ],
              [
                14420812.19034051,
                4280611.18676012
              ],
              [
                14421039.61606022,
                4280515.93814577
              ],
              [
                14421266.03990449,
                4280418.28686246
              ],
              [
                14421491.35055385,
                4280318.16430396
              ],
              [
                14421715.60366805,
                4280215.63920864
              ],
              [
                14421938.68792759,
                4280110.64297479
              ],
              [
                14422160.65899225,
                4280003.24434275
              ],
              [
                14422381.46120223,
                4279893.44338359
              ],
              [
                14422601.09455757,
                4279781.24016995
              ],
              [
                14422819.44773875,
                4279666.63477607
              ],
              [
                14423036.57640555,
                4279549.69594379
              ],
              [
                14423252.4248982,
                4279430.42374824
              ],
              [
                14423466.9932167,
                4279308.74960159
              ],
              [
                14423680.22570131,
                4279184.81091172
              ],
              [
                14423892.12235204,
                4279058.53909301
              ],
              [
                14424102.62750913,
                4278930.00288869
              ],
              [
                14424311.74117258,
                4278799.13371764
              ],
              [
                14424519.40768266,
                4278666.06898479
              ],
              [
                14424725.6826991,
                4278530.74011099
              ],
              [
                14424930.39924267,
                4278393.14718063
              ],
              [
                14425133.7242926,
                4278253.35893728
              ],
              [
                14425335.43520993,
                4278111.37546545
              ],
              [
                14425535.64331411,
                4277967.19685095
              ],
              [
                14425734.29294543,
                4277820.891836
              ],
              [
                14425931.32844413,
                4277672.39185208
              ],
              [
                14426126.80546996,
                4277521.83429537
              ],
              [
                14426320.61270344,
                4277369.08194661
              ],
              [
                14426512.75014455,
                4277214.27220066
              ],
              [
                14426703.21779329,
                4277057.40514517
              ],
              [
                14426891.95998995,
                4276898.48086899
              ],
              [
                14427078.97673447,
                4276737.49946209
              ],
              [
                14427264.26802689,
                4276574.4610156
              ],
              [
                14427447.83386722,
                4276409.43426805
              ],
              [
                14427629.56293594,
                4276242.48795488
              ],
              [
                14427809.45523306,
                4276073.55352018
              ],
              [
                14427987.56641832,
                4275902.63105637
              ],
              [
                14428163.78517225,
                4275729.85794082
              ],
              [
                14428338.16715458,
                4275555.09697983
              ],
              [
                14428510.65670556,
                4275378.55418814
              ],
              [
                14428681.19816545,
                4275200.09237511
              ],
              [
                14428849.79153427,
                4275019.7802724
              ],
              [
                14429016.49247172,
                4274837.68660811
              ],
              [
                14429181.18965836,
                4274653.81147148
              ],
              [
                14429343.88309415,
                4274468.15495261
              ],
              [
                14429504.57277911,
                4274280.71714247
              ],
              [
                14429663.25871323,
                4274091.5667645
              ],
              [
                14429819.88523679,
                4273900.63527737
              ],
              [
                14429974.45234975,
                4273708.12866223
              ],
              [
                14430126.90439239,
                4273513.90974648
              ],
              [
                14430277.2413647,
                4273318.04724833
              ],
              [
                14430425.51892644,
                4273120.54125628
              ],
              [
                14430571.62575812,
                4272921.5291081
              ],
              [
                14430715.5618597,
                4272720.8736402
              ],
              [
                14430857.38289098,
                4272518.64356497
              ],
              [
                14430996.97753242,
                4272314.9762108
              ],
              [
                14431134.34578407,
                4272109.73441987
              ],
              [
                14431269.54330563,
                4271903.05551669
              ],
              [
                14431402.51443738,
                4271694.9395829
              ],
              [
                14431533.20351958,
                4271485.31808547
              ],
              [
                14431661.61055222,
                4271274.39695281
              ],
              [
                14431787.79119502,
                4271062.03903513
              ],
              [
                14431911.63412853,
                4270848.31302748
              ],
              [
                14432033.19501248,
                4270633.28762005
              ],
              [
                14432152.41818711,
                4270416.96288962
              ],
              [
                14432269.30365245,
                4270199.33891338
              ],
              [
                14432383.85140848,
                4269980.48437479
              ],
              [
                14432496.00579546,
                4269760.3993478
              ],
              [
                14432605.82247312,
                4269539.15250976
              ],
              [
                14432713.19012199,
                4269316.67532972
              ],
              [
                14432818.22006155,
                4269093.10508317
              ],
              [
                14432920.80097232,
                4268868.37323846
              ],
              [
                14433020.98851403,
                4268642.54846461
              ],
              [
                14433118.72702695,
                4268415.63082938
              ],
              [
                14433214.01651107,
                4268187.68899534
              ],
              [
                14433306.80130665,
                4267958.72302656
              ],
              [
                14433397.19273317,
                4267728.801579
              ],
              [
                14433485.0238114,
                4267497.92471298
              ],
              [
                14433570.40586084,
                4267266.02390031
              ],
              [
                14433653.28322173,
                4267033.30496785
              ],
              [
                14433733.65589409,
                4266799.69938207
              ],
              [
                14433811.5238779,
                4266565.20719978
              ],
              [
                14433886.83151342,
                4266329.89706083
              ],
              [
                14433959.63446041,
                4266093.76901802
              ],
              [
                14434029.8770591,
                4265856.89170413
              ],
              [
                14434097.55930949,
                4265619.26516784
              ],
              [
                14434162.73687136,
                4265380.95803481
              ],
              [
                14434225.29842518,
                4265141.90177416
              ],
              [
                14434285.24397097,
                4264902.23358263
              ],
              [
                14434342.68482822,
                4264661.95350044
              ],
              [
                14434397.45401769,
                4264420.99299704
              ],
              [
                14434449.71851862,
                4264179.48925596
              ],
              [
                14434499.31135177,
                4263937.44231313
              ],
              [
                14434546.34383663,
                4263694.92077082
              ]
            ],
            [
              [
                14412285.6739432,
                4254846.3948531
              ],
              [
                14412529.85324626,
                4254859.54892925
              ],
              [
                14412772.97501416,
                4254885.92564004
              ],
              [
                14413014.37132993,
                4254925.3195473
              ],
              [
                14413253.26295718,
                4254977.59376847
              ],
              [
                14413489.03763868,
                4255042.74848826
              ],
              [
                14413721.02745749,
                4255120.50988683
              ],
              [
                14413948.50883693,
                4255210.6726939
              ],
              [
                14414170.81386005,
                4255312.89464768
              ],
              [
                14414387.38592938,
                4255427.03905746
              ],
              [
                14414597.50146826,
                4255552.62669013
              ],
              [
                14414800.65953895,
                4255689.38387568
              ],
              [
                14414996.19222453,
                4255836.89993126
              ],
              [
                14415183.59858729,
                4255994.76418441
              ],
              [
                14415362.26637,
                4256162.49745019
              ],
              [
                14415531.75029474,
                4256339.6205418
              ],
              [
                14415691.49376403,
                4256525.5857452
              ],
              [
                14415841.10715965,
                4256719.91385397
              ],
              [
                14415980.08954391,
                4256922.05712379
              ],
              [
                14416108.10695832,
                4257131.39926234
              ],
              [
                14416224.76978467,
                4257347.32394518
              ],
              [
                14416329.68840475,
                4257569.28333969
              ],
              [
                14416422.64017955,
                4257796.52399167
              ],
              [
                14416503.29115064,
                4258028.4979848
              ],
              [
                14416571.41867901,
                4258264.45176638
              ],
              [
                14416626.85578542,
                4258503.76879097
              ],
              [
                14416669.43549065,
                4258745.69539229
              ],
              [
                14416699.0464752,
                4258989.61491306
              ],
              [
                14416715.52175984,
                4259234.77356579
              ],
              [
                14416718.91700431,
                4259480.41749599
              ],
              [
                14416709.17654887,
                4259725.99840567
              ],
              [
                14416686.30039351,
                4259970.62523312
              ],
              [
                14416650.39985772,
                4260213.68101465
              ],
              [
                14416601.58626101,
                4260454.48018633
              ],
              [
                14416539.97092285,
                4260692.33712492
              ],
              [
                14416465.66516275,
                4260926.49760065
              ],
              [
                14416379.00293917,
                4261156.27587272
              ],
              [
                14416280.15123134,
                4261381.12325087
              ],
              [
                14416169.44399774,
                4261600.28534652
              ],
              [
                14416047.21519686,
                4261813.21338204
              ],
              [
                14415913.74312739,
                4262019.15287987
              ],
              [
                14415769.41740758,
                4262217.69210295
              ],
              [
                14415614.73897513,
                4262408.14506605
              ],
              [
                14415450.09744824,
                4262589.96287172
              ],
              [
                14415275.9381049,
                4262762.59660557
              ],
              [
                14415092.81754254,
                4262925.63446366
              ],
              [
                14414901.23669889,
                4263078.59607959
              ],
              [
                14414701.75217138,
                4263221.00108712
              ],
              [
                14414494.97621723,
                4263352.4376887
              ],
              [
                14414281.40977414,
                4263472.49409923
              ],
              [
                14414061.77641881,
                4263580.89568127
              ],
              [
                14413836.63274868,
                4263677.23069093
              ],
              [
                14413606.70234046,
                4263761.36167558
              ],
              [
                14413372.54179156,
                4263832.94551755
              ],
              [
                14413134.93033847,
                4263891.77626766
              ],
              [
                14412894.5358981,
                4263937.78515204
              ],
              [
                14412651.97072766,
                4263970.69773668
              ],
              [
                14412408.06972333,
                4263990.44533507
              ],
              [
                14412163.38948257,
                4263997.09644396
              ],
              [
                14411918.76490155,
                4263990.44533507
              ],
              [
                14411674.80823748,
                4263970.69773668
              ],
              [
                14411432.29872679,
                4263937.78515204
              ],
              [
                14411191.84862667,
                4263891.77626766
              ],
              [
                14410954.23717358,
                4263832.94551755
              ],
              [
                14410720.13228443,
                4263761.36167558
              ],
              [
                14410490.14621645,
                4263677.23069093
              ],
              [
                14410265.05820608,
                4263580.89568127
              ],
              [
                14410045.36919099,
                4263472.49409923
              ],
              [
                14409831.85840766,
                4263352.4376887
              ],
              [
                14409625.02679375,
                4263221.00108712
              ],
              [
                14409425.597926,
                4263078.59607959
              ],
              [
                14409234.01708235,
                4262925.63446366
              ],
              [
                14409050.89651999,
                4262762.59660557
              ],
              [
                14408876.73717664,
                4262589.96287172
              ],
              [
                14408712.09564976,
                4262408.14506605
              ],
              [
                14408557.36155756,
                4262217.69210295
              ],
              [
                14408413.0914975,
                4262019.15287987
              ],
              [
                14408279.61942803,
                4261813.21338204
              ],
              [
                14408157.33496739,
                4261600.28534652
              ],
              [
                14408046.6277338,
                4261381.12325087
              ],
              [
                14407947.83168572,
                4261156.27587272
              ],
              [
                14407861.11380239,
                4260926.49760065
              ],
              [
                14407786.86370203,
                4260692.33712492
              ],
              [
                14407725.24836387,
                4260454.48018633
              ],
              [
                14407676.37910743,
                4260213.68101465
              ],
              [
                14407640.47857164,
                4259970.62523312
              ],
              [
                14407617.65807602,
                4259725.99840567
              ],
              [
                14407607.86196083,
                4259480.41749599
              ],
              [
                14407611.25720531,
                4259234.77356579
              ],
              [
                14407627.78814969,
                4258989.61491306
              ],
              [
                14407657.3434745,
                4258745.69539229
              ],
              [
                14407699.92317972,
                4258503.76879097
              ],
              [
                14407755.41594588,
                4258264.45176638
              ],
              [
                14407823.54347425,
                4258028.4979848
              ],
              [
                14407904.19444533,
                4257796.52399167
              ],
              [
                14407997.14622014,
                4257569.28333969
              ],
              [
                14408102.06484022,
                4257347.32394518
              ],
              [
                14408218.72766657,
                4257131.39926234
              ],
              [
                14408346.68942124,
                4256922.05712379
              ],
              [
                14408485.72746524,
                4256719.91385397
              ],
              [
                14408635.28520111,
                4256525.5857452
              ],
              [
                14408795.08433014,
                4256339.6205418
              ],
              [
                14408964.56825488,
                4256162.49745019
              ],
              [
                14409143.2360376,
                4255994.76418441
              ],
              [
                14409330.58674061,
                4255836.89993126
              ],
              [
                14409526.17508594,
                4255689.38387568
              ],
              [
                14409729.27749689,
                4255552.62669013
              ],
              [
                14409939.44869551,
                4255427.03905746
              ],
              [
                14410156.02076484,
                4255312.89464768
              ],
              [
                14410378.32578796,
                4255210.6726939
              ],
              [
                14410605.80716738,
                4255120.50988683
              ],
              [
                14410837.79698621,
                4255042.74848826
              ],
              [
                14411073.57166771,
                4254977.59376847
              ],
              [
                14411312.46329494,
                4254925.3195473
              ],
              [
                14411553.85961073,
                4254885.92564004
              ],
              [
                14411796.98137863,
                4254859.54892925
              ],
              [
                14412041.16068168,
                4254846.3948531
              ],
              [
                14412285.6739432,
                4254846.3948531
              ]
            ]
          ]
        ]
      },
      "geometry_name": "ag_geom",
      "properties": {
        "prohibited": "<FNT name='TW Cen MT' size='6'><CLR cyan='10' magenta='100' yellow='100' black='0'>P62B<UND>UNL</UND>GND </CLR></FNT>",
        "prh_lbl_1": "P62B",
        "prh_lbl_2": "UNL",
        "prh_lbl_3": "GND",
        "prh_lbl_4": "비행제한구역",
        "prh_typ": "2"
      },
      "bbox": [
        14389383.97076205,
        4236562.78199445,
        14434942.80820309,
        4282324.43064452
      ]
    },
    {
      "type": "Feature",
      "id": "lt_c_aisprhc.13",
      "geometry": {
        "type": "MultiPolygon",
        "coordinates": [
          [
            [
              [
                14071680.37042787,
                4224034.14400482
              ],
              [
                14071924.1601127,
                4224027.58542187
              ],
              [
                14072167.17056111,
                4224007.84137803
              ],
              [
                14072408.84517562,
                4223975.04858077
              ],
              [
                14072648.40471981,
                4223929.27546474
              ],
              [
                14072885.12561697,
                4223870.59050956
              ],
              [
                14073118.45126968,
                4223799.26719041
              ],
              [
                14073347.54678173,
                4223715.51070299
              ],
              [
                14073571.85555568,
                4223619.45796333
              ],
              [
                14073790.70967458,
                4223511.45087027
              ],
              [
                14074003.49688123,
                4223391.76303431
              ],
              [
                14074209.54925869,
                4223260.87303325
              ],
              [
                14074408.31020949,
                4223118.98620563
              ],
              [
                14074599.16747647,
                4222966.58116066
              ],
              [
                14074781.62012187,
                4222804.13651212
              ],
              [
                14074955.16720802,
                4222632.06256398
              ],
              [
                14075119.1964777,
                4222450.9062381
              ],
              [
                14075273.37397246,
                4222261.14613613
              ],
              [
                14075417.14309481,
                4222063.32915397
              ],
              [
                14075550.11422657,
                4221858.07047184
              ],
              [
                14075671.95340924,
                4221645.98523995
              ],
              [
                14075782.21536487,
                4221427.62027221
              ],
              [
                14075880.73311422,
                4221203.59065151
              ],
              [
                14075967.06137933,
                4220974.57971965
              ],
              [
                14076041.08884071,
                4220741.27076898
              ],
              [
                14076102.48153988,
                4220504.27874283
              ],
              [
                14076151.12815736,
                4220264.35512605
              ],
              [
                14076186.91737365,
                4220022.1830471
              ],
              [
                14076209.68220952,
                4219778.37728382
              ],
              [
                14076219.42266496,
                4219533.75743251
              ],
              [
                14076216.02742049,
                4219288.93814953
              ],
              [
                14076199.6077956,
                4219044.6706119
              ],
              [
                14076170.10813054,
                4218801.63764392
              ],
              [
                14076127.69540455,
                4218560.52200989
              ],
              [
                14076072.42527737,
                4218322.07469827
              ],
              [
                14076004.52038799,
                4218086.9783524
              ],
              [
                14075924.20337538,
                4217855.84727977
              ],
              [
                14075831.58555904,
                4217629.43229788
              ],
              [
                14075727.05655718,
                4217408.27933552
              ],
              [
                14075610.8390088,
                4217193.13911311
              ],
              [
                14075483.26687234,
                4216984.55747697
              ],
              [
                14075344.7854258,
                4216783.14851674
              ],
              [
                14075195.72862763,
                4216589.45801805
              ],
              [
                14075036.54175579,
                4216404.16828612
              ],
              [
                14074867.67008825,
                4216227.68851785
              ],
              [
                14074689.61456273,
                4216060.56444269
              ],
              [
                14074502.93177667,
                4215903.27351176
              ],
              [
                14074308.12266778,
                4215756.29317445
              ],
              [
                14074105.68817377,
                4215620.03261636
              ],
              [
                14073896.2962116,
                4215494.83276772
              ],
              [
                14073680.55903844,
                4215381.17110577
              ],
              [
                14073458.97759202,
                4215279.2520662
              ],
              [
                14073232.33110876,
                4215189.4166417
              ],
              [
                14073001.23184588,
                4215111.93758962
              ],
              [
                14072766.29206055,
                4215047.01943777
              ],
              [
                14072528.23532949,
                4214994.86675166
              ],
              [
                14072287.72956964,
                4214955.68413682
              ],
              [
                14072045.49835766,
                4214929.40319275
              ],
              [
                14071802.20961053,
                4214916.29687524
              ],
              [
                14071558.53124519,
                4214916.29687524
              ],
              [
                14071315.24249807,
                4214929.40319275
              ],
              [
                14071073.01128609,
                4214955.68413682
              ],
              [
                14070832.50552624,
                4214994.86675166
              ],
              [
                14070594.44879518,
                4215047.01943777
              ],
              [
                14070359.50900986,
                4215111.93758962
              ],
              [
                14070128.40974696,
                4215189.4166417
              ],
              [
                14069901.76326371,
                4215279.2520662
              ],
              [
                14069680.23747704,
                4215381.17110577
              ],
              [
                14069464.44464414,
                4215494.83276772
              ],
              [
                14069255.05268196,
                4215620.03261636
              ],
              [
                14069052.67384769,
                4215756.29317445
              ],
              [
                14068857.80907906,
                4215903.27351176
              ],
              [
                14068671.126293,
                4216060.56444269
              ],
              [
                14068493.07076747,
                4216227.68851785
              ],
              [
                14068324.19909994,
                4216404.16828612
              ],
              [
                14068165.0122281,
                4216589.45801805
              ],
              [
                14068015.95542994,
                4216783.14851674
              ],
              [
                14067877.47398339,
                4216984.55747697
              ],
              [
                14067749.95750668,
                4217193.13911311
              ],
              [
                14067633.7399583,
                4217408.27933552
              ],
              [
                14067529.15529669,
                4217629.43229788
              ],
              [
                14067436.59314009,
                4217855.84727977
              ],
              [
                14067356.22046774,
                4218086.9783524
              ],
              [
                14067288.31557837,
                4218322.07469827
              ],
              [
                14067233.04545118,
                4218560.52200989
              ],
              [
                14067190.63272519,
                4218801.63764392
              ],
              [
                14067161.18871988,
                4219044.6706119
              ],
              [
                14067144.71343524,
                4219288.93814953
              ],
              [
                14067141.31819077,
                4219533.75743251
              ],
              [
                14067151.05864622,
                4219778.37728382
              ],
              [
                14067173.82348208,
                4220022.1830471
              ],
              [
                14067209.61269837,
                4220264.35512605
              ],
              [
                14067258.25931585,
                4220504.27874283
              ],
              [
                14067319.70767477,
                4220741.27076898
              ],
              [
                14067393.67947639,
                4220974.57971965
              ],
              [
                14067480.06340126,
                4221203.59065151
              ],
              [
                14067578.52549086,
                4221427.62027221
              ],
              [
                14067688.84310624,
                4221645.98523995
              ],
              [
                14067810.62662916,
                4221858.07047184
              ],
              [
                14067943.65342067,
                4222063.32915397
              ],
              [
                14068087.42254302,
                4222261.14613613
              ],
              [
                14068241.54437802,
                4222450.9062381
              ],
              [
                14068405.62930746,
                4222632.06256398
              ],
              [
                14068579.12073386,
                4222804.13651212
              ],
              [
                14068761.57337926,
                4222966.58116066
              ],
              [
                14068952.43064623,
                4223118.98620563
              ],
              [
                14069151.19159704,
                4223260.87303325
              ],
              [
                14069357.2439745,
                4223391.76303431
              ],
              [
                14069570.03118115,
                4223511.45087027
              ],
              [
                14069788.88530006,
                4223619.45796333
              ],
              [
                14070013.19407399,
                4223715.51070299
              ],
              [
                14070242.3452458,
                4223799.26719041
              ],
              [
                14070475.61523876,
                4223870.59050956
              ],
              [
                14070712.33613592,
                4223929.27546474
              ],
              [
                14070951.89568011,
                4223975.04858077
              ],
              [
                14071193.57029462,
                4224007.84137803
              ],
              [
                14071436.63640277,
                4224027.58542187
              ],
              [
                14071680.37042787,
                4224034.14400482
              ]
            ]
          ]
        ]
      },
      "geometry_name": "ag_geom",
      "properties": {
        "prohibited": "<FNT name='TW Cen MT' size='6'><CLR cyan='10' magenta='100' yellow='100' black='0'>P63A<UND>UNL</UND>GND </CLR></FNT>",
        "prh_lbl_1": "P63A",
        "prh_lbl_2": "UNL",
        "prh_lbl_3": "GND",
        "prh_lbl_4": "비행금지구역",
        "prh_typ": "1"
      },
      "bbox": [
        14067141.31819077,
        4214916.29687524,
        14076219.42266496,
        4224034.14400482
      ]
    },
    {
      "type": "Feature",
      "id": "lt_c_aisprhc.14",
      "geometry": {
        "type": "MultiPolygon",
        "coordinates": [
          [
            [
              [
                14093833.8953114,
                4224456.77093955
              ],
              [
                14093885.93717335,
                4224216.14624192
              ],
              [
                14093935.36302725,
                4223974.98026255
              ],
              [
                14093982.22853288,
                4223733.34135365
              ],
              [
                14094026.47803047,
                4223491.16123107
              ],
              [
                14094068.11152002,
                4223248.50824414
              ],
              [
                14094107.12900155,
                4223005.45073624
              ],
              [
                14094143.53047504,
                4222761.92042337
              ],
              [
                14094177.31594049,
                4222518.12226436
              ],
              [
                14094208.48539791,
                4222273.91966156
              ],
              [
                14094237.03884731,
                4222029.38094793
              ],
              [
                14094262.92062891,
                4221784.57445039
              ],
              [
                14094286.18640249,
                4221539.50018668
              ],
              [
                14094306.83616804,
                4221294.22647616
              ],
              [
                14094324.86992554,
                4221048.75333206
              ],
              [
                14094340.23201527,
                4220803.01246906
              ],
              [
                14094352.92243723,
                4220557.20879599
              ],
              [
                14094362.99685114,
                4220311.27402146
              ],
              [
                14094370.45525703,
                4220065.2764481
              ],
              [
                14094375.18633538,
                4219819.14778756
              ],
              [
                14094377.35706545,
                4219573.02463032
              ],
              [
                14094376.85612774,
                4219326.90697589
              ],
              [
                14094373.68352225,
                4219080.79482377
              ],
              [
                14094367.89490873,
                4218834.75645981
              ],
              [
                14094359.49028718,
                4218588.79187894
              ],
              [
                14094348.3583381,
                4218342.90107609
              ],
              [
                14094334.66604073,
                4218097.22060968
              ],
              [
                14094318.30207559,
                4217851.6821853
              ],
              [
                14094299.32210241,
                4217606.28579332
              ],
              [
                14094277.67046145,
                4217361.1679785
              ],
              [
                14094253.40281245,
                4217116.32872212
              ],
              [
                14094226.51915543,
                4216871.69973131
              ],
              [
                14094196.96383063,
                4216627.41753724
              ],
              [
                14094164.84815753,
                4216383.48211669
              ],
              [
                14094130.06081665,
                4216139.96171614
              ],
              [
                14094092.71312749,
                4215896.78803982
              ],
              [
                14094052.69377056,
                4215654.02933127
              ],
              [
                14094010.11406532,
                4215411.75382802
              ],
              [
                14093964.91835206,
                4215169.89323449
              ],
              [
                14093917.16229051,
                4214928.58404745
              ],
              [
                14093866.79022093,
                4214687.82623054
              ],
              [
                14093813.80214331,
                4214447.61974751
              ],
              [
                14093758.30937716,
                4214208.03281983
              ],
              [
                14093700.20060296,
                4213969.06540699
              ],
              [
                14093639.53148047,
                4213730.71746855
              ],
              [
                14093576.3020097,
                4213493.05721743
              ],
              [
                14093510.56785039,
                4213256.08460903
              ],
              [
                14093442.2733428,
                4213019.86784915
              ],
              [
                14093371.4184869,
                4212784.40688911
              ],
              [
                14093298.05894246,
                4212549.70168035
              ],
              [
                14093222.1947095,
                4212315.82042041
              ],
              [
                14093143.77012822,
                4212082.83130121
              ],
              [
                14093062.89651817,
                4211850.66602304
              ],
              [
                14092979.57387931,
                4211619.39277537
              ],
              [
                14092893.69089216,
                4211389.01150193
              ],
              [
                14092805.41453595,
                4211159.65862427
              ],
              [
                14092714.63349122,
                4210931.19760336
              ],
              [
                14092621.40341768,
                4210703.76485558
              ],
              [
                14092525.77997509,
                4210477.42855173
              ],
              [
                14092427.7075037,
                4210252.05215792
              ],
              [
                14092327.24166326,
                4210027.84031045
              ],
              [
                14092224.32679403,
                4209804.65647746
              ],
              [
                14092119.07421547,
                4209582.63705442
              ],
              [
                14092011.42826788,
                4209361.78197095
              ],
              [
                14091901.38895123,
                4209142.09115699
              ],
              [
                14091789.06758502,
                4208923.63276782
              ],
              [
                14091674.35284975,
                4208706.40673011
              ],
              [
                14091557.35606493,
                4208490.41297097
              ],
              [
                14091438.0215708,
                4208275.71963885
              ],
              [
                14091316.4050271,
                4208062.32665774
              ],
              [
                14091192.45077411,
                4207850.30217038
              ],
              [
                14091066.32579104,
                4207639.5778808
              ],
              [
                14090937.86309866,
                4207430.29014581
              ],
              [
                14090807.22967622,
                4207222.43888356
              ],
              [
                14090674.31420421,
                4207015.95579968
              ],
              [
                14090539.22800214,
                4206810.90902913
              ],
              [
                14090401.97106999,
                4206607.36670238
              ],
              [
                14090262.48774803,
                4206405.32873609
              ],
              [
                14090120.88935573,
                4206204.8632557
              ],
              [
                14089977.12023337,
                4206005.90196852
              ],
              [
                14089831.23604069,
                4205808.51299883
              ],
              [
                14089683.23677769,
                4205612.69626217
              ],
              [
                14089533.1781041,
                4205418.58808131
              ],
              [
                14089381.06001992,
                4205226.0519619
              ],
              [
                14089226.82686543,
                4205035.15602251
              ],
              [
                14089070.5899601,
                4204845.96837768
              ],
              [
                14088912.34930394,
                4204658.48893952
              ],
              [
                14088752.04923719,
                4204472.71762093
              ],
              [
                14088589.80107936,
                4204288.72253189
              ],
              [
                14088425.60483044,
                4204106.50358353
              ],
              [
                14088259.46049044,
                4203926.06068786
              ],
              [
                14088091.36805934,
                4203747.46195063
              ],
              [
                14087921.3831969,
                4203570.6390905
              ],
              [
                14087749.56156285,
                4203395.72840358
              ],
              [
                14087575.79183773,
                4203222.66160927
              ],
              [
                14087400.24100075,
                4203051.43862081
              ],
              [
                14087222.85339217,
                4202882.19572754
              ],
              [
                14087043.62901199,
                4202714.86465183
              ],
              [
                14086862.6791797,
                4202549.51349225
              ],
              [
                14086679.94823556,
                4202386.14215983
              ],
              [
                14086495.43617958,
                4202224.68238311
              ],
              [
                14086309.25433123,
                4202065.27044331
              ],
              [
                14086121.34703077,
                4201907.9062517
              ],
              [
                14085931.76993794,
                4201752.58972071
              ],
              [
                14085740.52305276,
                4201599.32076393
              ],
              [
                14085547.66203496,
                4201448.16747479
              ],
              [
                14085353.18688454,
                4201299.0615886
              ],
              [
                14085157.15326126,
                4201152.07119931
              ],
              [
                14084959.56116511,
                4201007.26439844
              ],
              [
                14084760.41059607,
                4200864.57292495
              ],
              [
                14084559.70155417,
                4200724.06487112
              ],
              [
                14084357.5453589,
                4200585.74015357
              ],
              [
                14084153.94201023,
                4200449.59869026
              ],
              [
                14083948.83584845,
                4200315.64040048
              ],
              [
                14083742.33819302,
                4200183.93337567
              ],
              [
                14083534.44904396,
                4200054.47753532
              ],
              [
                14083325.16840128,
                4199927.34096959
              ],
              [
                14083114.5519247,
                4199802.38726126
              ],
              [
                14082902.59961422,
                4199679.75267188
              ],
              [
                14082689.31146987,
                4199559.4371242
              ],
              [
                14082474.79881111,
                4199441.44054244
              ],
              [
                14082259.00597821,
                4199325.76285227
              ],
              [
                14082041.98863091,
                4199212.40398087
              ],
              [
                14081823.80242895,
                4199101.43202109
              ],
              [
                14081604.39171259,
                4198992.84690101
              ],
              [
                14081383.86780133,
                4198886.5803873
              ],
              [
                14081162.23069516,
                4198782.76873764
              ],
              [
                14080939.48039409,
                4198681.34372117
              ],
              [
                14080715.6168981,
                4198582.30527216
              ],
              [
                14080490.75152669,
                4198485.72148687
              ],
              [
                14080264.82862014,
                4198391.59230095
              ],
              [
                14080037.95949789,
                4198299.91765165
              ],
              [
                14079810.08850025,
                4198210.69747788
              ],
              [
                14079581.27128692,
                4198123.93172018
              ],
              [
                14079351.56351766,
                4198039.68847844
              ],
              [
                14079120.96519249,
                4197957.89953777
              ],
              [
                14078889.47631138,
                4197878.56484366
              ],
              [
                14078657.20819384,
                4197801.82065573
              ],
              [
                14078424.04952037,
                4197727.59876423
              ],
              [
                14078190.16727022,
                4197655.83096301
              ],
              [
                14077955.50578363,
                4197586.65351406
              ],
              [
                14077720.12072035,
                4197519.99821425
              ],
              [
                14077484.06774012,
                4197455.93317203
              ],
              [
                14077247.34684294,
                4197394.39018864
              ],
              [
                14077009.90236909,
                4197335.43737532
              ],
              [
                14076771.90129776,
                4197279.0746906
              ],
              [
                14076533.28796925,
                4197225.23394218
              ],
              [
                14076294.17370303,
                4197173.98324556
              ],
              [
                14076054.4471796,
                4197125.39071679
              ],
              [
                14075814.21971847,
                4197079.32001724
              ],
              [
                14075573.54697938,
                4197035.90741839
              ],
              [
                14075332.42896232,
                4196995.08473767
              ],
              [
                14075090.8656673,
                4196956.85194638
              ],
              [
                14074848.91275406,
                4196921.27716845
              ],
              [
                14074606.5702226,
                4196888.2922276
              ],
              [
                14074363.94939242,
                4196857.89710066
              ],
              [
                14074120.99460376,
                4196830.15991651
              ],
              [
                14073877.70585663,
                4196805.08065513
              ],
              [
                14073634.19447053,
                4196782.59114848
              ],
              [
                14073390.46044544,
                4196762.82768041
              ],
              [
                14073146.5594411,
                4196745.58578712
              ],
              [
                14072902.43579779,
                4196731.06990573
              ],
              [
                14072658.200835,
                4196719.14372635
              ],
              [
                14072413.8545527,
                4196709.87539013
              ],
              [
                14072169.39695092,
                4196703.26489036
              ],
              [
                14071924.88368939,
                4196699.31222228
              ],
              [
                14071680.37042787,
                4196698.01738305
              ],
              [
                14071435.85716633,
                4196699.31222228
              ],
              [
                14071191.34390481,
                4196703.26489036
              ],
              [
                14070946.88630302,
                4196709.87539013
              ],
              [
                14070702.54002074,
                4196719.14372635
              ],
              [
                14070458.30505794,
                4196731.06990573
              ],
              [
                14070214.23707438,
                4196745.58578712
              ],
              [
                14069970.28041029,
                4196762.82768041
              ],
              [
                14069726.5463852,
                4196782.59114848
              ],
              [
                14069483.03499909,
                4196805.08065513
              ],
              [
                14069239.80191172,
                4196830.15991651
              ],
              [
                14068996.79146331,
                4196857.89710066
              ],
              [
                14068754.17063313,
                4196888.2922276
              ],
              [
                14068511.82810167,
                4196921.27716845
              ],
              [
                14068269.87518843,
                4196956.85194638
              ],
              [
                14068028.31189341,
                4196995.08473767
              ],
              [
                14067787.19387635,
                4197035.90741839
              ],
              [
                14067546.52113726,
                4197079.32001724
              ],
              [
                14067306.29367613,
                4197125.39071679
              ],
              [
                14067066.62281245,
                4197173.98324556
              ],
              [
                14066827.45288648,
                4197225.23394218
              ],
              [
                14066588.83955797,
                4197279.0746906
              ],
              [
                14066350.83848664,
                4197335.43737532
              ],
              [
                14066113.44967253,
                4197394.39018864
              ],
              [
                14065876.67311561,
                4197455.93317203
              ],
              [
                14065640.62013539,
                4197519.99821425
              ],
              [
                14065405.2350721,
                4197586.65351406
              ],
              [
                14065170.57358551,
                4197655.83096301
              ],
              [
                14064936.69133536,
                4197727.59876423
              ],
              [
                14064703.58832163,
                4197801.82065573
              ],
              [
                14064471.26454435,
                4197878.56484366
              ],
              [
                14064239.77566324,
                4197957.89953777
              ],
              [
                14064009.17733807,
                4198039.68847844
              ],
              [
                14063779.46956881,
                4198123.93172018
              ],
              [
                14063550.65235548,
                4198210.69747788
              ],
              [
                14063322.78135784,
                4198299.91765165
              ],
              [
                14063095.9122356,
                4198391.59230095
              ],
              [
                14062869.98932903,
                4198485.72148687
              ],
              [
                14062645.12395763,
                4198582.30527216
              ],
              [
                14062421.31612139,
                4198681.34372117
              ],
              [
                14062198.51016057,
                4198782.76873764
              ],
              [
                14061976.8730544,
                4198886.5803873
              ],
              [
                14061756.34914314,
                4198992.84690101
              ],
              [
                14061536.93842678,
                4199101.43202109
              ],
              [
                14061318.75222482,
                4199212.40398087
              ],
              [
                14061101.73487753,
                4199325.76285227
              ],
              [
                14060885.94204462,
                4199441.44054244
              ],
              [
                14060671.42938586,
                4199559.4371242
              ],
              [
                14060458.19690125,
                4199679.75267188
              ],
              [
                14060246.24459078,
                4199802.38726126
              ],
              [
                14060035.6281142,
                4199927.34096959
              ],
              [
                14059826.3474715,
                4200054.47753532
              ],
              [
                14059618.40266271,
                4200183.93337567
              ],
              [
                14059411.90500729,
                4200315.64040048
              ],
              [
                14059206.85450525,
                4200449.59869026
              ],
              [
                14059003.19549684,
                4200585.74015357
              ],
              [
                14058801.03930155,
                4200724.06487112
              ],
              [
                14058600.38591941,
                4200864.57292495
              ],
              [
                14058401.23535037,
                4201007.26439844
              ],
              [
                14058203.58759447,
                4201152.07119931
              ],
              [
                14058007.55397118,
                4201299.0615886
              ],
              [
                14057813.07882076,
                4201448.16747479
              ],
              [
                14057620.21780297,
                4201599.32076393
              ],
              [
                14057428.97091778,
                4201752.58972071
              ],
              [
                14057239.39382496,
                4201907.9062517
              ],
              [
                14057051.54218425,
                4202065.27044331
              ],
              [
                14056865.30467615,
                4202224.68238311
              ],
              [
                14056680.84827991,
                4202386.14215983
              ],
              [
                14056498.06167603,
                4202549.51349225
              ],
              [
                14056317.11184374,
                4202714.86465183
              ],
              [
                14056137.88746356,
                4202882.19572754
              ],
              [
                14055960.49985499,
                4203051.43862081
              ],
              [
                14055784.949018,
                4203222.66160927
              ],
              [
                14055611.23495261,
                4203395.72840358
              ],
              [
                14055439.35765884,
                4203570.6390905
              ],
              [
                14055269.37279639,
                4203747.46195063
              ],
              [
                14055101.2803653,
                4203926.06068786
              ],
              [
                14054935.13602529,
                4204106.50358353
              ],
              [
                14054770.93977637,
                4204288.72253189
              ],
              [
                14054608.69161853,
                4204472.71762093
              ],
              [
                14054448.44721154,
                4204658.48893952
              ],
              [
                14054290.15089563,
                4204845.96837768
              ],
              [
                14054133.91399031,
                4205035.15602251
              ],
              [
                14053979.73649556,
                4205226.0519619
              ],
              [
                14053827.56275163,
                4205418.58808131
              ],
              [
                14053677.50407806,
                4205612.69626217
              ],
              [
                14053529.50481505,
                4205808.51299883
              ],
              [
                14053383.62062236,
                4206005.90196852
              ],
              [
                14053239.8515,
                4206204.8632557
              ],
              [
                14053098.25310771,
                4206405.32873609
              ],
              [
                14052958.82544549,
                4206607.36670238
              ],
              [
                14052821.51285359,
                4206810.90902913
              ],
              [
                14052686.42665152,
                4207015.95579968
              ],
              [
                14052553.56683926,
                4207222.43888356
              ],
              [
                14052422.87775707,
                4207430.29014581
              ],
              [
                14052294.47072444,
                4207639.5778808
              ],
              [
                14052168.29008162,
                4207850.30217038
              ],
              [
                14052044.39148836,
                4208062.32665774
              ],
              [
                14051922.71928493,
                4208275.71963885
              ],
              [
                14051803.44045055,
                4208490.41297097
              ],
              [
                14051686.38800598,
                4208706.40673011
              ],
              [
                14051571.72893046,
                4208923.63276782
              ],
              [
                14051459.3519045,
                4209142.09115699
              ],
              [
                14051349.31258786,
                4209361.78197095
              ],
              [
                14051241.66664026,
                4209582.63705442
              ],
              [
                14051136.41406172,
                4209804.65647746
              ],
              [
                14051033.55485222,
                4210027.84031045
              ],
              [
                14050933.03335203,
                4210252.05215792
              ],
              [
                14050834.96088064,
                4210477.42855173
              ],
              [
                14050739.33743805,
                4210703.76485558
              ],
              [
                14050646.10736451,
                4210931.19760336
              ],
              [
                14050555.38197952,
                4211159.65862427
              ],
              [
                14050467.04996357,
                4211389.01150193
              ],
              [
                14050381.22263617,
                4211619.39277537
              ],
              [
                14050297.84433756,
                4211850.66602304
              ],
              [
                14050216.97072751,
                4212082.83130121
              ],
              [
                14050138.60180599,
                4212315.82042041
              ],
              [
                14050062.68191327,
                4212549.70168035
              ],
              [
                14049989.32236883,
                4212784.40688911
              ],
              [
                14049918.52317269,
                4213019.86784915
              ],
              [
                14049850.22866509,
                4213256.08460903
              ],
              [
                14049784.43884603,
                4213493.05721743
              ],
              [
                14049721.20937525,
                4213730.71746855
              ],
              [
                14049660.54025277,
                4213969.06540699
              ],
              [
                14049602.43147859,
                4214208.03281983
              ],
              [
                14049546.93871242,
                4214447.61974751
              ],
              [
                14049493.9506348,
                4214687.82623054
              ],
              [
                14049443.57856522,
                4214928.58404745
              ],
              [
                14049395.82250366,
                4215169.89323449
              ],
              [
                14049350.6267904,
                4215411.75382802
              ],
              [
                14049308.04708517,
                4215654.02933127
              ],
              [
                14049268.02772824,
                4215896.78803982
              ],
              [
                14049230.68003908,
                4216139.96171614
              ],
              [
                14049195.8926982,
                4216383.48211669
              ],
              [
                14049163.77702512,
                4216627.41753724
              ],
              [
                14049134.2217003,
                4216871.69973131
              ],
              [
                14049107.33804327,
                4217116.32872212
              ],
              [
                14049083.07039428,
                4217361.1679785
              ],
              [
                14049061.47441307,
                4217606.28579332
              ],
              [
                14049042.43878014,
                4217851.6821853
              ],
              [
                14049026.074815,
                4218097.22060968
              ],
              [
                14049012.38251763,
                4218342.90107609
              ],
              [
                14049001.3062283,
                4218588.79187894
              ],
              [
                14048992.845947,
                4218834.75645981
              ],
              [
                14048987.05733348,
                4219080.79482377
              ],
              [
                14048983.88472799,
                4219326.90697589
              ],
              [
                14048983.38379028,
                4219573.02463032
              ],
              [
                14048985.55452035,
                4219819.14778756
              ],
              [
                14048990.34125845,
                4220065.2764481
              ],
              [
                14048997.74400459,
                4220311.27402146
              ],
              [
                14049007.8184185,
                4220557.20879599
              ],
              [
                14049020.56450021,
                4220803.01246906
              ],
              [
                14049035.92658994,
                4221048.75333206
              ],
              [
                14049053.9046877,
                4221294.22647616
              ],
              [
                14049074.55445324,
                4221539.50018668
              ],
              [
                14049097.82022682,
                4221784.57445039
              ],
              [
                14049123.70200843,
                4222029.38094793
              ],
              [
                14049152.25545782,
                4222273.91966156
              ],
              [
                14049183.42491523,
                4222518.12226436
              ],
              [
                14049217.21038069,
                4222761.92042337
              ],
              [
                14049253.61185419,
                4223005.45073624
              ],
              [
                14049292.68499545,
                4223248.50824414
              ],
              [
                14049334.31848501,
                4223491.16123107
              ],
              [
                14049378.5679826,
                4223733.34135365
              ],
              [
                14049425.37782847,
                4223974.98026255
              ],
              [
                14049474.85934213,
                4224216.14624192
              ],
              [
                14049526.90120408,
                4224456.77093955
              ],
              [
                14049581.50341431,
                4224696.85432002
              ],
              [
                14049638.72163258,
                4224936.32802381
              ],
              [
                14049698.50019914,
                4225175.12368551
              ],
              [
                14049760.83911398,
                4225413.30958822
              ],
              [
                14049825.73837711,
                4225650.74903515
              ],
              [
                14049893.14232879,
                4225887.51030816
              ],
              [
                14049963.1622885,
                4226123.52503199
              ],
              [
                14050035.68693675,
                4226358.79315865
              ],
              [
                14050110.77193329,
                4226593.24630582
              ],
              [
                14050188.30595862,
                4226826.88442148
              ],
              [
                14050268.40033225,
                4227059.70745375
              ],
              [
                14050350.99939442,
                4227291.5786733
              ],
              [
                14050436.04748538,
                4227522.63470053
              ],
              [
                14050523.65592464,
                4227752.67045902
              ],
              [
                14050613.65773294,
                4227981.82257106
              ],
              [
                14050706.1642298,
                4228209.95429239
              ],
              [
                14050801.11975545,
                4228437.06555959
              ],
              [
                14050898.46865015,
                4228663.0879621
              ],
              [
                14050998.26657364,
                4228888.15813038
              ],
              [
                14051100.51352593,
                4229112.07095553
              ],
              [
                14051205.15384728,
                4229334.8263669
              ],
              [
                14051312.18753768,
                4229556.49264711
              ],
              [
                14051421.55893738,
                4229777.00137605
              ],
              [
                14051533.32370613,
                4229996.28412845
              ],
              [
                14051647.48184395,
                4230214.34083099
              ],
              [
                14051763.92203131,
                4230431.17141077
              ],
              [
                14051882.75558774,
                4230646.70743557
              ],
              [
                14052003.87119372,
                4230860.94882925
              ],
              [
                14052127.26884926,
                4231073.89551618
              ],
              [
                14052252.94855437,
                4231285.47905745
              ],
              [
                14052380.91030903,
                4231495.69937437
              ],
              [
                14052511.15411326,
                4231704.48802246
              ],
              [
                14052643.62430731,
                4231911.91328773
              ],
              [
                14052778.32089117,
                4232117.8383553
              ],
              [
                14052915.18820509,
                4232322.26314084
              ],
              [
                14053054.28190885,
                4232525.25593205
              ],
              [
                14053195.6020024,
                4232726.74827695
              ],
              [
                14053339.0371663,
                4232926.67171911
              ],
              [
                14053484.58740051,
                4233125.02617291
              ],
              [
                14053632.30836479,
                4233321.74317706
              ],
              [
                14053782.14439939,
                4233516.89102114
              ],
              [
                14053934.03984458,
                4233710.40124282
              ],
              [
                14054088.05036009,
                4233902.27375555
              ],
              [
                14054244.12028619,
                4234092.44009238
              ],
              [
                14054402.19396311,
                4234280.90016471
              ],
              [
                14054562.32705063,
                4234467.65388474
              ],
              [
                14054724.46388896,
                4234652.70116542
              ],
              [
                14054888.54881839,
                4234835.90514897
              ],
              [
                14055054.58183891,
                4235017.40251696
              ],
              [
                14055222.61861026,
                4235196.98802069
              ],
              [
                14055392.54781295,
                4235374.79834467
              ],
              [
                14055564.42510674,
                4235550.76501242
              ],
              [
                14055738.13917213,
                4235724.819544
              ],
              [
                14055913.74566885,
                4235897.03024089
              ],
              [
                14056091.18893718,
                4236067.26022942
              ],
              [
                14056270.4689771,
                4236235.64620649
              ],
              [
                14056451.53012887,
                4236401.98290063
              ],
              [
                14056634.3723925,
                4236566.40701182
              ],
              [
                14056818.99576798,
                4236728.78165898
              ],
              [
                14057005.34459557,
                4236889.24354833
              ],
              [
                14057193.474535,
                4237047.58739731
              ],
              [
                14057383.21860707,
                4237203.88151477
              ],
              [
                14057574.68813123,
                4237358.1258132
              ],
              [
                14057767.77178801,
                4237510.32020616
              ],
              [
                14057962.52523715,
                4237660.39620501
              ],
              [
                14058158.83715917,
                4237808.28531853
              ],
              [
                14058356.76321381,
                4237954.12426875
              ],
              [
                14058556.2477413,
                4238097.77616174
              ],
              [
                14058757.29074167,
                4238239.24091159
              ],
              [
                14058959.78089543,
                4238378.51843373
              ],
              [
                14059163.82952206,
                4238515.60864487
              ],
              [
                14059369.32530206,
                4238650.4430535
              ],
              [
                14059576.26823544,
                4238783.02157645
              ],
              [
                14059784.60266246,
                4238913.41254313
              ],
              [
                14059994.32858312,
                4239041.47905159
              ],
              [
                14060205.4459974,
                4239167.28943319
              ],
              [
                14060417.89924558,
                4239290.77519678
              ],
              [
                14060631.68832765,
                4239412.00467817
              ],
              [
                14060846.75758386,
                4239530.84097246
              ],
              [
                14061063.10701422,
                4239647.35241768
              ],
              [
                14061280.68095898,
                4239761.53893972
              ],
              [
                14061499.47941813,
                4239873.33204882
              ],
              [
                14061719.50239168,
                4239982.7316718
              ],
              [
                14061940.63856014,
                4240089.73773705
              ],
              [
                14062162.94358325,
                4240194.35017451
              ],
              [
                14062386.36180128,
                4240296.56891571
              ],
              [
                14062610.89321421,
                4240396.32547328
              ],
              [
                14062836.4821623,
                4240493.61978003
              ],
              [
                14063063.07298581,
                4240588.45177044
              ],
              [
                14063290.72134448,
                4240680.88980286
              ],
              [
                14063519.31591882,
                4240770.79697119
              ],
              [
                14063748.85670884,
                4240858.1732132
              ],
              [
                14063979.34371454,
                4240943.15531609
              ],
              [
                14064210.77693589,
                4241025.53795111
              ],
              [
                14064443.04505343,
                4241105.4579094
              ],
              [
                14064676.14806715,
                4241182.77828642
              ],
              [
                14064910.08597705,
                4241257.63587882
              ],
              [
                14065144.8031234,
                4241329.9622099
              ],
              [
                14065380.29950616,
                4241399.68880286
              ],
              [
                14065616.57512538,
                4241466.81560811
              ],
              [
                14065853.51866153,
                4241531.41100543
              ],
              [
                14066091.13011463,
                4241593.47495009
              ],
              [
                14066329.40948467,
                4241652.87054253
              ],
              [
                14066568.35677166,
                4241709.73459666
              ],
              [
                14066807.8606561,
                4241763.99864413
              ],
              [
                14067047.92113799,
                4241815.66264633
              ],
              [
                14067288.59387709,
                4241864.65813689
              ],
              [
                14067529.71189415,
                4241911.05350995
              ],
              [
                14067771.33084891,
                4241954.8487325
              ],
              [
                14068013.45074139,
                4241996.04377336
              ],
              [
                14068255.96025208,
                4242034.57017259
              ],
              [
                14068498.85938099,
                4242070.42790202
              ],
              [
                14068742.14812812,
                4242103.68536659
              ],
              [
                14068985.82649347,
                4242134.27411134
              ],
              [
                14069229.78315755,
                4242162.2625454
              ],
              [
                14069474.01812034,
                4242187.58221723
              ],
              [
                14069718.47572212,
                4242210.16467658
              ],
              [
                14069963.21162264,
                4242230.21520219
              ],
              [
                14070208.17016213,
                4242247.52848418
              ],
              [
                14070453.29568086,
                4242262.17294168
              ],
              [
                14070698.53251907,
                4242274.21699615
              ],
              [
                14070943.88067678,
                4242283.52377457
              ],
              [
                14071189.34015398,
                4242290.16170225
              ],
              [
                14071434.85529092,
                4242294.19920662
              ],
              [
                14071680.37042787,
                4242295.4994202
              ],
              [
                14071925.88556481,
                4242294.19920662
              ],
              [
                14072171.40070176,
                4242290.16170225
              ],
              [
                14072416.86017896,
                4242283.52377457
              ],
              [
                14072662.20833666,
                4242274.21699615
              ],
              [
                14072907.50083462,
                4242262.17294168
              ],
              [
                14073152.5706936,
                4242247.52848418
              ],
              [
                14073397.5292331,
                4242230.21520219
              ],
              [
                14073642.26513361,
                4242210.16467658
              ],
              [
                14073886.77839513,
                4242187.58221723
              ],
              [
                14074131.01335793,
                4242162.2625454
              ],
              [
                14074374.970022,
                4242134.27411134
              ],
              [
                14074618.5927276,
                4242103.68536659
              ],
              [
                14074861.88147473,
                4242070.42790202
              ],
              [
                14075104.78060365,
                4242034.57017259
              ],
              [
                14075347.34577409,
                4241996.04377336
              ],
              [
                14075589.41000682,
                4241954.8487325
              ],
              [
                14075831.02896159,
                4241911.05350995
              ],
              [
                14076072.20263838,
                4241864.65813689
              ],
              [
                14076312.81971774,
                4241815.66264633
              ],
              [
                14076552.88019963,
                4241763.99864413
              ],
              [
                14076792.43974382,
                4241709.73459666
              ],
              [
                14077031.33137107,
                4241652.87054253
              ],
              [
                14077269.61074111,
                4241593.47495009
              ],
              [
                14077507.27785395,
                4241531.41100543
              ],
              [
                14077744.2213901,
                4241466.81560811
              ],
              [
                14077980.44134956,
                4241399.68880286
              ],
              [
                14078215.93773233,
                4241329.9622099
              ],
              [
                14078450.65487868,
                4241257.63587882
              ],
              [
                14078684.59278858,
                4241182.77828642
              ],
              [
                14078917.75146205,
                4241105.4579094
              ],
              [
                14079150.01957959,
                4241025.53795111
              ],
              [
                14079381.39714119,
                4240943.15531609
              ],
              [
                14079611.88414689,
                4240858.1732132
              ],
              [
                14079841.42493691,
                4240770.79697119
              ],
              [
                14080070.07517099,
                4240680.88980286
              ],
              [
                14080297.66786992,
                4240588.45177044
              ],
              [
                14080524.25869343,
                4240493.61978003
              ],
              [
                14080749.84764152,
                4240396.32547328
              ],
              [
                14080974.37905445,
                4240296.56891571
              ],
              [
                14081197.79727247,
                4240194.35017451
              ],
              [
                14081420.10229558,
                4240089.73773705
              ],
              [
                14081641.23846405,
                4239982.7316718
              ],
              [
                14081861.2614376,
                4239873.33204882
              ],
              [
                14082080.05989675,
                4239761.53893972
              ],
              [
                14082297.63384151,
                4239647.35241768
              ],
              [
                14082513.98327187,
                4239530.84097246
              ],
              [
                14082729.05252808,
                4239412.00467817
              ],
              [
                14082942.84161015,
                4239290.77519678
              ],
              [
                14083155.29485833,
                4239167.28943319
              ],
              [
                14083366.41227261,
                4239041.47905159
              ],
              [
                14083576.13819327,
                4238913.41254313
              ],
              [
                14083784.52828004,
                4238783.02157645
              ],
              [
                14083991.41555368,
                4238650.4430535
              ],
              [
                14084196.91133369,
                4238515.60864487
              ],
              [
                14084400.9599603,
                4238378.51843373
              ],
              [
                14084603.5057738,
                4238239.24091159
              ],
              [
                14084804.49311443,
                4238097.77616174
              ],
              [
                14085003.97764194,
                4237954.12426875
              ],
              [
                14085201.90369656,
                4237808.28531853
              ],
              [
                14085398.27127832,
                4237660.39620501
              ],
              [
                14085592.96906772,
                4237510.32020616
              ],
              [
                14085786.0527245,
                4237358.1258132
              ],
              [
                14085977.52224866,
                4237203.88151477
              ],
              [
                14086167.32198046,
                4237047.58739731
              ],
              [
                14086355.39626016,
                4236889.24354833
              ],
              [
                14086541.74508774,
                4236728.78165898
              ],
              [
                14086726.36846323,
                4236566.40701182
              ],
              [
                14086909.21072686,
                4236401.98290063
              ],
              [
                14087090.27187863,
                4236235.64620649
              ],
              [
                14087269.55191856,
                4236067.26022942
              ],
              [
                14087446.99518688,
                4235897.03024089
              ],
              [
                14087622.60168361,
                4235724.819544
              ],
              [
                14087796.31574899,
                4235550.76501242
              ],
              [
                14087968.19304278,
                4235374.79834467
              ],
              [
                14088138.12224547,
                4235196.98802069
              ],
              [
                14088306.15901682,
                4235017.40251696
              ],
              [
                14088472.19203734,
                4234835.90514897
              ],
              [
                14088636.33262651,
                4234652.70116542
              ],
              [
                14088798.41380511,
                4234467.65388474
              ],
              [
                14088958.54689261,
                4234280.90016471
              ],
              [
                14089116.62056955,
                4234092.44009238
              ],
              [
                14089272.69049564,
                4233902.27375555
              ],
              [
                14089426.70101115,
                4233710.40124282
              ],
              [
                14089578.59645634,
                4233516.89102114
              ],
              [
                14089728.43249095,
                4233321.74317706
              ],
              [
                14089876.15345522,
                4233125.02617291
              ],
              [
                14090021.70368944,
                4232926.67171911
              ],
              [
                14090165.19451307,
                4232726.74827695
              ],
              [
                14090306.45894688,
                4232525.25593205
              ],
              [
                14090445.55265064,
                4232322.26314084
              ],
              [
                14090582.41996457,
                4232117.8383553
              ],
              [
                14090717.11654842,
                4231911.91328773
              ],
              [
                14090849.58674247,
                4231704.48802246
              ],
              [
                14090979.8305467,
                4231495.69937437
              ],
              [
                14091107.79230136,
                4231285.47905745
              ],
              [
                14091233.47200647,
                4231073.89551618
              ],
              [
                14091356.92532176,
                4230860.94882925
              ],
              [
                14091478.04092774,
                4230646.70743557
              ],
              [
                14091596.81882441,
                4230431.17141077
              ],
              [
                14091713.25901179,
                4230214.34083099
              ],
              [
                14091827.4171496,
                4229996.28412845
              ],
              [
                14091939.18191835,
                4229777.00137605
              ],
              [
                14092048.6089778,
                4229556.49264711
              ],
              [
                14092155.58700845,
                4229334.8263669
              ],
              [
                14092260.2273298,
                4229112.07095553
              ],
              [
                14092362.47428209,
                4228888.15813038
              ],
              [
                14092462.27220559,
                4228663.0879621
              ],
              [
                14092559.67676003,
                4228437.06555959
              ],
              [
                14092654.57662593,
                4228209.95429239
              ],
              [
                14092747.08312278,
                4227981.82257106
              ],
              [
                14092837.14059084,
                4227752.67045902
              ],
              [
                14092924.69337035,
                4227522.63470053
              ],
              [
                14093009.74146131,
                4227291.5786733
              ],
              [
                14093092.34052348,
                4227059.70745375
              ],
              [
                14093172.43489711,
                4226826.88442148
              ],
              [
                14093250.02458219,
                4226593.24630582
              ],
              [
                14093325.05391898,
                4226358.79315865
              ],
              [
                14093397.57856723,
                4226123.52503199
              ],
              [
                14093467.59852694,
                4225887.51030816
              ],
              [
                14093535.05813837,
                4225650.74903515
              ],
              [
                14093599.9574015,
                4225413.30958822
              ],
              [
                14093662.29631634,
                4225175.12368551
              ],
              [
                14093722.0748829,
                4224936.32802381
              ],
              [
                14093779.23744142,
                4224696.85432002
              ],
              [
                14093833.8953114,
                4224456.77093955
              ]
            ],
            [
              [
                14072045.49835766,
                4214929.40319275
              ],
              [
                14072287.72956964,
                4214955.68413682
              ],
              [
                14072528.23532949,
                4214994.86675166
              ],
              [
                14072766.29206055,
                4215047.01943777
              ],
              [
                14073001.23184588,
                4215111.93758962
              ],
              [
                14073232.33110876,
                4215189.4166417
              ],
              [
                14073458.97759202,
                4215279.2520662
              ],
              [
                14073680.55903844,
                4215381.17110577
              ],
              [
                14073896.2962116,
                4215494.83276772
              ],
              [
                14074105.68817377,
                4215620.03261636
              ],
              [
                14074308.12266778,
                4215756.29317445
              ],
              [
                14074502.93177667,
                4215903.27351176
              ],
              [
                14074689.61456273,
                4216060.56444269
              ],
              [
                14074867.67008825,
                4216227.68851785
              ],
              [
                14075036.54175579,
                4216404.16828612
              ],
              [
                14075195.72862763,
                4216589.45801805
              ],
              [
                14075344.7854258,
                4216783.14851674
              ],
              [
                14075483.26687234,
                4216984.55747697
              ],
              [
                14075610.8390088,
                4217193.13911311
              ],
              [
                14075727.05655718,
                4217408.27933552
              ],
              [
                14075831.58555904,
                4217629.43229788
              ],
              [
                14075924.20337538,
                4217855.84727977
              ],
              [
                14076004.52038799,
                4218086.9783524
              ],
              [
                14076072.42527737,
                4218322.07469827
              ],
              [
                14076127.69540455,
                4218560.52200989
              ],
              [
                14076170.10813054,
                4218801.63764392
              ],
              [
                14076199.6077956,
                4219044.6706119
              ],
              [
                14076216.02742049,
                4219288.93814953
              ],
              [
                14076219.42266496,
                4219533.75743251
              ],
              [
                14076209.68220952,
                4219778.37728382
              ],
              [
                14076186.91737365,
                4220022.1830471
              ],
              [
                14076151.12815736,
                4220264.35512605
              ],
              [
                14076102.48153988,
                4220504.27874283
              ],
              [
                14076041.08884071,
                4220741.27076898
              ],
              [
                14075967.06137933,
                4220974.57971965
              ],
              [
                14075880.73311422,
                4221203.59065151
              ],
              [
                14075782.21536487,
                4221427.62027221
              ],
              [
                14075671.95340924,
                4221645.98523995
              ],
              [
                14075550.11422657,
                4221858.07047184
              ],
              [
                14075417.14309481,
                4222063.32915397
              ],
              [
                14075273.37397246,
                4222261.14613613
              ],
              [
                14075119.1964777,
                4222450.9062381
              ],
              [
                14074955.16720802,
                4222632.06256398
              ],
              [
                14074781.62012187,
                4222804.13651212
              ],
              [
                14074599.16747647,
                4222966.58116066
              ],
              [
                14074408.31020949,
                4223118.98620563
              ],
              [
                14074209.54925869,
                4223260.87303325
              ],
              [
                14074003.49688123,
                4223391.76303431
              ],
              [
                14073790.70967458,
                4223511.45087027
              ],
              [
                14073571.85555568,
                4223619.45796333
              ],
              [
                14073347.54678173,
                4223715.51070299
              ],
              [
                14073118.45126968,
                4223799.26719041
              ],
              [
                14072885.12561697,
                4223870.59050956
              ],
              [
                14072648.40471981,
                4223929.27546474
              ],
              [
                14072408.84517562,
                4223975.04858077
              ],
              [
                14072167.17056111,
                4224007.84137803
              ],
              [
                14071924.1601127,
                4224027.58542187
              ],
              [
                14071680.37042787,
                4224034.14400482
              ],
              [
                14071436.63640277,
                4224027.58542187
              ],
              [
                14071193.57029462,
                4224007.84137803
              ],
              [
                14070951.89568011,
                4223975.04858077
              ],
              [
                14070712.33613592,
                4223929.27546474
              ],
              [
                14070475.61523876,
                4223870.59050956
              ],
              [
                14070242.3452458,
                4223799.26719041
              ],
              [
                14070013.19407399,
                4223715.51070299
              ],
              [
                14069788.88530006,
                4223619.45796333
              ],
              [
                14069570.03118115,
                4223511.45087027
              ],
              [
                14069357.2439745,
                4223391.76303431
              ],
              [
                14069151.19159704,
                4223260.87303325
              ],
              [
                14068952.43064623,
                4223118.98620563
              ],
              [
                14068761.57337926,
                4222966.58116066
              ],
              [
                14068579.12073386,
                4222804.13651212
              ],
              [
                14068405.62930746,
                4222632.06256398
              ],
              [
                14068241.54437802,
                4222450.9062381
              ],
              [
                14068087.42254302,
                4222261.14613613
              ],
              [
                14067943.65342067,
                4222063.32915397
              ],
              [
                14067810.62662916,
                4221858.07047184
              ],
              [
                14067688.84310624,
                4221645.98523995
              ],
              [
                14067578.52549086,
                4221427.62027221
              ],
              [
                14067480.06340126,
                4221203.59065151
              ],
              [
                14067393.67947639,
                4220974.57971965
              ],
              [
                14067319.70767477,
                4220741.27076898
              ],
              [
                14067258.25931585,
                4220504.27874283
              ],
              [
                14067209.61269837,
                4220264.35512605
              ],
              [
                14067173.82348208,
                4220022.1830471
              ],
              [
                14067151.05864622,
                4219778.37728382
              ],
              [
                14067141.31819077,
                4219533.75743251
              ],
              [
                14067144.71343524,
                4219288.93814953
              ],
              [
                14067161.18871988,
                4219044.6706119
              ],
              [
                14067190.63272519,
                4218801.63764392
              ],
              [
                14067233.04545118,
                4218560.52200989
              ],
              [
                14067288.31557837,
                4218322.07469827
              ],
              [
                14067356.22046774,
                4218086.9783524
              ],
              [
                14067436.59314009,
                4217855.84727977
              ],
              [
                14067529.15529669,
                4217629.43229788
              ],
              [
                14067633.7399583,
                4217408.27933552
              ],
              [
                14067749.95750668,
                4217193.13911311
              ],
              [
                14067877.47398339,
                4216984.55747697
              ],
              [
                14068015.95542994,
                4216783.14851674
              ],
              [
                14068165.0122281,
                4216589.45801805
              ],
              [
                14068324.19909994,
                4216404.16828612
              ],
              [
                14068493.07076747,
                4216227.68851785
              ],
              [
                14068671.126293,
                4216060.56444269
              ],
              [
                14068857.80907906,
                4215903.27351176
              ],
              [
                14069052.67384769,
                4215756.29317445
              ],
              [
                14069255.05268196,
                4215620.03261636
              ],
              [
                14069464.44464414,
                4215494.83276772
              ],
              [
                14069680.23747704,
                4215381.17110577
              ],
              [
                14069901.76326371,
                4215279.2520662
              ],
              [
                14070128.40974696,
                4215189.4166417
              ],
              [
                14070359.50900986,
                4215111.93758962
              ],
              [
                14070594.44879518,
                4215047.01943777
              ],
              [
                14070832.50552624,
                4214994.86675166
              ],
              [
                14071073.01128609,
                4214955.68413682
              ],
              [
                14071315.24249807,
                4214929.40319275
              ],
              [
                14071558.53124519,
                4214916.29687524
              ],
              [
                14071802.20961053,
                4214916.29687524
              ],
              [
                14072045.49835766,
                4214929.40319275
              ]
            ]
          ]
        ]
      },
      "geometry_name": "ag_geom",
      "properties": {
        "prohibited": "<FNT name='TW Cen MT' size='6'><CLR cyan='10' magenta='100' yellow='100' black='0'>P63B<UND>UNL</UND>GND </CLR></FNT>",
        "prh_lbl_1": "P63B",
        "prh_lbl_2": "UNL",
        "prh_lbl_3": "GND",
        "prh_lbl_4": "비행제한구역",
        "prh_typ": "2"
      },
      "bbox": [
        14048983.38379028,
        4196698.01738305,
        14094377.35706545,
        4242295.4994202
      ]
    },
    {
      "type": "Feature",
      "id": "lt_c_aisprhc.15",
      "geometry": {
        "type": "MultiPolygon",
        "coordinates": [
          [
            [
              [
                14402886.8023563,
                4457713.9534325
              ],
              [
                14403135.87971695,
                4457707.25107852
              ],
              [
                14403384.2335009,
                4457687.07422607
              ],
              [
                14403631.14013149,
                4457653.56258396
              ],
              [
                14403875.93169173,
                4457606.78609457
              ],
              [
                14404117.82894524,
                4457546.88456429
              ],
              [
                14404356.21963477,
                4457473.9978456
              ],
              [
                14404590.3245239,
                4457388.40546344
              ],
              [
                14404819.53135545,
                4457290.2473534
              ],
              [
                14405043.17221245,
                4457179.94274175
              ],
              [
                14405260.57917797,
                4457057.70144449
              ],
              [
                14405471.13999481,
                4456923.87293081
              ],
              [
                14405674.24240576,
                4456778.94631115
              ],
              [
                14405869.27415363,
                4456623.27108712
              ],
              [
                14406055.73430071,
                4456457.33638906
              ],
              [
                14406233.0105898,
                4456281.49173395
              ],
              [
                14406400.65774293,
                4456096.43567162
              ],
              [
                14406558.11916266,
                4455902.58751138
              ],
              [
                14406705.0608905,
                4455700.50616019
              ],
              [
                14406840.92632902,
                4455490.82030395
              ],
              [
                14406965.38151973,
                4455274.08879591
              ],
              [
                14407078.09250416,
                4455051.01005556
              ],
              [
                14407178.72532383,
                4454822.14286154
              ],
              [
                14407266.94602029,
                4454588.18554536
              ],
              [
                14407342.58761427,
                4454349.83638475
              ],
              [
                14407405.31614734,
                4454107.7238082
              ],
              [
                14407455.02029998,
                4453862.61577262
              ],
              [
                14407491.58875271,
                4453615.21037763
              ],
              [
                14407514.85452628,
                4453366.13587187
              ],
              [
                14407524.76196095,
                4453116.22980329
              ],
              [
                14407521.31105675,
                4452866.1202885
              ],
              [
                14407504.50181363,
                4452616.57494983
              ],
              [
                14407474.38989138,
                4452368.29155632
              ],
              [
                14407431.03094972,
                4452121.96781182
              ],
              [
                14407374.53630814,
                4451878.3711337
              ],
              [
                14407305.18426537,
                4451638.19909435
              ],
              [
                14407223.03048117,
                4451402.07943117
              ],
              [
                14407128.46457373,
                4451170.70960273
              ],
              [
                14407021.59786258,
                4450944.85678393
              ],
              [
                14406902.81996589,
                4450725.00901177
              ],
              [
                14406772.52050193,
                4450511.93336702
              ],
              [
                14406630.97776938,
                4450306.18757884
              ],
              [
                14406478.69270598,
                4450108.39911348
              ],
              [
                14406316.05492993,
                4449919.05587785
              ],
              [
                14406143.5097192,
                4449738.78529049
              ],
              [
                14405961.5580115,
                4449568.07522467
              ],
              [
                14405770.81206402,
                4449407.34378584
              ],
              [
                14405571.71715474,
                4449257.21836267
              ],
              [
                14405364.88554085,
                4449117.97754155
              ],
              [
                14405150.98513929,
                4448990.10920314
              ],
              [
                14404930.51688777,
                4448873.96172441
              ],
              [
                14404704.14870324,
                4448769.88350526
              ],
              [
                14404472.54850264,
                4448678.15321583
              ],
              [
                14404236.38420292,
                4448598.97980311
              ],
              [
                14403996.32372103,
                4448532.71176331
              ],
              [
                14403753.09063364,
                4448479.41860923
              ],
              [
                14403507.35285773,
                4448439.30940982
              ],
              [
                14403259.83396994,
                4448412.52352478
              ],
              [
                14403011.257547,
                4448399.13060769
              ],
              [
                14402762.29150584,
                4448399.13060769
              ],
              [
                14402513.71508291,
                4448412.52352478
              ],
              [
                14402266.19619512,
                4448439.30940982
              ],
              [
                14402020.45841919,
                4448479.41860923
              ],
              [
                14401777.22533182,
                4448532.71176331
              ],
              [
                14401537.16484991,
                4448598.97980311
              ],
              [
                14401301.0005502,
                4448678.15321583
              ],
              [
                14401069.45600935,
                4448769.88350526
              ],
              [
                14400843.08782482,
                4448873.96172441
              ],
              [
                14400622.6195733,
                4448990.10920314
              ],
              [
                14400408.663512,
                4449117.97754155
              ],
              [
                14400201.8318981,
                4449257.21836267
              ],
              [
                14400002.73698882,
                4449407.34378584
              ],
              [
                14399811.99104135,
                4449568.07522467
              ],
              [
                14399630.09499339,
                4449738.78529049
              ],
              [
                14399457.54978266,
                4449919.05587785
              ],
              [
                14399294.85634687,
                4450108.39911348
              ],
              [
                14399142.57128347,
                4450306.18757884
              ],
              [
                14399001.02855092,
                4450511.93336702
              ],
              [
                14398870.72908694,
                4450725.00901177
              ],
              [
                14398751.95119027,
                4450944.85678393
              ],
              [
                14398645.14013885,
                4451170.70960273
              ],
              [
                14398550.51857168,
                4451402.07943117
              ],
              [
                14398468.36478748,
                4451638.19909435
              ],
              [
                14398399.01274471,
                4451878.3711337
              ],
              [
                14398342.57376288,
                4452121.96781182
              ],
              [
                14398299.21482121,
                4452368.29155632
              ],
              [
                14398269.10289895,
                4452616.57494983
              ],
              [
                14398252.2379961,
                4452866.1202885
              ],
              [
                14398248.78709188,
                4453116.22980329
              ],
              [
                14398258.75018631,
                4453366.13587187
              ],
              [
                14398282.01595988,
                4453615.21037763
              ],
              [
                14398318.52875287,
                4453862.61577262
              ],
              [
                14398368.2329055,
                4454107.7238082
              ],
              [
                14398431.01709832,
                4454349.83638475
              ],
              [
                14398506.60303257,
                4454588.18554536
              ],
              [
                14398594.82372902,
                4454822.14286154
              ],
              [
                14398695.45654869,
                4455051.01005556
              ],
              [
                14398808.16753312,
                4455274.08879591
              ],
              [
                14398932.62272383,
                4455490.82030395
              ],
              [
                14399068.54382209,
                4455700.50616019
              ],
              [
                14399215.42989019,
                4455902.58751138
              ],
              [
                14399372.94696966,
                4456096.43567162
              ],
              [
                14399540.53846305,
                4456281.49173395
              ],
              [
                14399717.87041188,
                4456457.33638906
              ],
              [
                14399904.27489921,
                4456623.27108712
              ],
              [
                14400099.36230683,
                4456778.94631115
              ],
              [
                14400302.40905804,
                4456923.87293081
              ],
              [
                14400512.96987487,
                4457057.70144449
              ],
              [
                14400730.3768404,
                4457179.94274175
              ],
              [
                14400954.01769739,
                4457290.2473534
              ],
              [
                14401183.22452894,
                4457388.40546344
              ],
              [
                14401417.32941808,
                4457473.9978456
              ],
              [
                14401655.72010761,
                4457546.88456429
              ],
              [
                14401897.6173611,
                4457606.78609457
              ],
              [
                14402142.40892136,
                4457653.56258396
              ],
              [
                14402389.31555194,
                4457687.07422607
              ],
              [
                14402637.72499564,
                4457707.25107852
              ],
              [
                14402886.8023563,
                4457713.9534325
              ]
            ]
          ]
        ]
      },
      "geometry_name": "ag_geom",
      "properties": {
        "prohibited": "<FNT name='TW Cen MT' size='6'><CLR cyan='10' magenta='100' yellow='100' black='0'>P64A<UND>UNL</UND>GND </CLR></FNT>",
        "prh_lbl_1": "P64A",
        "prh_lbl_2": "UNL",
        "prh_lbl_3": "GND",
        "prh_lbl_4": "비행금지구역",
        "prh_typ": "1"
      },
      "bbox": [
        14398248.78709188,
        4448399.13060769,
        14407524.76196095,
        4457713.9534325
      ]
    },
    {
      "type": "Feature",
      "id": "lt_c_aisprhc.16",
      "geometry": {
        "type": "MultiPolygon",
        "coordinates": [
          [
            [
              [
                14425675.29361531,
                4457405.16085072
              ],
              [
                14425720.48932857,
                4457157.74233253
              ],
              [
                14425763.01337406,
                4456909.8409313
              ],
              [
                14425802.86575176,
                4456661.45668091
              ],
              [
                14425839.99080195,
                4456412.72923054
              ],
              [
                14425874.49984409,
                4456163.58879834
              ],
              [
                14425906.33721846,
                4455914.10521773
              ],
              [
                14425935.44726529,
                4455664.34831559
              ],
              [
                14425961.88564436,
                4455414.24831016
              ],
              [
                14425985.65235564,
                4455163.87502507
              ],
              [
                14426006.6917394,
                4454913.29827733
              ],
              [
                14426025.05945538,
                4454662.44828525
              ],
              [
                14426040.69984385,
                4454411.46465698
              ],
              [
                14426053.66856452,
                4454160.34740193
              ],
              [
                14426063.96561741,
                4453909.09652951
              ],
              [
                14426071.47968304,
                4453657.71204914
              ],
              [
                14426076.37774064,
                4453406.33354578
              ],
              [
                14426078.49281097,
                4453154.89123277
              ],
              [
                14426077.93621352,
                4452903.38511458
              ],
              [
                14426074.70794828,
                4452652.02454399
              ],
              [
                14426068.75235552,
                4452400.60016714
              ],
              [
                14426060.12509498,
                4452149.32132688
              ],
              [
                14426048.77050693,
                4451898.18801272
              ],
              [
                14426034.68859134,
                4451647.20021419
              ],
              [
                14426017.93500798,
                4451396.28814632
              ],
              [
                14425998.50975683,
                4451145.66112216
              ],
              [
                14425976.35717816,
                4450895.24935013
              ],
              [
                14425951.53293172,
                4450645.1225844
              ],
              [
                14425924.03701749,
                4450395.21103673
              ],
              [
                14425893.81377574,
                4450145.72399053
              ],
              [
                14425860.91886621,
                4449896.52188643
              ],
              [
                14425825.40794865,
                4449647.67446717
              ],
              [
                14425787.16970356,
                4449399.25146894
              ],
              [
                14425746.25979069,
                4449151.25286173
              ],
              [
                14425702.73386979,
                4448903.74837367
              ],
              [
                14425656.53628111,
                4448656.73796998
              ],
              [
                14425607.66702465,
                4448410.22161594
              ],
              [
                14425556.18176017,
                4448164.26903014
              ],
              [
                14425502.02482789,
                4447918.88017315
              ],
              [
                14425445.25188759,
                4447674.12475561
              ],
              [
                14425385.86293925,
                4447430.00273346
              ],
              [
                14425323.85798288,
                4447186.51406281
              ],
              [
                14425259.23701847,
                4446943.72844495
              ],
              [
                14425192.00004603,
                4446701.64583144
              ],
              [
                14425122.2027253,
                4446460.33591588
              ],
              [
                14425049.78939655,
                4446219.79864536
              ],
              [
                14424974.76005975,
                4445980.10370587
              ],
              [
                14424897.22603442,
                4445741.1813029
              ],
              [
                14424817.13166079,
                4445503.10111973
              ],
              [
                14424734.42127913,
                4445266.00256757
              ],
              [
                14424649.26186868,
                4445029.74611536
              ],
              [
                14424561.48645019,
                4444794.47116859
              ],
              [
                14424471.26200289,
                4444560.1079323
              ],
              [
                14424378.47720732,
                4444326.79580167
              ],
              [
                14424283.1877232,
                4444094.46498078
              ],
              [
                14424185.44921029,
                4443863.18512978
              ],
              [
                14424085.20600882,
                4443633.02590309
              ],
              [
                14423982.51377856,
                4443403.91750571
              ],
              [
                14423877.37251951,
                4443175.99931003
              ],
              [
                14423769.78223167,
                4442949.2015203
              ],
              [
                14423659.79857476,
                4442723.59378181
              ],
              [
                14423547.36588905,
                4442499.17601843
              ],
              [
                14423432.5398343,
                4442276.01786887
              ],
              [
                14423315.3204105,
                4442054.11925342
              ],
              [
                14423195.70761764,
                4441833.54980436
              ],
              [
                14423073.75711547,
                4441614.23972854
              ],
              [
                14422949.468904,
                4441396.25865629
              ],
              [
                14422822.84298322,
                4441179.67621269
              ],
              [
                14422693.9350129,
                4440964.42260614
              ],
              [
                14422562.68933324,
                4440750.63716429
              ],
              [
                14422429.16160403,
                4440538.3197982
              ],
              [
                14422293.35182526,
                4440327.40071799
              ],
              [
                14422155.31565669,
                4440118.0192405
              ],
              [
                14422015.05309829,
                4439910.10557567
              ],
              [
                14421872.50849033,
                4439703.72933454
              ],
              [
                14421727.7931523,
                4439498.89042721
              ],
              [
                14421580.90708419,
                4439295.65845928
              ],
              [
                14421431.85028601,
                4439094.10303172
              ],
              [
                14421280.62275778,
                4438894.08466451
              ],
              [
                14421127.28015921,
                4438695.74265227
              ],
              [
                14420971.76683056,
                4438499.07690084
              ],
              [
                14420814.19409136,
                4438304.15700513
              ],
              [
                14420654.56194156,
                4438110.91318178
              ],
              [
                14420492.81472143,
                4437919.41502481
              ],
              [
                14420329.06375048,
                4437729.66243957
              ],
              [
                14420163.30902869,
                4437541.72501553
              ],
              [
                14419995.49489632,
                4437355.60265613
              ],
              [
                14419825.73267285,
                4437171.29526569
              ],
              [
                14419654.02235831,
                4436988.80274955
              ],
              [
                14419480.30829292,
                4436808.2643708
              ],
              [
                14419304.70179619,
                4436629.54067506
              ],
              [
                14419127.20286812,
                4436452.77092272
              ],
              [
                14418947.81150871,
                4436277.95501602
              ],
              [
                14418766.52771796,
                4436105.0928583
              ],
              [
                14418583.4071556,
                4435934.18435395
              ],
              [
                14418398.50548139,
                4435765.22940847
              ],
              [
                14418211.76703558,
                4435598.36726945
              ],
              [
                14418023.24747792,
                4435433.45849924
              ],
              [
                14417833.00246816,
                4435270.64234336
              ],
              [
                14417641.0320063,
                4435109.9187054
              ],
              [
                14417447.33609231,
                4434951.2874902
              ],
              [
                14417251.91472622,
                4434794.74860383
              ],
              [
                14417054.87922752,
                4434640.30195361
              ],
              [
                14416856.17393645,
                4434488.01711134
              ],
              [
                14416655.85451277,
                4434337.96364606
              ],
              [
                14416453.97661621,
                4434190.00214058
              ],
              [
                14416250.48458705,
                4434044.2718279
              ],
              [
                14416045.43408501,
                4433900.70295669
              ],
              [
                14415838.88076984,
                4433759.434756
              ],
              [
                14415630.82464154,
                4433620.39747637
              ],
              [
                14415421.26570013,
                4433483.59103008
              ],
              [
                14415210.31526507,
                4433349.08498652
              ],
              [
                14414997.86201689,
                4433216.87925817
              ],
              [
                14414784.07293483,
                4433086.973759
              ],
              [
                14414568.83669938,
                4432959.36840452
              ],
              [
                14414352.26463004,
                4432834.13276405
              ],
              [
                14414134.41238655,
                4432711.1971021
              ],
              [
                14413915.22430919,
                4432590.70064022
              ],
              [
                14413694.75605767,
                4432472.50399533
              ],
              [
                14413473.00763201,
                4432356.74638899
              ],
              [
                14413250.09035169,
                4432243.42774136
              ],
              [
                14413025.94855698,
                4432132.47832653
              ],
              [
                14412800.63790762,
                4432023.96771721
              ],
              [
                14412574.1584036,
                4431917.96548487
              ],
              [
                14412346.56570467,
                4431814.33226306
              ],
              [
                14412117.85981083,
                4431713.20727232
              ],
              [
                14411888.09638184,
                4431614.59044092
              ],
              [
                14411657.33107742,
                4431518.41205522
              ],
              [
                14411425.50823785,
                4431424.8113351
              ],
              [
                14411192.68352286,
                4431333.64892736
              ],
              [
                14410958.91259219,
                4431245.06405297
              ],
              [
                14410724.25110559,
                4431158.98700603
              ],
              [
                14410488.58774358,
                4431075.41772552
              ],
              [
                14410252.14514514,
                4430994.49543271
              ],
              [
                14410014.75633102,
                4430916.08078755
              ],
              [
                14409776.58828047,
                4430840.2433737
              ],
              [
                14409537.64099348,
                4430766.98313591
              ],
              [
                14409297.91447007,
                4430696.30002081
              ],
              [
                14409057.4087102,
                4430628.26361475
              ],
              [
                14408816.23503339,
                4430562.80422942
              ],
              [
                14408574.3377799,
                4430499.92181712
              ],
              [
                14408331.82826921,
                4430439.75560529
              ],
              [
                14408088.65084157,
                4430382.09663901
              ],
              [
                14407844.86115674,
                4430327.15378504
              ],
              [
                14407600.51487445,
                4430274.8573657
              ],
              [
                14407355.6119947,
                4430225.13770662
              ],
              [
                14407110.20817725,
                4430178.1340414
              ],
              [
                14406864.30342209,
                4430133.77669936
              ],
              [
                14406617.95338895,
                4430092.06564731
              ],
              [
                14406371.15807787,
                4430053.07048814
              ],
              [
                14406123.97314856,
                4430016.72155806
              ],
              [
                14405876.39860104,
                4429983.0188299
              ],
              [
                14405628.49009505,
                4429952.03191187
              ],
              [
                14405380.24763057,
                4429923.69114693
              ],
              [
                14405131.72686738,
                4429898.06614697
              ],
              [
                14404882.92780545,
                4429875.0872594
              ],
              [
                14404633.90610455,
                4429854.89373261
              ],
              [
                14404384.71742441,
                4429837.27665267
              ],
              [
                14404135.30610529,
                4429822.44490449
              ],
              [
                14403885.78346668,
                4429810.2592114
              ],
              [
                14403636.14950857,
                4429800.85882914
              ],
              [
                14403386.40423097,
                4429794.10448556
              ],
              [
                14403136.60329363,
                4429789.99617558
              ],
              [
                14402886.8023563,
                4429788.67316083
              ],
              [
                14402636.94575921,
                4429789.99617558
              ],
              [
                14402387.14482186,
                4429794.10448556
              ],
              [
                14402137.45520403,
                4429800.85882914
              ],
              [
                14401887.76558617,
                4429810.2592114
              ],
              [
                14401638.24294755,
                4429822.44490449
              ],
              [
                14401388.83162843,
                4429837.27665267
              ],
              [
                14401139.6429483,
                4429854.89373261
              ],
              [
                14400890.62124739,
                4429875.0872594
              ],
              [
                14400641.82218547,
                4429898.06614697
              ],
              [
                14400393.30142228,
                4429923.69114693
              ],
              [
                14400145.0589578,
                4429952.03191187
              ],
              [
                14399897.15045181,
                4429983.0188299
              ],
              [
                14399649.57590428,
                4430016.72155806
              ],
              [
                14399402.39097497,
                4430053.07048814
              ],
              [
                14399155.59566388,
                4430092.06564731
              ],
              [
                14398909.24563076,
                4430133.77669936
              ],
              [
                14398663.3408756,
                4430178.1340414
              ],
              [
                14398417.93705815,
                4430225.13770662
              ],
              [
                14398173.0341784,
                4430274.8573657
              ],
              [
                14397928.68789611,
                4430327.15378504
              ],
              [
                14397684.95387102,
                4430382.09663901
              ],
              [
                14397441.77644338,
                4430439.75560529
              ],
              [
                14397199.21127293,
                4430499.92181712
              ],
              [
                14396957.31401944,
                4430562.80422942
              ],
              [
                14396716.14034265,
                4430628.26361475
              ],
              [
                14396475.63458278,
                4430696.30002081
              ],
              [
                14396235.90805936,
                4430766.98313591
              ],
              [
                14395996.96077238,
                4430840.2433737
              ],
              [
                14395758.79272183,
                4430916.08078755
              ],
              [
                14395521.45956745,
                4430994.49543271
              ],
              [
                14395284.96130926,
                4431075.41772552
              ],
              [
                14395049.35360699,
                4431158.98700603
              ],
              [
                14394814.63646066,
                4431245.06405297
              ],
              [
                14394580.86552999,
                4431333.64892736
              ],
              [
                14394348.09647475,
                4431424.8113351
              ],
              [
                14394116.27363517,
                4431518.41205522
              ],
              [
                14393885.452671,
                4431614.59044092
              ],
              [
                14393655.689242,
                4431713.20727232
              ],
              [
                14393426.98334817,
                4431814.33226306
              ],
              [
                14393199.39064924,
                4431917.96548487
              ],
              [
                14392972.96680497,
                4432023.96771721
              ],
              [
                14392747.60049586,
                4432132.47832653
              ],
              [
                14392523.45870116,
                4432243.42774136
              ],
              [
                14392300.54142084,
                4432356.74638899
              ],
              [
                14392078.79299517,
                4432472.50399533
              ],
              [
                14391858.32474366,
                4432590.70064022
              ],
              [
                14391639.13666629,
                4432711.1971021
              ],
              [
                14391421.28442281,
                4432834.13276405
              ],
              [
                14391204.71235347,
                4432959.36840452
              ],
              [
                14390989.53177776,
                4433086.973759
              ],
              [
                14390775.68703594,
                4433216.87925817
              ],
              [
                14390563.28944752,
                4433349.08498652
              ],
              [
                14390352.28335271,
                4433483.59103008
              ],
              [
                14390142.7244113,
                4433620.39747637
              ],
              [
                14389934.66828301,
                4433759.434756
              ],
              [
                14389728.11496784,
                4433900.70295669
              ],
              [
                14389523.0644658,
                4434044.2718279
              ],
              [
                14389319.62809637,
                4434190.00214058
              ],
              [
                14389117.69454008,
                4434337.96364606
              ],
              [
                14388917.37511639,
                4434488.01711134
              ],
              [
                14388718.66982533,
                4434640.30195361
              ],
              [
                14388521.63432662,
                4434794.74860383
              ],
              [
                14388326.21296054,
                4434951.2874902
              ],
              [
                14388132.51704655,
                4435109.9187054
              ],
              [
                14387940.54658468,
                4435270.64234336
              ],
              [
                14387750.30157491,
                4435433.45849924
              ],
              [
                14387561.78201725,
                4435598.36726945
              ],
              [
                14387375.04357146,
                4435765.22940847
              ],
              [
                14387190.14189725,
                4435934.18435395
              ],
              [
                14387007.02133489,
                4436105.0928583
              ],
              [
                14386825.79320388,
                4436277.95501602
              ],
              [
                14386646.40184447,
                4436452.77092272
              ],
              [
                14386468.84725665,
                4436629.54067506
              ],
              [
                14386293.24075993,
                4436808.2643708
              ],
              [
                14386119.58235429,
                4436988.80274955
              ],
              [
                14385947.81637999,
                4437171.29526569
              ],
              [
                14385778.05415653,
                4437355.60265613
              ],
              [
                14385610.2956839,
                4437541.72501553
              ],
              [
                14385444.48530237,
                4437729.66243957
              ],
              [
                14385280.73433141,
                4437919.41502481
              ],
              [
                14385118.98711129,
                4438110.91318178
              ],
              [
                14384959.35496149,
                4438304.15700513
              ],
              [
                14384801.78222227,
                4438499.07690084
              ],
              [
                14384646.32455338,
                4438695.74265227
              ],
              [
                14384492.92629507,
                4438894.08466451
              ],
              [
                14384341.69876682,
                4439094.10303172
              ],
              [
                14384192.64196866,
                4439295.65845928
              ],
              [
                14384045.75590055,
                4439498.89042721
              ],
              [
                14383901.04056252,
                4439703.72933454
              ],
              [
                14383758.55161431,
                4439910.10557567
              ],
              [
                14383618.23339616,
                4440118.0192405
              ],
              [
                14383480.19722757,
                4440327.40071799
              ],
              [
                14383344.3874488,
                4440538.3197982
              ],
              [
                14383210.8597196,
                4440750.63716429
              ],
              [
                14383079.66969971,
                4440964.42260614
              ],
              [
                14382950.70606961,
                4441179.67621269
              ],
              [
                14382824.08014885,
                4441396.25865629
              ],
              [
                14382699.79193737,
                4441614.23972854
              ],
              [
                14382577.8414352,
                4441833.54980436
              ],
              [
                14382458.22864235,
                4442054.11925342
              ],
              [
                14382341.06487829,
                4442276.01786887
              ],
              [
                14382226.23882354,
                4442499.17601843
              ],
              [
                14382113.80613783,
                4442723.59378181
              ],
              [
                14382003.76682119,
                4442949.2015203
              ],
              [
                14381896.17653333,
                4443175.99931003
              ],
              [
                14381791.03527429,
                4443403.91750571
              ],
              [
                14381688.34304403,
                4443633.02590309
              ],
              [
                14381588.09984256,
                4443863.18512978
              ],
              [
                14381490.36132965,
                4444094.46498078
              ],
              [
                14381395.07184553,
                4444326.79580167
              ],
              [
                14381302.3427097,
                4444560.1079323
              ],
              [
                14381212.06260266,
                4444794.47116859
              ],
              [
                14381124.34284392,
                4445029.74611536
              ],
              [
                14381039.12777372,
                4445266.00256757
              ],
              [
                14380956.4730518,
                4445503.10111973
              ],
              [
                14380876.32301843,
                4445741.1813029
              ],
              [
                14380798.78899309,
                4445980.10370587
              ],
              [
                14380723.81531605,
                4446219.79864536
              ],
              [
                14380651.40198729,
                4446460.33591588
              ],
              [
                14380581.54900681,
                4446701.64583144
              ],
              [
                14380514.31203437,
                4446943.72844495
              ],
              [
                14380449.69106996,
                4447186.51406281
              ],
              [
                14380387.68611359,
                4447430.00273346
              ],
              [
                14380328.29716526,
                4447674.12475561
              ],
              [
                14380271.52422495,
                4447918.88017315
              ],
              [
                14380217.36729268,
                4448164.26903014
              ],
              [
                14380165.88202819,
                4448410.22161594
              ],
              [
                14380117.01277174,
                4448656.73796998
              ],
              [
                14380070.81518305,
                4448903.74837367
              ],
              [
                14380027.28926216,
                4449151.25286173
              ],
              [
                14379986.37934929,
                4449399.25146894
              ],
              [
                14379948.19676394,
                4449647.67446717
              ],
              [
                14379912.63018664,
                4449896.52188643
              ],
              [
                14379879.73527711,
                4450145.72399053
              ],
              [
                14379849.5676951,
                4450395.21103673
              ],
              [
                14379822.01612113,
                4450645.1225844
              ],
              [
                14379797.19187468,
                4450895.24935013
              ],
              [
                14379775.09495576,
                4451145.66112216
              ],
              [
                14379755.61404487,
                4451396.28814632
              ],
              [
                14379738.8604615,
                4451647.20021419
              ],
              [
                14379724.83420566,
                4451898.18801272
              ],
              [
                14379713.4796176,
                4452149.32132688
              ],
              [
                14379704.79669732,
                4452400.60016714
              ],
              [
                14379698.84110457,
                4452652.02454399
              ],
              [
                14379695.61283933,
                4452903.38511458
              ],
              [
                14379695.05624188,
                4453154.89123277
              ],
              [
                14379697.22697195,
                4453406.33354578
              ],
              [
                14379702.06936979,
                4453657.71204914
              ],
              [
                14379709.63909518,
                4453909.09652951
              ],
              [
                14379719.88048833,
                4454160.34740193
              ],
              [
                14379732.849209,
                4454411.46465698
              ],
              [
                14379748.48959747,
                4454662.44828525
              ],
              [
                14379766.85731344,
                4454913.29827733
              ],
              [
                14379787.95235695,
                4455163.87502507
              ],
              [
                14379811.66340849,
                4455414.24831016
              ],
              [
                14379838.10178754,
                4455664.34831559
              ],
              [
                14379867.26749413,
                4455914.10521773
              ],
              [
                14379899.04920876,
                4456163.58879834
              ],
              [
                14379933.5582509,
                4456412.72923054
              ],
              [
                14379970.73896082,
                4456661.45668091
              ],
              [
                14380010.59133853,
                4456909.8409313
              ],
              [
                14380053.11538402,
                4457157.74233253
              ],
              [
                14380098.25543753,
                4457405.16085072
              ],
              [
                14380146.12281857,
                4457652.02663624
              ],
              [
                14380196.60620764,
                4457898.47928531
              ],
              [
                14380249.76126451,
                4458144.30931196
              ],
              [
                14380305.53232939,
                4458389.51667282
              ],
              [
                14380363.91940231,
                4458634.17114692
              ],
              [
                14380424.978143,
                4458878.20287204
              ],
              [
                14380488.65289174,
                4459121.4721541
              ],
              [
                14380554.94364851,
                4459364.11859473
              ],
              [
                14380623.85041332,
                4459606.00249369
              ],
              [
                14380695.3175264,
                4459847.19362899
              ],
              [
                14380769.40064752,
                4460087.55228945
              ],
              [
                14380846.09977667,
                4460327.07841833
              ],
              [
                14380925.30359438,
                4460565.77195909
              ],
              [
                14381007.12342011,
                4460803.63285535
              ],
              [
                14381091.50359414,
                4461040.52137454
              ],
              [
                14381178.3884567,
                4461276.57713082
              ],
              [
                14381267.83366755,
                4461511.66038581
              ],
              [
                14381359.83922669,
                4461745.70123175
              ],
              [
                14381454.29381463,
                4461978.76944383
              ],
              [
                14381551.30875086,
                4462210.86495772
              ],
              [
                14381650.77271589,
                4462441.84801441
              ],
              [
                14381752.74136945,
                4462671.71854096
              ],
              [
                14381857.15905181,
                4462900.47646477
              ],
              [
                14381964.02576297,
                4463128.12171361
              ],
              [
                14382073.39716267,
                4463354.65421555
              ],
              [
                14382185.16193144,
                4463579.86433402
              ],
              [
                14382299.32006924,
                4463803.96155393
              ],
              [
                14382415.92723585,
                4464026.73623056
              ],
              [
                14382534.9277715,
                4464248.3279991
              ],
              [
                14382656.32167621,
                4464468.52720246
              ],
              [
                14382780.05329023,
                4464687.40361588
              ],
              [
                14382906.12261356,
                4464905.0270209
              ],
              [
                14383034.52964619,
                4465121.18774445
              ],
              [
                14383165.27438813,
                4465335.95556334
              ],
              [
                14383298.30117962,
                4465549.33039258
              ],
              [
                14383433.66568042,
                4465761.17240885
              ],
              [
                14383571.25657105,
                4465971.62126157
              ],
              [
                14383711.18517098,
                4466180.53712297
              ],
              [
                14383853.28450097,
                4466387.91990209
              ],
              [
                14383997.61022079,
                4466593.76950854
              ],
              [
                14384144.16233041,
                4466798.01597637
              ],
              [
                14384292.94082986,
                4467000.72909013
              ],
              [
                14384443.83439963,
                4467201.76900355
              ],
              [
                14384596.95435921,
                4467401.13562099
              ],
              [
                14384752.13372938,
                4467598.89872927
              ],
              [
                14384909.48382962,
                4467794.91847241
              ],
              [
                14385068.94900017,
                4467989.26463747
              ],
              [
                14385230.47358132,
                4468181.79736104
              ],
              [
                14385394.05757304,
                4468372.65631733
              ],
              [
                14385559.75663508,
                4468561.63175155
              ],
              [
                14385727.40378822,
                4468748.86334094
              ],
              [
                14385897.11035193,
                4468934.28110223
              ],
              [
                14386068.76500673,
                4469117.81504811
              ],
              [
                14386242.42341237,
                4469299.53497313
              ],
              [
                14386417.97424936,
                4469479.30099541
              ],
              [
                14386595.52883716,
                4469657.18291033
              ],
              [
                14386774.97585633,
                4469833.11072613
              ],
              [
                14386956.25964709,
                4470007.08434505
              ],
              [
                14387139.43586919,
                4470179.10367039
              ],
              [
                14387324.44886289,
                4470349.09870671
              ],
              [
                14387511.29862819,
                4470517.06935611
              ],
              [
                14387699.98516507,
                4470683.01552186
              ],
              [
                14387890.39715408,
                4470846.93710842
              ],
              [
                14388082.59025494,
                4471008.76411714
              ],
              [
                14388276.50880789,
                4471168.49645162
              ],
              [
                14388472.09715321,
                4471326.13401665
              ],
              [
                14388669.4666104,
                4471481.60681095
              ],
              [
                14388868.45020019,
                4471634.91473874
              ],
              [
                14389069.0479226,
                4471786.05770561
              ],
              [
                14389271.31543736,
                4471935.03561846
              ],
              [
                14389475.14142501,
                4472081.84838549
              ],
              [
                14389680.52588553,
                4472226.42600398
              ],
              [
                14389887.52447866,
                4472368.69846874
              ],
              [
                14390095.97022517,
                4472508.80551476
              ],
              [
                14390305.97444455,
                4472646.60722554
              ],
              [
                14390517.42581731,
                4472782.10351069
              ],
              [
                14390730.32434345,
                4472915.2942813
              ],
              [
                14390944.67002297,
                4473046.17944997
              ],
              [
                14391160.40719613,
                4473174.75893082
              ],
              [
                14391377.48020317,
                4473300.96272006
              ],
              [
                14391595.94470387,
                4473424.79073235
              ],
              [
                14391815.74503843,
                4473546.24288394
              ],
              [
                14392036.82554715,
                4473665.31909271
              ],
              [
                14392259.18623001,
                4473781.94935552
              ],
              [
                14392482.77142727,
                4473896.20351452
              ],
              [
                14392707.58113892,
                4474008.01156832
              ],
              [
                14392933.55970523,
                4474117.37343909
              ],
              [
                14393160.76278595,
                4474224.21912509
              ],
              [
                14393389.07906156,
                4474328.68840229
              ],
              [
                14393618.50853208,
                4474430.57141925
              ],
              [
                14393848.99553778,
                4474530.00795612
              ],
              [
                14394080.59573836,
                4474626.9280154
              ],
              [
                14394313.19781437,
                4474721.4014565
              ],
              [
                14394546.8017658,
                4474813.21842527
              ],
              [
                14394781.40759266,
                4474902.58864237
              ],
              [
                14395016.90397543,
                4474989.37218433
              ],
              [
                14395253.40223362,
                4475073.56898719
              ],
              [
                14395490.73538799,
                4475155.2489207
              ],
              [
                14395728.95909829,
                4475234.27206181
              ],
              [
                14395968.01770477,
                4475310.77821624
              ],
              [
                14396207.91120743,
                4475384.62746268
              ],
              [
                14396448.58394652,
                4475455.88967897
              ],
              [
                14396689.9802623,
                4475524.49487844
              ],
              [
                14396932.15581452,
                4475590.51294379
              ],
              [
                14397174.99928369,
                4475653.94382638
              ],
              [
                14397418.5106698,
                4475714.64760861
              ],
              [
                14397662.63431312,
                4475772.76411498
              ],
              [
                14397907.42587337,
                4475828.15343029
              ],
              [
                14398152.77403108,
                4475880.9553846
              ],
              [
                14398398.67878624,
                4475931.03006526
              ],
              [
                14398645.08447911,
                4475978.44737056
              ],
              [
                14398892.04676943,
                4476023.2072646
              ],
              [
                14399139.39867797,
                4476065.30971353
              ],
              [
                14399387.25152422,
                4476104.61480944
              ],
              [
                14399635.49398869,
                4476141.33233579
              ],
              [
                14399884.12607138,
                4476175.32238855
              ],
              [
                14400133.09211254,
                4476206.58494132
              ],
              [
                14400382.44777192,
                4476235.11996981
              ],
              [
                14400632.02607028,
                4476260.9973909
              ],
              [
                14400881.88266736,
                4476284.14724583
              ],
              [
                14401131.96190342,
                4476304.56951657
              ],
              [
                14401382.26377848,
                4476322.26418728
              ],
              [
                14401632.7882925,
                4476337.23124421
              ],
              [
                14401883.36846628,
                4476349.54061538
              ],
              [
                14402134.1156193,
                4476359.05241205
              ],
              [
                14402384.9740918,
                4476365.90650614
              ],
              [
                14402635.88822405,
                4476369.96301291
              ],
              [
                14402886.8023563,
                4476371.36180871
              ],
              [
                14403137.71648855,
                4476369.96301291
              ],
              [
                14403388.57496104,
                4476365.90650614
              ],
              [
                14403639.43343355,
                4476359.05241205
              ],
              [
                14403890.18058656,
                4476349.54061538
              ],
              [
                14404140.81642008,
                4476337.23124421
              ],
              [
                14404391.28527437,
                4476322.26418728
              ],
              [
                14404641.58714941,
                4476304.56951657
              ],
              [
                14404891.66638549,
                4476284.14724583
              ],
              [
                14405141.52298257,
                4476260.9973909
              ],
              [
                14405391.15694067,
                4476235.11996981
              ],
              [
                14405640.4569403,
                4476206.58494132
              ],
              [
                14405889.42298147,
                4476175.32238855
              ],
              [
                14406138.05506415,
                4476141.33233579
              ],
              [
                14406386.29752861,
                4476104.61480944
              ],
              [
                14406634.15037487,
                4476065.30971353
              ],
              [
                14406881.55794316,
                4476023.2072646
              ],
              [
                14407128.46457373,
                4475978.44737056
              ],
              [
                14407374.92592635,
                4475931.03006526
              ],
              [
                14407620.83068151,
                4475880.9553846
              ],
              [
                14407866.17883922,
                4475828.15343029
              ],
              [
                14408110.91473973,
                4475772.76411498
              ],
              [
                14408355.09404278,
                4475714.64760861
              ],
              [
                14408598.6054289,
                4475653.94382638
              ],
              [
                14408841.44889806,
                4475590.51294379
              ],
              [
                14409083.56879053,
                4475524.49487844
              ],
              [
                14409324.96510633,
                4475455.88967897
              ],
              [
                14409565.63784542,
                4475384.62746268
              ],
              [
                14409805.53134808,
                4475310.77821624
              ],
              [
                14410044.58995456,
                4475234.27206181
              ],
              [
                14410282.81366486,
                4475155.2489207
              ],
              [
                14410520.20247897,
                4475073.56898719
              ],
              [
                14410756.64507742,
                4474989.37218433
              ],
              [
                14410992.19711994,
                4474902.58864237
              ],
              [
                14411226.74728703,
                4474813.21842527
              ],
              [
                14411460.40689821,
                4474721.4014565
              ],
              [
                14411693.00897422,
                4474626.9280154
              ],
              [
                14411924.55351507,
                4474530.00795612
              ],
              [
                14412155.09618051,
                4474430.57141925
              ],
              [
                14412384.52565104,
                4474328.68840229
              ],
              [
                14412612.84192664,
                4474224.21912509
              ],
              [
                14412839.98934761,
                4474117.37343909
              ],
              [
                14413066.02357367,
                4474008.01156832
              ],
              [
                14413290.83328533,
                4473896.20351452
              ],
              [
                14413514.41848258,
                4473781.94935552
              ],
              [
                14413736.77916544,
                4473665.31909271
              ],
              [
                14413957.80401442,
                4473546.24288394
              ],
              [
                14414177.60434898,
                4473424.79073235
              ],
              [
                14414396.06884966,
                4473300.96272006
              ],
              [
                14414613.14185671,
                4473174.75893082
              ],
              [
                14414828.87902987,
                4473046.17944997
              ],
              [
                14415043.2247094,
                4472915.2942813
              ],
              [
                14415256.12323554,
                4472782.10351069
              ],
              [
                14415467.57460829,
                4472646.60722554
              ],
              [
                14415677.57882768,
                4472508.80551476
              ],
              [
                14415886.08023393,
                4472368.69846874
              ],
              [
                14416093.02316732,
                4472226.42600398
              ],
              [
                14416298.40762784,
                4472081.84838549
              ],
              [
                14416502.28927522,
                4471935.03561846
              ],
              [
                14416704.50113025,
                4471786.05770561
              ],
              [
                14416905.1545124,
                4471634.91473874
              ],
              [
                14417104.13810219,
                4471481.60681095
              ],
              [
                14417301.45189962,
                4471326.13401665
              ],
              [
                14417497.0959047,
                4471168.49645162
              ],
              [
                14417691.01445765,
                4471008.76411714
              ],
              [
                14417883.15189877,
                4470846.93710842
              ],
              [
                14418073.61954752,
                4470683.01552186
              ],
              [
                14418262.25042466,
                4470517.06935611
              ],
              [
                14418449.10018996,
                4470349.09870671
              ],
              [
                14418634.11318366,
                4470179.10367039
              ],
              [
                14418817.28940576,
                4470007.08434505
              ],
              [
                14418998.62885626,
                4469833.11072613
              ],
              [
                14419178.02021567,
                4469657.18291033
              ],
              [
                14419355.5748035,
                4469479.30099541
              ],
              [
                14419531.18130021,
                4469299.53497313
              ],
              [
                14419704.7840461,
                4469117.81504811
              ],
              [
                14419876.49436065,
                4468934.28110223
              ],
              [
                14420046.14526463,
                4468748.86334094
              ],
              [
                14420213.84807751,
                4468561.63175155
              ],
              [
                14420379.49147981,
                4468372.65631733
              ],
              [
                14420543.07547153,
                4468181.79736104
              ],
              [
                14420704.60005266,
                4467989.26463747
              ],
              [
                14420864.06522322,
                4467794.91847241
              ],
              [
                14421021.41532346,
                4467598.89872927
              ],
              [
                14421176.65035338,
                4467401.13562099
              ],
              [
                14421329.71465321,
                4467201.76900355
              ],
              [
                14421480.66388274,
                4467000.72909013
              ],
              [
                14421629.38672243,
                4466798.01597637
              ],
              [
                14421775.93883206,
                4466593.76950854
              ],
              [
                14421920.26455187,
                4466387.91990209
              ],
              [
                14422062.41954162,
                4466180.53712297
              ],
              [
                14422202.2924818,
                4465971.62126157
              ],
              [
                14422339.88337241,
                4465761.17240885
              ],
              [
                14422475.24787322,
                4465549.33039258
              ],
              [
                14422608.27466472,
                4465335.95556334
              ],
              [
                14422739.01940667,
                4465121.18774445
              ],
              [
                14422867.42643929,
                4464905.0270209
              ],
              [
                14422993.55142236,
                4464687.40361588
              ],
              [
                14423117.28303637,
                4464468.52720246
              ],
              [
                14423238.62128134,
                4464248.3279991
              ],
              [
                14423357.621817,
                4464026.73623056
              ],
              [
                14423474.22898361,
                4463803.96155393
              ],
              [
                14423588.38712141,
                4463579.86433402
              ],
              [
                14423700.20754992,
                4463354.65421555
              ],
              [
                14423809.52328988,
                4463128.12171361
              ],
              [
                14423916.39000103,
                4462900.47646477
              ],
              [
                14424020.86334314,
                4462671.71854096
              ],
              [
                14424122.77633696,
                4462441.84801441
              ],
              [
                14424222.29596174,
                4462210.86495772
              ],
              [
                14424319.25523821,
                4461978.76944383
              ],
              [
                14424413.7654859,
                4461745.70123175
              ],
              [
                14424505.71538529,
                4461511.66038581
              ],
              [
                14424595.16059615,
                4461276.57713082
              ],
              [
                14424682.10111845,
                4461040.52137454
              ],
              [
                14424766.42563274,
                4460803.63285535
              ],
              [
                14424848.24545847,
                4460565.77195909
              ],
              [
                14424927.50493591,
                4460327.07841833
              ],
              [
                14425004.14840531,
                4460087.55228945
              ],
              [
                14425078.23152645,
                4459847.19362899
              ],
              [
                14425149.69863953,
                4459606.00249369
              ],
              [
                14425218.60540434,
                4459364.11859473
              ],
              [
                14425284.89616109,
                4459121.4721541
              ],
              [
                14425348.57090983,
                4458878.20287204
              ],
              [
                14425409.62965054,
                4458634.17114692
              ],
              [
                14425468.01672346,
                4458389.51667282
              ],
              [
                14425523.84344809,
                4458144.30931196
              ],
              [
                14425576.9428452,
                4457898.47928531
              ],
              [
                14425627.48189401,
                4457652.02663624
              ],
              [
                14425675.29361531,
                4457405.16085072
              ]
            ],
            [
              [
                14403011.257547,
                4448399.13060769
              ],
              [
                14403259.83396994,
                4448412.52352478
              ],
              [
                14403507.35285773,
                4448439.30940982
              ],
              [
                14403753.09063364,
                4448479.41860923
              ],
              [
                14403996.32372103,
                4448532.71176331
              ],
              [
                14404236.38420292,
                4448598.97980311
              ],
              [
                14404472.54850264,
                4448678.15321583
              ],
              [
                14404704.14870324,
                4448769.88350526
              ],
              [
                14404930.51688777,
                4448873.96172441
              ],
              [
                14405150.98513929,
                4448990.10920314
              ],
              [
                14405364.88554085,
                4449117.97754155
              ],
              [
                14405571.71715474,
                4449257.21836267
              ],
              [
                14405770.81206402,
                4449407.34378584
              ],
              [
                14405961.5580115,
                4449568.07522467
              ],
              [
                14406143.5097192,
                4449738.78529049
              ],
              [
                14406316.05492993,
                4449919.05587785
              ],
              [
                14406478.69270598,
                4450108.39911348
              ],
              [
                14406630.97776938,
                4450306.18757884
              ],
              [
                14406772.52050193,
                4450511.93336702
              ],
              [
                14406902.81996589,
                4450725.00901177
              ],
              [
                14407021.59786258,
                4450944.85678393
              ],
              [
                14407128.46457373,
                4451170.70960273
              ],
              [
                14407223.03048117,
                4451402.07943117
              ],
              [
                14407305.18426537,
                4451638.19909435
              ],
              [
                14407374.53630814,
                4451878.3711337
              ],
              [
                14407431.03094972,
                4452121.96781182
              ],
              [
                14407474.38989138,
                4452368.29155632
              ],
              [
                14407504.50181363,
                4452616.57494983
              ],
              [
                14407521.31105675,
                4452866.1202885
              ],
              [
                14407524.76196095,
                4453116.22980329
              ],
              [
                14407514.85452628,
                4453366.13587187
              ],
              [
                14407491.58875271,
                4453615.21037763
              ],
              [
                14407455.02029998,
                4453862.61577262
              ],
              [
                14407405.31614734,
                4454107.7238082
              ],
              [
                14407342.58761427,
                4454349.83638475
              ],
              [
                14407266.94602029,
                4454588.18554536
              ],
              [
                14407178.72532383,
                4454822.14286154
              ],
              [
                14407078.09250416,
                4455051.01005556
              ],
              [
                14406965.38151973,
                4455274.08879591
              ],
              [
                14406840.92632902,
                4455490.82030395
              ],
              [
                14406705.0608905,
                4455700.50616019
              ],
              [
                14406558.11916266,
                4455902.58751138
              ],
              [
                14406400.65774293,
                4456096.43567162
              ],
              [
                14406233.0105898,
                4456281.49173395
              ],
              [
                14406055.73430071,
                4456457.33638906
              ],
              [
                14405869.27415363,
                4456623.27108712
              ],
              [
                14405674.24240576,
                4456778.94631115
              ],
              [
                14405471.13999481,
                4456923.87293081
              ],
              [
                14405260.57917797,
                4457057.70144449
              ],
              [
                14405043.17221245,
                4457179.94274175
              ],
              [
                14404819.53135545,
                4457290.2473534
              ],
              [
                14404590.3245239,
                4457388.40546344
              ],
              [
                14404356.21963477,
                4457473.9978456
              ],
              [
                14404117.82894524,
                4457546.88456429
              ],
              [
                14403875.93169173,
                4457606.78609457
              ],
              [
                14403631.14013149,
                4457653.56258396
              ],
              [
                14403384.2335009,
                4457687.07422607
              ],
              [
                14403135.87971695,
                4457707.25107852
              ],
              [
                14402886.8023563,
                4457713.9534325
              ],
              [
                14402637.72499564,
                4457707.25107852
              ],
              [
                14402389.31555194,
                4457687.07422607
              ],
              [
                14402142.40892136,
                4457653.56258396
              ],
              [
                14401897.6173611,
                4457606.78609457
              ],
              [
                14401655.72010761,
                4457546.88456429
              ],
              [
                14401417.32941808,
                4457473.9978456
              ],
              [
                14401183.22452894,
                4457388.40546344
              ],
              [
                14400954.01769739,
                4457290.2473534
              ],
              [
                14400730.3768404,
                4457179.94274175
              ],
              [
                14400512.96987487,
                4457057.70144449
              ],
              [
                14400302.40905804,
                4456923.87293081
              ],
              [
                14400099.36230683,
                4456778.94631115
              ],
              [
                14399904.27489921,
                4456623.27108712
              ],
              [
                14399717.87041188,
                4456457.33638906
              ],
              [
                14399540.53846305,
                4456281.49173395
              ],
              [
                14399372.94696966,
                4456096.43567162
              ],
              [
                14399215.42989019,
                4455902.58751138
              ],
              [
                14399068.54382209,
                4455700.50616019
              ],
              [
                14398932.62272383,
                4455490.82030395
              ],
              [
                14398808.16753312,
                4455274.08879591
              ],
              [
                14398695.45654869,
                4455051.01005556
              ],
              [
                14398594.82372902,
                4454822.14286154
              ],
              [
                14398506.60303257,
                4454588.18554536
              ],
              [
                14398431.01709832,
                4454349.83638475
              ],
              [
                14398368.2329055,
                4454107.7238082
              ],
              [
                14398318.52875287,
                4453862.61577262
              ],
              [
                14398282.01595988,
                4453615.21037763
              ],
              [
                14398258.75018631,
                4453366.13587187
              ],
              [
                14398248.78709188,
                4453116.22980329
              ],
              [
                14398252.2379961,
                4452866.1202885
              ],
              [
                14398269.10289895,
                4452616.57494983
              ],
              [
                14398299.21482121,
                4452368.29155632
              ],
              [
                14398342.57376288,
                4452121.96781182
              ],
              [
                14398399.01274471,
                4451878.3711337
              ],
              [
                14398468.36478748,
                4451638.19909435
              ],
              [
                14398550.51857168,
                4451402.07943117
              ],
              [
                14398645.14013885,
                4451170.70960273
              ],
              [
                14398751.95119027,
                4450944.85678393
              ],
              [
                14398870.72908694,
                4450725.00901177
              ],
              [
                14399001.02855092,
                4450511.93336702
              ],
              [
                14399142.57128347,
                4450306.18757884
              ],
              [
                14399294.85634687,
                4450108.39911348
              ],
              [
                14399457.54978266,
                4449919.05587785
              ],
              [
                14399630.09499339,
                4449738.78529049
              ],
              [
                14399811.99104135,
                4449568.07522467
              ],
              [
                14400002.73698882,
                4449407.34378584
              ],
              [
                14400201.8318981,
                4449257.21836267
              ],
              [
                14400408.663512,
                4449117.97754155
              ],
              [
                14400622.6195733,
                4448990.10920314
              ],
              [
                14400843.08782482,
                4448873.96172441
              ],
              [
                14401069.45600935,
                4448769.88350526
              ],
              [
                14401301.0005502,
                4448678.15321583
              ],
              [
                14401537.16484991,
                4448598.97980311
              ],
              [
                14401777.22533182,
                4448532.71176331
              ],
              [
                14402020.45841919,
                4448479.41860923
              ],
              [
                14402266.19619512,
                4448439.30940982
              ],
              [
                14402513.71508291,
                4448412.52352478
              ],
              [
                14402762.29150584,
                4448399.13060769
              ],
              [
                14403011.257547,
                4448399.13060769
              ]
            ]
          ]
        ]
      },
      "geometry_name": "ag_geom",
      "properties": {
        "prohibited": "<FNT name='TW Cen MT' size='6'><CLR cyan='10' magenta='100' yellow='100' black='0'>P64B<UND>UNL</UND>GND </CLR></FNT>",
        "prh_lbl_1": "P64B",
        "prh_lbl_2": "UNL",
        "prh_lbl_3": "GND",
        "prh_lbl_4": "비행제한구역",
        "prh_typ": "2"
      },
      "bbox": [
        14379695.05624188,
        4429788.67316083,
        14426078.49281097,
        4476371.36180871
      ]
    },
    {
      "type": "Feature",
      "id": "lt_c_aisprhc.17",
      "geometry": {
        "type": "MultiPolygon",
        "coordinates": [
          [
            [
              [
                14178732.59552082,
                4361799.28707738
              ],
              [
                14178977.05312261,
                4361786.14093131
              ],
              [
                14179218.67207736,
                4361747.04853939
              ],
              [
                14179454.83637708,
                4361682.3561327
              ],
              [
                14179682.76303448,
                4361592.8252524
              ],
              [
                14179899.94736102,
                4361479.42515489
              ],
              [
                14180103.88466815,
                4361343.54034329
              ],
              [
                14180292.29290632,
                4361186.62458414
              ],
              [
                14180463.00134544,
                4361010.4776145
              ],
              [
                14180614.1175542,
                4360817.10671521
              ],
              [
                14180743.91608047,
                4360608.72666007
              ],
              [
                14180850.89411112,
                4360387.6213017
              ],
              [
                14180933.8827915,
                4360156.35107458
              ],
              [
                14180991.88024621,
                4359917.61458323
              ],
              [
                14181024.32987777,
                4359673.97185907
              ],
              [
                14181030.78640824,
                4359428.25941091
              ],
              [
                14181011.19417786,
                4359183.31349108
              ],
              [
                14180965.83148537,
                4358941.76257806
              ],
              [
                14180895.14360871,
                4358706.51159759
              ],
              [
                14180799.96544409,
                4358480.05021599
              ],
              [
                14180681.35452665,
                4358265.14457784
              ],
              [
                14180540.64669027,
                4358064.07647485
              ],
              [
                14180379.51172736,
                4357879.12757606
              ],
              [
                14180199.67508997,
                4357712.44113165
              ],
              [
                14180003.25184848,
                4357565.95285604
              ],
              [
                14179792.46839265,
                4357441.18349179
              ],
              [
                14179569.66243183,
                4357339.65383659
              ],
              [
                14179337.39431429,
                4357262.53896976
              ],
              [
                14179098.22438832,
                4357210.59913369
              ],
              [
                14178854.9356412,
                4357184.45640839
              ],
              [
                14178610.31106018,
                4357184.45640839
              ],
              [
                14178367.02231305,
                4357210.59913369
              ],
              [
                14178127.85238708,
                4357262.53896976
              ],
              [
                14177895.58426954,
                4357339.65383659
              ],
              [
                14177672.77830872,
                4357441.18349179
              ],
              [
                14177461.93919316,
                4357565.95285604
              ],
              [
                14177265.51595165,
                4357712.44113165
              ],
              [
                14177085.73497401,
                4357879.12757606
              ],
              [
                14176924.6000111,
                4358064.07647485
              ],
              [
                14176783.89217474,
                4358265.14457784
              ],
              [
                14176665.28125729,
                4358480.05021599
              ],
              [
                14176570.10309266,
                4358706.51159759
              ],
              [
                14176499.41521601,
                4358941.76257806
              ],
              [
                14176454.05252352,
                4359183.31349108
              ],
              [
                14176434.46029314,
                4359428.25941091
              ],
              [
                14176440.9168236,
                4359673.97185907
              ],
              [
                14176473.36645517,
                4359917.61458323
              ],
              [
                14176531.36390987,
                4360156.35107458
              ],
              [
                14176614.35259026,
                4360387.6213017
              ],
              [
                14176721.3306209,
                4360608.72666007
              ],
              [
                14176851.12914717,
                4360817.10671521
              ],
              [
                14177002.24535593,
                4361010.4776145
              ],
              [
                14177172.95379506,
                4361186.62458414
              ],
              [
                14177361.36203322,
                4361343.54034329
              ],
              [
                14177565.29934036,
                4361479.42515489
              ],
              [
                14177782.48366689,
                4361592.8252524
              ],
              [
                14178010.41032429,
                4361682.3561327
              ],
              [
                14178246.57462401,
                4361747.04853939
              ],
              [
                14178488.19357878,
                4361786.14093131
              ],
              [
                14178732.59552082,
                4361799.28707738
              ]
            ]
          ]
        ]
      },
      "geometry_name": "ag_geom",
      "properties": {
        "prohibited": "<FNT name='TW Cen MT' size='6'><CLR cyan='10' magenta='100' yellow='100' black='0'>P65A<UND>UNL</UND>GND </CLR></FNT>",
        "prh_lbl_1": "P65A",
        "prh_lbl_2": "UNL",
        "prh_lbl_3": "GND",
        "prh_lbl_4": "비행금지구역",
        "prh_typ": "1"
      },
      "bbox": [
        14176434.46029314,
        4357184.45640839,
        14181030.78640824,
        4361799.28707738
      ]
    },
    {
      "type": "Feature",
      "id": "lt_c_aisprhc.18",
      "geometry": {
        "type": "MultiPolygon",
        "coordinates": [
          [
            [
              [
                14201606.747128,
                4361829.80003635
              ],
              [
                14201630.2912003,
                4361581.54745874
              ],
              [
                14201651.21926458,
                4361333.16224608
              ],
              [
                14201669.42000132,
                4361084.50603608
              ],
              [
                14201684.94907028,
                4360835.64803155
              ],
              [
                14201697.80647146,
                4360586.72661134
              ],
              [
                14201707.99220488,
                4360337.60341801
              ],
              [
                14201715.5062705,
                4360088.41682403
              ],
              [
                14201720.34866835,
                4359839.16683368
              ],
              [
                14201722.46373868,
                4359589.92262733
              ],
              [
                14201721.96280097,
                4359340.61503
              ],
              [
                14201718.73453573,
                4359091.38239169
              ],
              [
                14201712.83460272,
                4358842.22470706
              ],
              [
                14201704.26300194,
                4358593.07280116
              ],
              [
                14201693.01973336,
                4358344.06500953
              ],
              [
                14201679.10479702,
                4358095.20132203
              ],
              [
                14201662.51819288,
                4357846.55089337
              ],
              [
                14201643.25992097,
                4357598.04454539
              ],
              [
                14201621.32998129,
                4357349.82059127
              ],
              [
                14201596.72837382,
                4357101.80985126
              ],
              [
                14201569.45509859,
                4356854.08146895
              ],
              [
                14201539.5658153,
                4356606.70458154
              ],
              [
                14201507.00486424,
                4356359.61000939
              ],
              [
                14201471.77224541,
                4356112.93604025
              ],
              [
                14201433.8679588,
                4355866.68264507
              ],
              [
                14201393.34766415,
                4355620.84979481
              ],
              [
                14201350.21136146,
                4355375.43746052
              ],
              [
                14201304.40339101,
                4355130.58390799
              ],
              [
                14201255.97941251,
                4354886.15080736
              ],
              [
                14201204.93942597,
                4354642.34556249
              ],
              [
                14201151.28343142,
                4354399.09898789
              ],
              [
                14201095.01142882,
                4354156.41104555
              ],
              [
                14201036.17907794,
                4353914.35083705
              ],
              [
                14200974.67505927,
                4353672.98745789
              ],
              [
                14200910.66635206,
                4353432.32086101
              ],
              [
                14200844.04163682,
                4353192.28186464
              ],
              [
                14200774.80091356,
                4352953.07782671
              ],
              [
                14200703.05550174,
                4352714.63955956
              ],
              [
                14200628.69408189,
                4352476.96701218
              ],
              [
                14200551.82797349,
                4352240.06013369
              ],
              [
                14200472.45717655,
                4352004.05712788
              ],
              [
                14200390.52603134,
                4351768.95793516
              ],
              [
                14200306.03453782,
                4351534.76249618
              ],
              [
                14200219.09401552,
                4351301.4707518
              ],
              [
                14200129.59314492,
                4351069.15176436
              ],
              [
                14200037.64324553,
                4350837.80547076
              ],
              [
                14199943.24431733,
                4350607.50092641
              ],
              [
                14199846.34070059,
                4350378.23806431
              ],
              [
                14199746.98805506,
                4350150.0168178
              ],
              [
                14199645.18638073,
                4349922.90623436
              ],
              [
                14199540.99133735,
                4349696.975356
              ],
              [
                14199434.34726517,
                4349472.08588636
              ],
              [
                14199325.30982393,
                4349248.44508868
              ],
              [
                14199213.87901365,
                4349025.98377692
              ],
              [
                14199100.05483431,
                4348804.70187783
              ],
              [
                14198983.83728593,
                4348584.73752913
              ],
              [
                14198865.28202823,
                4348366.0215461
              ],
              [
                14198744.44472098,
                4348148.55385252
              ],
              [
                14198621.21404467,
                4347932.47257485
              ],
              [
                14198495.70131879,
                4347717.70852978
              ],
              [
                14198367.90654337,
                4347504.39983509
              ],
              [
                14198237.82971838,
                4347292.40821021
              ],
              [
                14198105.47084382,
                4347081.8717685
              ],
              [
                14197970.82991971,
                4346872.79042453
              ],
              [
                14197834.01826552,
                4346665.16409343
              ],
              [
                14197694.92456177,
                4346459.06178258
              ],
              [
                14197553.66012796,
                4346254.41431407
              ],
              [
                14197410.22496408,
                4346051.42887192
              ],
              [
                14197264.61907012,
                4345849.89809888
              ],
              [
                14197116.84244609,
                4345650.02917254
              ],
              [
                14196966.95075174,
                4345451.7529151
              ],
              [
                14196814.94398706,
                4345255.13832245
              ],
              [
                14196660.82215205,
                4345060.11622085
              ],
              [
                14196504.58524673,
                4344866.82468653
              ],
              [
                14196346.34459057,
                4344675.26362627
              ],
              [
                14196186.04452382,
                4344485.43294765
              ],
              [
                14196023.6850465,
                4344297.26348138
              ],
              [
                14195859.37747808,
                4344110.96237
              ],
              [
                14195693.01049909,
                4343926.39136576
              ],
              [
                14195524.75108876,
                4343743.68852807
              ],
              [
                14195354.4879276,
                4343562.78468878
              ],
              [
                14195182.33233508,
                4343383.74882908
              ],
              [
                14195008.22865148,
                4343206.58085581
              ],
              [
                14194832.28819629,
                4343031.34974638
              ],
              [
                14194654.45530974,
                4342857.98633771
              ],
              [
                14194474.72999185,
                4342686.62867443
              ],
              [
                14194293.22356212,
                4342517.13852813
              ],
              [
                14194109.93602053,
                4342349.65394113
              ],
              [
                14193924.81170734,
                4342184.24388409
              ],
              [
                14193737.96194204,
                4342020.77013509
              ],
              [
                14193549.38672463,
                4341859.37073022
              ],
              [
                14193359.03039538,
                4341699.97651511
              ],
              [
                14193167.00427376,
                4341542.65646083
              ],
              [
                14192973.30835978,
                4341387.47953561
              ],
              [
                14192777.99831319,
                4341234.3765887
              ],
              [
                14192581.01847422,
                4341083.41658883
              ],
              [
                14192382.42450264,
                4340934.5994459
              ],
              [
                14192182.2720582,
                4340787.9250711
              ],
              [
                14191980.56114088,
                4340643.39337691
              ],
              [
                14191777.2917507,
                4340501.07333053
              ],
              [
                14191572.51954738,
                4340361.03389683
              ],
              [
                14191366.30019069,
                4340223.1368836
              ],
              [
                14191158.57802087,
                4340087.52031013
              ],
              [
                14190949.40869767,
                4339954.1840903
              ],
              [
                14190738.84788083,
                4339823.0590904
              ],
              [
                14190526.83991061,
                4339694.28332619
              ],
              [
                14190313.55176626,
                4339567.78766602
              ],
              [
                14190098.87212826,
                4339443.57202959
              ],
              [
                14189882.85665638,
                4339321.77442979
              ],
              [
                14189665.56101034,
                4339202.25669443
              ],
              [
                14189447.04084993,
                4339085.08779201
              ],
              [
                14189227.24051534,
                4338970.33668955
              ],
              [
                14189006.21566638,
                4338857.93426691
              ],
              [
                14188784.02196276,
                4338747.94949281
              ],
              [
                14188560.65940447,
                4338640.38229324
              ],
              [
                14188336.12799155,
                4338535.23259582
              ],
              [
                14188110.48338372,
                4338432.56936996
              ],
              [
                14187883.78124071,
                4338332.25446556
              ],
              [
                14187656.02156254,
                4338234.49493377
              ],
              [
                14187427.26000897,
                4338139.15262848
              ],
              [
                14187197.44092023,
                4338046.29652325
              ],
              [
                14186966.61995607,
                4337955.92655383
              ],
              [
                14186734.90843598,
                4337868.11169425
              ],
              [
                14186502.25070022,
                4337782.78284607
              ],
              [
                14186268.6467488,
                4337699.93995025
              ],
              [
                14186034.20790118,
                4337619.65198445
              ],
              [
                14185798.9341574,
                4337541.9188916
              ],
              [
                14185562.82551741,
                4337466.74061643
              ],
              [
                14185325.93764101,
                4337394.1171055
              ],
              [
                14185088.27052817,
                4337324.04830716
              ],
              [
                14184849.87983864,
                4337256.53417165
              ],
              [
                14184610.76557241,
                4337191.64368316
              ],
              [
                14184370.98338924,
                4337129.37679434
              ],
              [
                14184130.53328912,
                4337069.66442829
              ],
              [
                14183889.47093182,
                4337012.50654257
              ],
              [
                14183647.7963173,
                4336958.04115802
              ],
              [
                14183405.56510534,
                4336906.13017302
              ],
              [
                14183162.77729592,
                4336856.91161087
              ],
              [
                14182919.48854879,
                4336810.31640491
              ],
              [
                14182675.75452369,
                4336766.27549163
              ],
              [
                14182431.5195609,
                4336724.9268982
              ],
              [
                14182186.83932013,
                4336686.27059365
              ],
              [
                14181941.8251209,
                4336650.23752027
              ],
              [
                14181696.36564369,
                4336616.82765176
              ],
              [
                14181450.57220802,
                4336586.04096374
              ],
              [
                14181204.50047362,
                4336558.01549008
              ],
              [
                14180958.1504405,
                4336532.61315324
              ],
              [
                14180711.52210865,
                4336509.83393467
              ],
              [
                14180464.67113781,
                4336489.74684551
              ],
              [
                14180217.597528,
                4336472.35187068
              ],
              [
                14179970.35693895,
                4336457.64899718
              ],
              [
                14179723.0050304,
                4336445.56918652
              ],
              [
                14179475.48614262,
                4336436.18145731
              ],
              [
                14179227.9115951,
                4336429.48580249
              ],
              [
                14178980.28138783,
                4336425.48221706
              ],
              [
                14178732.59552082,
                4336424.17069802
              ],
              [
                14178484.96531355,
                4336425.48221706
              ],
              [
                14178237.33510628,
                4336429.48580249
              ],
              [
                14177989.76055876,
                4336436.18145731
              ],
              [
                14177742.24167098,
                4336445.56918652
              ],
              [
                14177494.88976243,
                4336457.64899718
              ],
              [
                14177247.64917338,
                4336472.35187068
              ],
              [
                14177000.57556356,
                4336489.74684551
              ],
              [
                14176753.72459274,
                4336509.83393467
              ],
              [
                14176507.09626088,
                4336532.61315324
              ],
              [
                14176260.74622776,
                4336558.01549008
              ],
              [
                14176014.61883361,
                4336586.04096374
              ],
              [
                14175768.88105768,
                4336616.82765176
              ],
              [
                14175523.42158048,
                4336650.23752027
              ],
              [
                14175278.40738124,
                4336686.27059365
              ],
              [
                14175033.72714048,
                4336724.9268982
              ],
              [
                14174789.49217769,
                4336766.27549163
              ],
              [
                14174545.75815259,
                4336810.31640491
              ],
              [
                14174302.46940545,
                4336856.91161087
              ],
              [
                14174059.68159604,
                4336906.13017302
              ],
              [
                14173817.45038408,
                4336958.04115802
              ],
              [
                14173575.77576957,
                4337012.50654257
              ],
              [
                14173334.71341225,
                4337069.66442829
              ],
              [
                14173094.26331214,
                4337129.37679434
              ],
              [
                14172854.48112897,
                4337191.64368316
              ],
              [
                14172615.36686274,
                4337256.53417165
              ],
              [
                14172376.97617321,
                4337324.04830716
              ],
              [
                14172139.30906037,
                4337394.1171055
              ],
              [
                14171902.42118396,
                4337466.74061643
              ],
              [
                14171666.31254399,
                4337541.9188916
              ],
              [
                14171431.03880019,
                4337619.65198445
              ],
              [
                14171196.59995258,
                4337699.93995025
              ],
              [
                14170962.99600115,
                4337782.78284607
              ],
              [
                14170730.3382654,
                4337868.11169425
              ],
              [
                14170498.62674531,
                4337955.92655383
              ],
              [
                14170267.80578115,
                4338046.29652325
              ],
              [
                14170037.9866924,
                4338139.15262848
              ],
              [
                14169809.22513883,
                4338234.49493377
              ],
              [
                14169581.40980092,
                4338332.25446556
              ],
              [
                14169354.70765792,
                4338432.56936996
              ],
              [
                14169129.11870982,
                4338535.23259582
              ],
              [
                14168904.5872969,
                4338640.38229324
              ],
              [
                14168681.22473862,
                4338747.94949281
              ],
              [
                14168459.03103499,
                4338857.93426691
              ],
              [
                14168238.00618603,
                4338970.33668955
              ],
              [
                14168018.20585145,
                4339085.08779201
              ],
              [
                14167799.68569103,
                4339202.25669443
              ],
              [
                14167582.39004499,
                4339321.77442979
              ],
              [
                14167366.37457312,
                4339443.57202959
              ],
              [
                14167151.69493511,
                4339567.78766602
              ],
              [
                14166938.35113101,
                4339694.28332619
              ],
              [
                14166726.39882054,
                4339823.0590904
              ],
              [
                14166515.83800371,
                4339954.1840903
              ],
              [
                14166306.66868051,
                4340087.52031013
              ],
              [
                14166098.94651068,
                4340223.1368836
              ],
              [
                14165892.67149424,
                4340361.03389683
              ],
              [
                14165687.95495067,
                4340501.07333053
              ],
              [
                14165484.68556049,
                4340643.39337691
              ],
              [
                14165282.97464318,
                4340787.9250711
              ],
              [
                14165082.82219873,
                4340934.5994459
              ],
              [
                14164884.22822715,
                4341083.41658883
              ],
              [
                14164687.24838819,
                4341234.3765887
              ],
              [
                14164491.88268185,
                4341387.47953561
              ],
              [
                14164298.24242761,
                4341542.65646083
              ],
              [
                14164106.216306,
                4341699.97651511
              ],
              [
                14163915.85997674,
                4341859.37073022
              ],
              [
                14163727.28475933,
                4342020.77013509
              ],
              [
                14163540.43499403,
                4342184.24388409
              ],
              [
                14163355.31068086,
                4342349.65394113
              ],
              [
                14163172.02313925,
                4342517.13852813
              ],
              [
                14162990.51670952,
                4342686.62867443
              ],
              [
                14162810.79139163,
                4342857.98633771
              ],
              [
                14162632.95850509,
                4343031.34974638
              ],
              [
                14162457.0180499,
                4343206.58085581
              ],
              [
                14162282.91436629,
                4343383.74882908
              ],
              [
                14162110.75877378,
                4343562.78468878
              ],
              [
                14161940.49561261,
                4343743.68852807
              ],
              [
                14161772.18054253,
                4343926.39136576
              ],
              [
                14161605.86922329,
                4344110.96237
              ],
              [
                14161441.56165487,
                4344297.26348138
              ],
              [
                14161279.20217755,
                4344485.43294765
              ],
              [
                14161118.90211081,
                4344675.26362627
              ],
              [
                14160960.66145465,
                4344866.82468653
              ],
              [
                14160804.42454933,
                4345060.11622085
              ],
              [
                14160650.30271431,
                4345255.13832245
              ],
              [
                14160498.29594965,
                4345451.7529151
              ],
              [
                14160348.40425529,
                4345650.02917254
              ],
              [
                14160200.62763126,
                4345849.89809888
              ],
              [
                14160055.0217373,
                4346051.42887192
              ],
              [
                14159911.58657342,
                4346254.41431407
              ],
              [
                14159770.3221396,
                4346459.06178258
              ],
              [
                14159631.22843585,
                4346665.16409343
              ],
              [
                14159494.41678166,
                4346872.79042453
              ],
              [
                14159359.77585755,
                4347081.8717685
              ],
              [
                14159227.416983,
                4347292.40821021
              ],
              [
                14159097.34015801,
                4347504.39983509
              ],
              [
                14158969.54538258,
                4347717.70852978
              ],
              [
                14158844.03265671,
                4347932.47257485
              ],
              [
                14158720.80198039,
                4348148.55385252
              ],
              [
                14158599.90901339,
                4348366.0215461
              ],
              [
                14158481.40941545,
                4348584.73752913
              ],
              [
                14158365.19186706,
                4348804.70187783
              ],
              [
                14158251.36768773,
                4349025.98377692
              ],
              [
                14158139.93687745,
                4349248.44508868
              ],
              [
                14158030.89943621,
                4349472.08588636
              ],
              [
                14157924.25536403,
                4349696.975356
              ],
              [
                14157820.06032064,
                4349922.90623436
              ],
              [
                14157718.25864631,
                4350150.0168178
              ],
              [
                14157618.90600078,
                4350378.23806431
              ],
              [
                14157522.00238404,
                4350607.50092641
              ],
              [
                14157427.54779611,
                4350837.80547076
              ],
              [
                14157335.59789672,
                4351069.15176436
              ],
              [
                14157246.15268586,
                4351301.4707518
              ],
              [
                14157159.21216355,
                4351534.76249618
              ],
              [
                14157074.72067004,
                4351768.95793516
              ],
              [
                14156992.78952482,
                4352004.05712788
              ],
              [
                14156913.41872788,
                4352240.06013369
              ],
              [
                14156836.49695975,
                4352476.96701218
              ],
              [
                14156762.19119963,
                4352714.63955956
              ],
              [
                14156690.44578782,
                4352953.07782671
              ],
              [
                14156621.20506455,
                4353192.28186464
              ],
              [
                14156554.58034931,
                4353432.32086101
              ],
              [
                14156490.5716421,
                4353672.98745789
              ],
              [
                14156429.06762343,
                4353914.35083705
              ],
              [
                14156370.23527255,
                4354156.41104555
              ],
              [
                14156313.96326995,
                4354399.09898789
              ],
              [
                14156260.3072754,
                4354642.34556249
              ],
              [
                14156209.26728887,
                4354886.15080736
              ],
              [
                14156160.84331037,
                4355130.58390799
              ],
              [
                14156115.03533992,
                4355375.43746052
              ],
              [
                14156071.89903724,
                4355620.84979481
              ],
              [
                14156031.37874257,
                4355866.68264507
              ],
              [
                14155993.47445596,
                4356112.93604025
              ],
              [
                14155958.24183713,
                4356359.61000939
              ],
              [
                14155925.68088607,
                4356606.70458154
              ],
              [
                14155895.79160279,
                4356854.08146895
              ],
              [
                14155868.51832755,
                4357101.80985126
              ],
              [
                14155843.91672008,
                4357349.82059127
              ],
              [
                14155821.9867804,
                4357598.04454539
              ],
              [
                14155802.72850849,
                4357846.55089337
              ],
              [
                14155786.14190437,
                4358095.20132203
              ],
              [
                14155772.22696802,
                4358344.06500953
              ],
              [
                14155760.9280397,
                4358593.07280116
              ],
              [
                14155752.41209865,
                4358842.22470706
              ],
              [
                14155746.51216564,
                4359091.38239169
              ],
              [
                14155743.28390041,
                4359340.61503
              ],
              [
                14155742.78296269,
                4359589.92262733
              ],
              [
                14155744.89803302,
                4359839.16683368
              ],
              [
                14155749.74043087,
                4360088.41682403
              ],
              [
                14155757.2544965,
                4360337.60341801
              ],
              [
                14155767.44022991,
                4360586.72661134
              ],
              [
                14155780.2976311,
                4360835.64803155
              ],
              [
                14155795.82670006,
                4361084.50603608
              ],
              [
                14155814.02743681,
                4361333.16224608
              ],
              [
                14155834.89984132,
                4361581.54745874
              ],
              [
                14155858.49957338,
                4361829.80003635
              ],
              [
                14155884.71531346,
                4362077.71239357
              ],
              [
                14155913.60272132,
                4362325.35370062
              ],
              [
                14155945.16179696,
                4362572.72393884
              ],
              [
                14155979.33688064,
                4362819.6846959
              ],
              [
                14156016.23929183,
                4363066.23594364
              ],
              [
                14156055.70205132,
                4363312.44685398
              ],
              [
                14156097.89213833,
                4363558.17900037
              ],
              [
                14156142.69823338,
                4363803.50155324
              ],
              [
                14156190.12033645,
                4364048.27607505
              ],
              [
                14156240.15844757,
                4364292.5025284
              ],
              [
                14156292.86822646,
                4364536.25008392
              ],
              [
                14156348.19401338,
                4364779.38029009
              ],
              [
                14156406.08014859,
                4365021.89310504
              ],
              [
                14156466.63795158,
                4365263.78848703
              ],
              [
                14156529.75610286,
                4365504.99718023
              ],
              [
                14156595.49026217,
                4365745.51913842
              ],
              [
                14156663.78476978,
                4365985.28509825
              ],
              [
                14156734.63962566,
                4366224.36422795
              ],
              [
                14156808.11048959,
                4366462.61804101
              ],
              [
                14156884.1417018,
                4366700.11570441
              ],
              [
                14156962.67760255,
                4366936.78794463
              ],
              [
                14157043.7738516,
                4367172.49625723
              ],
              [
                14157127.43044893,
                4367407.44825816
              ],
              [
                14157213.5917348,
                4367641.36698594
              ],
              [
                14157302.25770921,
                4367874.39083199
              ],
              [
                14157393.42837219,
                4368106.45050712
              ],
              [
                14157487.10372369,
                4368337.54594884
              ],
              [
                14157583.28376373,
                4368567.53862703
              ],
              [
                14157681.91283257,
                4368796.56694165
              ],
              [
                14157782.99093021,
                4369024.42312036
              ],
              [
                14157886.51805665,
                4369251.24556521
              ],
              [
                14157992.49421189,
                4369476.89573107
              ],
              [
                14158100.86373617,
                4369701.44278529
              ],
              [
                14158211.68228925,
                4369924.74817321
              ],
              [
                14158324.89421139,
                4370146.88106151
              ],
              [
                14158440.44384284,
                4370367.70288624
              ],
              [
                14158558.44250308,
                4370587.35206044
              ],
              [
                14158678.72321288,
                4370805.69001532
              ],
              [
                14158801.39729174,
                4371022.64742104
              ],
              [
                14158926.40907989,
                4371238.36269624
              ],
              [
                14159053.70291761,
                4371452.62800829
              ],
              [
                14159183.33446465,
                4371665.5817782
              ],
              [
                14159315.1924015,
                4371877.08541723
              ],
              [
                14159449.38804764,
                4372087.13883963
              ],
              [
                14159585.81008361,
                4372295.67270216
              ],
              [
                14159724.45850939,
                4372502.82543492
              ],
              [
                14159865.33332498,
                4372708.38917582
              ],
              [
                14160008.4345304,
                4372912.43309549
              ],
              [
                14160153.70646589,
                4373114.95710718
              ],
              [
                14160301.20479119,
                4373315.82259556
              ],
              [
                14160450.81818682,
                4373515.16799922
              ],
              [
                14160602.54665277,
                4373712.78543183
              ],
              [
                14160756.44584879,
                4373908.81333475
              ],
              [
                14160912.40445539,
                4374103.18235109
              ],
              [
                14161070.47813232,
                4374295.75384872
              ],
              [
                14161230.61121982,
                4374486.66627513
              ],
              [
                14161392.80371791,
                4374675.85026827
              ],
              [
                14161556.99996683,
                4374863.23646203
              ],
              [
                14161723.19996658,
                4375048.82476209
              ],
              [
                14161891.40371717,
                4375232.61507508
              ],
              [
                14162061.6112186,
                4375414.53803031
              ],
              [
                14162233.71115136,
                4375594.66281203
              ],
              [
                14162407.81483496,
                4375772.92004908
              ],
              [
                14162583.75529017,
                4375949.24036662
              ],
              [
                14162761.64383645,
                4376123.62366903
              ],
              [
                14162941.36915433,
                4376296.06986174
              ],
              [
                14163122.93124382,
                4376466.57885122
              ],
              [
                14163306.38576464,
                4376635.08125891
              ],
              [
                14163491.56573758,
                4376801.64627729
              ],
              [
                14163678.58248211,
                4376966.13523957
              ],
              [
                14163867.3803385,
                4377128.61733936
              ],
              [
                14164057.84798725,
                4377289.02319506
              ],
              [
                14164250.09674784,
                4377447.35271341
              ],
              [
                14164444.01530081,
                4377603.60580231
              ],
              [
                14164639.60364613,
                4377757.71307757
              ],
              [
                14164836.86178381,
                4377909.74374089
              ],
              [
                14165035.73405412,
                4378059.55911325
              ],
              [
                14165236.22045704,
                4378207.29769419
              ],
              [
                14165438.26533283,
                4378352.75150618
              ],
              [
                14165641.92434124,
                4378496.05905237
              ],
              [
                14165847.08616277,
                4378637.15094756
              ],
              [
                14166053.69513768,
                4378775.95780426
              ],
              [
                14166261.86258546,
                4378912.54883441
              ],
              [
                14166471.47718662,
                4379046.92395321
              ],
              [
                14166682.53894117,
                4379178.94447216
              ],
              [
                14166894.99218935,
                4379308.67960757
              ],
              [
                14167108.83693117,
                4379436.12927633
              ],
              [
                14167324.01750687,
                4379561.22409182
              ],
              [
                14167540.58957621,
                4379683.96397152
              ],
              [
                14167758.44181969,
                4379804.3488344
              ],
              [
                14167977.57423731,
                4379922.37860105
              ],
              [
                14168197.98682908,
                4380038.05319355
              ],
              [
                14168419.62393525,
                4380151.30322674
              ],
              [
                14168642.48555583,
                4380262.12862365
              ],
              [
                14168866.51603104,
                4380370.52930899
              ],
              [
                14169091.71536092,
                4380476.50520908
              ],
              [
                14169318.0278857,
                4380579.98694031
              ],
              [
                14169545.45360539,
                4380681.0437426
              ],
              [
                14169773.93686025,
                4380779.60623437
              ],
              [
                14170003.47765025,
                4380875.6743467
              ],
              [
                14170234.07597544,
                4380969.24801243
              ],
              [
                14170465.62051629,
                4381060.32716613
              ],
              [
                14170698.16693255,
                4381148.91174413
              ],
              [
                14170931.6595645,
                4381234.93236864
              ],
              [
                14171166.04275236,
                4381318.38897781
              ],
              [
                14171401.31649615,
                4381399.3508286
              ],
              [
                14171637.48079587,
                4381477.67922954
              ],
              [
                14171874.42433203,
                4381553.51275861
              ],
              [
                14172112.20276436,
                4381626.71272601
              ],
              [
                14172350.76043313,
                4381697.34839655
              ],
              [
                14172590.09733833,
                4381765.41971945
              ],
              [
                14172830.10216048,
                4381830.85732606
              ],
              [
                14173070.83055933,
                4381893.66116806
              ],
              [
                14173312.2268751,
                4381953.90051959
              ],
              [
                14173554.2354481,
                4382011.43669557
              ],
              [
                14173796.85627828,
                4382066.40829488
              ],
              [
                14174040.03370592,
                4382118.7459564
              ],
              [
                14174283.82339075,
                4382168.38031961
              ],
              [
                14174528.05835355,
                4382215.38066907
              ],
              [
                14174772.84991381,
                4382259.74697007
              ],
              [
                14175018.08675203,
                4382301.4098671
              ],
              [
                14175263.71320846,
                4382340.43865159
              ],
              [
                14175509.78494286,
                4382376.8332947
              ],
              [
                14175756.24629547,
                4382410.52444609
              ],
              [
                14176003.04160656,
                4382441.51208024
              ],
              [
                14176250.17087613,
                4382469.79617364
              ],
              [
                14176497.57844441,
                4382495.44602888
              ],
              [
                14176745.26431143,
                4382518.39230283
              ],
              [
                14176993.17281742,
                4382538.63497811
              ],
              [
                14177241.3039624,
                4382556.17403937
              ],
              [
                14177489.60208662,
                4382571.07879782
              ],
              [
                14177738.01153032,
                4382583.21059329
              ],
              [
                14177986.58795326,
                4382592.63874098
              ],
              [
                14178235.22003596,
                4382599.43255843
              ],
              [
                14178483.90777838,
                4382603.4533912
              ],
              [
                14178732.59552082,
                4382604.83988561
              ],
              [
                14178981.33892299,
                4382603.4533912
              ],
              [
                14179230.02666543,
                4382599.43255843
              ],
              [
                14179478.65874812,
                4382592.63874098
              ],
              [
                14179727.23517105,
                4382583.21059329
              ],
              [
                14179975.64461476,
                4382571.07879782
              ],
              [
                14180223.94273897,
                4382556.17403937
              ],
              [
                14180472.07388395,
                4382538.63497811
              ],
              [
                14180719.98238994,
                4382518.39230283
              ],
              [
                14180967.66825697,
                4382495.44602888
              ],
              [
                14181215.07582526,
                4382469.79617364
              ],
              [
                14181462.14943506,
                4382441.51208024
              ],
              [
                14181709.0004059,
                4382410.52444609
              ],
              [
                14181955.40609877,
                4382376.8332947
              ],
              [
                14182201.47783316,
                4382340.43865159
              ],
              [
                14182447.15994934,
                4382301.4098671
              ],
              [
                14182692.39678756,
                4382259.74697007
              ],
              [
                14182937.18834782,
                4382215.38066907
              ],
              [
                14183181.42331062,
                4382168.38031961
              ],
              [
                14183425.21299545,
                4382118.7459564
              ],
              [
                14183668.39042309,
                4382066.40829488
              ],
              [
                14183911.01125328,
                4382011.43669557
              ],
              [
                14184153.01982627,
                4381953.90051959
              ],
              [
                14184394.41614205,
                4381893.66116806
              ],
              [
                14184635.14454089,
                4381830.85732606
              ],
              [
                14184875.14936305,
                4381765.41971945
              ],
              [
                14185114.48626824,
                4381697.34839655
              ],
              [
                14185352.98827728,
                4381626.71272601
              ],
              [
                14185590.76670961,
                4381553.51275861
              ],
              [
                14185827.7659055,
                4381477.67922954
              ],
              [
                14186063.93020523,
                4381399.3508286
              ],
              [
                14186299.20394901,
                4381318.38897781
              ],
              [
                14186533.58713689,
                4381234.93236864
              ],
              [
                14186767.07976882,
                4381148.91174413
              ],
              [
                14186999.62618509,
                4381060.32716613
              ],
              [
                14187231.17072593,
                4380969.24801243
              ],
              [
                14187461.76905112,
                4380875.6743467
              ],
              [
                14187691.30984114,
                4380779.60623437
              ],
              [
                14187919.79309599,
                4380681.0437426
              ],
              [
                14188147.21881567,
                4380579.98694031
              ],
              [
                14188373.53134045,
                4380476.50520908
              ],
              [
                14188598.73067033,
                4380370.52930899
              ],
              [
                14188822.76114555,
                4380262.12862365
              ],
              [
                14189045.62276612,
                4380151.30322674
              ],
              [
                14189267.25987229,
                4380038.05319355
              ],
              [
                14189487.67246406,
                4379922.37860105
              ],
              [
                14189706.80488169,
                4379804.3488344
              ],
              [
                14189924.65712518,
                4379683.96397152
              ],
              [
                14190141.17353477,
                4379561.22409182
              ],
              [
                14190356.40977021,
                4379436.12927633
              ],
              [
                14190570.25451203,
                4379308.67960757
              ],
              [
                14190782.70776021,
                4379178.94447216
              ],
              [
                14190993.76951475,
                4379046.92395321
              ],
              [
                14191203.38411592,
                4378912.54883441
              ],
              [
                14191411.49590396,
                4378775.95780426
              ],
              [
                14191618.1605386,
                4378637.15094756
              ],
              [
                14191823.32236014,
                4378496.05905237
              ],
              [
                14192026.98136854,
                4378352.75150618
              ],
              [
                14192229.02624434,
                4378207.29769419
              ],
              [
                14192429.51264726,
                4378059.55911325
              ],
              [
                14192628.38491756,
                4377909.74374089
              ],
              [
                14192825.64305524,
                4377757.71307757
              ],
              [
                14193021.23140056,
                4377603.60580231
              ],
              [
                14193215.14995353,
                4377447.35271341
              ],
              [
                14193407.39871412,
                4377289.02319506
              ],
              [
                14193597.86636287,
                4377128.61733936
              ],
              [
                14193786.66421926,
                4376966.13523957
              ],
              [
                14193973.62530405,
                4376801.64627729
              ],
              [
                14194158.86093673,
                4376635.08125891
              ],
              [
                14194342.25979781,
                4376466.57885122
              ],
              [
                14194523.87754705,
                4376296.06986174
              ],
              [
                14194703.60286493,
                4376123.62366903
              ],
              [
                14194881.49141121,
                4375949.24036662
              ],
              [
                14195057.43186641,
                4375772.92004908
              ],
              [
                14195231.53555002,
                4375594.66281203
              ],
              [
                14195403.63548278,
                4375414.53803031
              ],
              [
                14195573.8429842,
                4375232.61507508
              ],
              [
                14195742.04673479,
                4375048.82476209
              ],
              [
                14195908.24673455,
                4374863.23646203
              ],
              [
                14196072.44298347,
                4374675.85026827
              ],
              [
                14196234.63548155,
                4374486.66627513
              ],
              [
                14196394.76856906,
                4374295.75384872
              ],
              [
                14196552.84224599,
                4374103.18235109
              ],
              [
                14196708.80085259,
                4373908.81333475
              ],
              [
                14196862.70004861,
                4373712.78543183
              ],
              [
                14197014.42851455,
                4373515.16799922
              ],
              [
                14197164.04191018,
                4373315.82259556
              ],
              [
                14197311.48457574,
                4373114.95710718
              ],
              [
                14197456.81217097,
                4372912.43309549
              ],
              [
                14197599.85771664,
                4372708.38917582
              ],
              [
                14197740.78819198,
                4372502.82543492
              ],
              [
                14197879.43661777,
                4372295.67270216
              ],
              [
                14198015.85865373,
                4372087.13883963
              ],
              [
                14198149.99864014,
                4371877.08541723
              ],
              [
                14198281.91223673,
                4371665.5817782
              ],
              [
                14198411.54378376,
                4371452.62800829
              ],
              [
                14198538.83762149,
                4371238.36269624
              ],
              [
                14198663.84940965,
                4371022.64742104
              ],
              [
                14198786.5234885,
                4370805.69001532
              ],
              [
                14198906.80419829,
                4370587.35206044
              ],
              [
                14199024.80285854,
                4370367.70288624
              ],
              [
                14199140.35248998,
                4370146.88106151
              ],
              [
                14199253.56441213,
                4369924.74817321
              ],
              [
                14199364.3829652,
                4369701.44278529
              ],
              [
                14199472.75248949,
                4369476.89573107
              ],
              [
                14199578.72864474,
                4369251.24556521
              ],
              [
                14199682.25577116,
                4369024.42312036
              ],
              [
                14199783.3338688,
                4368796.56694165
              ],
              [
                14199881.96293765,
                4368567.53862703
              ],
              [
                14199978.14297769,
                4368337.54594884
              ],
              [
                14200071.81832919,
                4368106.45050712
              ],
              [
                14200162.98899216,
                4367874.39083199
              ],
              [
                14200251.65496658,
                4367641.36698594
              ],
              [
                14200337.81625245,
                4367407.44825816
              ],
              [
                14200421.47284978,
                4367172.49625723
              ],
              [
                14200502.56909882,
                4366936.78794463
              ],
              [
                14200581.10499957,
                4366700.11570441
              ],
              [
                14200657.13621178,
                4366462.61804101
              ],
              [
                14200730.55141596,
                4366224.36422795
              ],
              [
                14200801.46193159,
                4365985.28509825
              ],
              [
                14200869.75643921,
                4365745.51913842
              ],
              [
                14200935.49059851,
                4365504.99718023
              ],
              [
                14200998.6087498,
                4365263.78848703
              ],
              [
                14201059.11089304,
                4365021.89310504
              ],
              [
                14201117.05268799,
                4364779.38029009
              ],
              [
                14201172.37847492,
                4364536.25008392
              ],
              [
                14201225.03259407,
                4364292.5025284
              ],
              [
                14201275.12636493,
                4364048.27607505
              ],
              [
                14201322.548468,
                4363803.50155324
              ],
              [
                14201367.35456305,
                4363558.17900037
              ],
              [
                14201409.48899031,
                4363312.44685398
              ],
              [
                14201449.00740955,
                4363066.23594364
              ],
              [
                14201485.90982075,
                4362819.6846959
              ],
              [
                14201520.08490441,
                4362572.72393884
              ],
              [
                14201551.64398005,
                4362325.35370062
              ],
              [
                14201580.53138791,
                4362077.71239357
              ],
              [
                14201606.747128,
                4361829.80003635
              ]
            ],
            [
              [
                14178854.9356412,
                4357184.45640839
              ],
              [
                14179098.22438832,
                4357210.59913369
              ],
              [
                14179337.39431429,
                4357262.53896976
              ],
              [
                14179569.66243183,
                4357339.65383659
              ],
              [
                14179792.46839265,
                4357441.18349179
              ],
              [
                14180003.25184848,
                4357565.95285604
              ],
              [
                14180199.67508997,
                4357712.44113165
              ],
              [
                14180379.51172736,
                4357879.12757606
              ],
              [
                14180540.64669027,
                4358064.07647485
              ],
              [
                14180681.35452665,
                4358265.14457784
              ],
              [
                14180799.96544409,
                4358480.05021599
              ],
              [
                14180895.14360871,
                4358706.51159759
              ],
              [
                14180965.83148537,
                4358941.76257806
              ],
              [
                14181011.19417786,
                4359183.31349108
              ],
              [
                14181030.78640824,
                4359428.25941091
              ],
              [
                14181024.32987777,
                4359673.97185907
              ],
              [
                14180991.88024621,
                4359917.61458323
              ],
              [
                14180933.8827915,
                4360156.35107458
              ],
              [
                14180850.89411112,
                4360387.6213017
              ],
              [
                14180743.91608047,
                4360608.72666007
              ],
              [
                14180614.1175542,
                4360817.10671521
              ],
              [
                14180463.00134544,
                4361010.4776145
              ],
              [
                14180292.29290632,
                4361186.62458414
              ],
              [
                14180103.88466815,
                4361343.54034329
              ],
              [
                14179899.94736102,
                4361479.42515489
              ],
              [
                14179682.76303448,
                4361592.8252524
              ],
              [
                14179454.83637708,
                4361682.3561327
              ],
              [
                14179218.67207736,
                4361747.04853939
              ],
              [
                14178977.05312261,
                4361786.14093131
              ],
              [
                14178732.59552082,
                4361799.28707738
              ],
              [
                14178488.19357878,
                4361786.14093131
              ],
              [
                14178246.57462401,
                4361747.04853939
              ],
              [
                14178010.41032429,
                4361682.3561327
              ],
              [
                14177782.48366689,
                4361592.8252524
              ],
              [
                14177565.29934036,
                4361479.42515489
              ],
              [
                14177361.36203322,
                4361343.54034329
              ],
              [
                14177172.95379506,
                4361186.62458414
              ],
              [
                14177002.24535593,
                4361010.4776145
              ],
              [
                14176851.12914717,
                4360817.10671521
              ],
              [
                14176721.3306209,
                4360608.72666007
              ],
              [
                14176614.35259026,
                4360387.6213017
              ],
              [
                14176531.36390987,
                4360156.35107458
              ],
              [
                14176473.36645517,
                4359917.61458323
              ],
              [
                14176440.9168236,
                4359673.97185907
              ],
              [
                14176434.46029314,
                4359428.25941091
              ],
              [
                14176454.05252352,
                4359183.31349108
              ],
              [
                14176499.41521601,
                4358941.76257806
              ],
              [
                14176570.10309266,
                4358706.51159759
              ],
              [
                14176665.28125729,
                4358480.05021599
              ],
              [
                14176783.89217474,
                4358265.14457784
              ],
              [
                14176924.6000111,
                4358064.07647485
              ],
              [
                14177085.73497401,
                4357879.12757606
              ],
              [
                14177265.51595165,
                4357712.44113165
              ],
              [
                14177461.93919316,
                4357565.95285604
              ],
              [
                14177672.77830872,
                4357441.18349179
              ],
              [
                14177895.58426954,
                4357339.65383659
              ],
              [
                14178127.85238708,
                4357262.53896976
              ],
              [
                14178367.02231305,
                4357210.59913369
              ],
              [
                14178610.31106018,
                4357184.45640839
              ],
              [
                14178854.9356412,
                4357184.45640839
              ]
            ]
          ]
        ]
      },
      "geometry_name": "ag_geom",
      "properties": {
        "prohibited": "<FNT name='TW Cen MT' size='6'><CLR cyan='10' magenta='100' yellow='100' black='0'>P65B<UND>UNL</UND>GND </CLR></FNT>",
        "prh_lbl_1": "P65B",
        "prh_lbl_2": "UNL",
        "prh_lbl_3": "GND",
        "prh_lbl_4": "비행제한구역",
        "prh_typ": "2"
      },
      "bbox": [
        14155742.78296269,
        4336424.17069802,
        14201722.46373868,
        4382604.83988561
      ]
    },
    {
      "type": "Feature",
      "id": "lt_c_aisprhc.19",
      "geometry": {
        "type": "MultiPolygon",
        "coordinates": [
          [
            [
              [
                14274034.47317272,
                4310300.76209817
              ],
              [
                14274279.37137705,
                4310291.9742397
              ],
              [
                14274523.02046537,
                4310265.65560409
              ],
              [
                14274764.17766689,
                4310221.94045873
              ],
              [
                14275001.61301254,
                4310161.05198224
              ],
              [
                14275234.11556893,
                4310083.30101956
              ],
              [
                14275460.49956083,
                4309989.08442218
              ],
              [
                14275679.61060511,
                4309878.88338618
              ],
              [
                14275890.33138807,
                4309753.26013634
              ],
              [
                14276091.58756526,
                4309612.85598591
              ],
              [
                14276282.35321628,
                4309458.38746713
              ],
              [
                14276461.6560767,
                4309290.6430119
              ],
              [
                14276628.58221349,
                4309110.47839248
              ],
              [
                14276782.28114575,
                4308918.81298798
              ],
              [
                14276921.96985217,
                4308716.62453651
              ],
              [
                14277046.93711254,
                4308504.94457587
              ],
              [
                14277156.54651331,
                4308284.85278364
              ],
              [
                14277250.24023253,
                4308057.47159353
              ],
              [
                14277327.54182278,
                4307823.96067529
              ],
              [
                14277388.0581036,
                4307585.51031472
              ],
              [
                14277431.48194452,
                4307343.3365854
              ],
              [
                14277457.59304429,
                4307098.67363083
              ],
              [
                14277466.25948928,
                4306852.76870262
              ],
              [
                14277457.4384215,
                4306606.87472218
              ],
              [
                14277431.17581593,
                4306362.24477297
              ],
              [
                14277387.60681438,
                4306120.12507975
              ],
              [
                14277326.95438982,
                4305881.74909208
              ],
              [
                14277249.52867835,
                4305648.33101918
              ],
              [
                14277155.72530943,
                4305421.05950451
              ],
              [
                14277046.0230682,
                4305201.0917155
              ],
              [
                14276920.98155774,
                4304989.54784779
              ],
              [
                14276781.23863872,
                4304787.50466732
              ],
              [
                14276627.50675589,
                4304595.990706
              ],
              [
                14276460.56948715,
                4304415.98076963
              ],
              [
                14276281.27775868,
                4304248.39085981
              ],
              [
                14276090.54505823,
                4304094.07392187
              ],
              [
                14275889.3429823,
                4303953.81504244
              ],
              [
                14275678.69656078,
                4303828.32788555
              ],
              [
                14275459.67835695,
                4303718.25085279
              ],
              [
                14275233.40401476,
                4303624.14393094
              ],
              [
                14275001.0255796,
                4303546.48581369
              ],
              [
                14274763.72626634,
                4303485.67171006
              ],
              [
                14274522.71433677,
                4303442.01060085
              ],
              [
                14274279.21675427,
                4303415.72497055
              ],
              [
                14274034.47317272,
                4303406.94805999
              ],
              [
                14273789.72959116,
                4303415.72497054
              ],
              [
                14273546.23200866,
                4303442.01060085
              ],
              [
                14273305.22007909,
                4303485.67171005
              ],
              [
                14273067.92087716,
                4303546.4858137
              ],
              [
                14272835.54244201,
                4303624.14393095
              ],
              [
                14272609.26798849,
                4303718.25085278
              ],
              [
                14272390.24989598,
                4303828.32788554
              ],
              [
                14272179.60336314,
                4303953.81504244
              ],
              [
                14271978.40128721,
                4304094.07392187
              ],
              [
                14271787.66858675,
                4304248.3908598
              ],
              [
                14271608.37685828,
                4304415.98076963
              ],
              [
                14271441.43970086,
                4304595.99070597
              ],
              [
                14271287.70781804,
                4304787.50466732
              ],
              [
                14271147.96489902,
                4304989.5478478
              ],
              [
                14271022.92338856,
                4305201.09171554
              ],
              [
                14270913.221036,
                4305421.05950452
              ],
              [
                14270819.41766709,
                4305648.33101917
              ],
              [
                14270741.99206694,
                4305881.74909208
              ],
              [
                14270681.33964238,
                4306120.12507976
              ],
              [
                14270637.77064083,
                4306362.24477298
              ],
              [
                14270611.50803524,
                4306606.87472218
              ],
              [
                14270602.68696748,
                4306852.76870258
              ],
              [
                14270611.35341247,
                4307098.67363083
              ],
              [
                14270637.46451223,
                4307343.33658541
              ],
              [
                14270680.88835317,
                4307585.51031473
              ],
              [
                14270741.40463399,
                4307823.96067529
              ],
              [
                14270818.70622423,
                4308057.47159352
              ],
              [
                14270912.39994344,
                4308284.85278365
              ],
              [
                14271022.00934421,
                4308504.94457587
              ],
              [
                14271146.97660458,
                4308716.62453649
              ],
              [
                14271286.66531101,
                4308918.81298798
              ],
              [
                14271440.36424326,
                4309110.47839248
              ],
              [
                14271607.29038005,
                4309290.6430119
              ],
              [
                14271786.59312916,
                4309458.38746713
              ],
              [
                14271977.35878018,
                4309612.85598591
              ],
              [
                14272178.6150687,
                4309753.26013634
              ],
              [
                14272389.33585164,
                4309878.88338618
              ],
              [
                14272608.44689593,
                4309989.08442218
              ],
              [
                14272834.83088781,
                4310083.3010196
              ],
              [
                14273067.33344421,
                4310161.0519822
              ],
              [
                14273304.76878987,
                4310221.94045872
              ],
              [
                14273545.92599139,
                4310265.65560409
              ],
              [
                14273789.57496839,
                4310291.9742397
              ],
              [
                14274034.47317272,
                4310300.76209817
              ]
            ]
          ]
        ]
      },
      "geometry_name": "ag_geom",
      "properties": {
        "prohibited": "<FNT name='TW Cen MT' size='6'><CLR cyan='100' magenta='10' yellow='34' black='0'>D4006<UND>500 AGL</UND>SFC</CLR></FNT>",
        "prh_lbl_1": "D4006",
        "prh_lbl_2": "500 AGL",
        "prh_lbl_3": "SFC",
        "prh_lbl_4": "비행금지구역",
        "prh_typ": "1"
      },
      "bbox": [
        14270602.68696748,
        4303406.94805999,
        14277466.25948928,
        4310300.76209817
      ]
    }
  ],
  "totalFeatures": 15,
  "numberMatched": 15,
  "numberReturned": 15,
  "timeStamp": "2026-05-25T13:48:29.120Z",
  "crs": {
    "type": "name",
    "properties": {
      "name": "urn:ogc:def:crs:EPSG::3857"
    }
  },
  "bbox": [
    13820314.78198491,
    4184248.46847524,
    14434942.80820309,
    4669285.00849548
  ]
}