{
  "type": "FeatureCollection",
  "features": [
    {
      "type": "Feature",
      "id": "lt_c_aispca.1",
      "geometry": {
        "type": "MultiPolygon",
        "coordinates": [
          [
            [
              [
                14181685.98767185,
                4350443.31569176
              ],
              [
                14181685.75508492,
                4350423.74970566
              ],
              [
                14181685.2165368,
                4350404.18983774
              ],
              [
                14181684.37216205,
                4350384.64091397
              ],
              [
                14181683.22217065,
                4350365.10775761
              ],
              [
                14181681.766848,
                4350345.59518797
              ],
              [
                14181680.0065548,
                4350326.10801921
              ],
              [
                14181677.94172703,
                4350306.6510592
              ],
              [
                14181675.57287577,
                4350287.22910827
              ],
              [
                14181672.90058711,
                4350267.84695811
              ],
              [
                14181669.925522,
                4350248.5093905
              ],
              [
                14181666.64841605,
                4350229.22117618
              ],
              [
                14181663.07007942,
                4350209.98707366
              ],
              [
                14181659.19139656,
                4350190.81182806
              ],
              [
                14181655.01332599,
                4350171.70016993
              ],
              [
                14181650.5369001,
                4350152.65681406
              ],
              [
                14181645.76322486,
                4350133.68645838
              ],
              [
                14181640.69347955,
                4350114.79378273
              ],
              [
                14181635.3289165,
                4350095.98344775
              ],
              [
                14181629.67086072,
                4350077.26009371
              ],
              [
                14181623.72070964,
                4350058.6283394
              ],
              [
                14181617.47993272,
                4350040.09278093
              ],
              [
                14181610.95007107,
                4350021.65799067
              ],
              [
                14181604.13273713,
                4350003.32851606
              ],
              [
                14181597.02961422,
                4349985.10887853
              ],
              [
                14181589.64245615,
                4349967.00357236
              ],
              [
                14181581.97308675,
                4349949.01706358
              ],
              [
                14181574.02339946,
                4349931.15378889
              ],
              [
                14181565.79535686,
                4349913.41815455
              ],
              [
                14181557.29099015,
                4349895.81453526
              ],
              [
                14181548.51239867,
                4349878.34727315
              ],
              [
                14181539.46174938,
                4349861.02067665
              ],
              [
                14181530.14127633,
                4349843.83901948
              ],
              [
                14181520.5532801,
                4349826.80653954
              ],
              [
                14181510.70012723,
                4349809.92743791
              ],
              [
                14181500.58424963,
                4349793.20587781
              ],
              [
                14181490.20814401,
                4349776.64598355
              ],
              [
                14181479.57437121,
                4349760.25183952
              ],
              [
                14181468.68555564,
                4349744.02748922
              ],
              [
                14181457.54438453,
                4349727.97693421
              ],
              [
                14181446.15360738,
                4349712.10413317
              ],
              [
                14181434.51603522,
                4349696.41300088
              ],
              [
                14181422.63453988,
                4349680.90740732
              ],
              [
                14181410.51205338,
                4349665.59117663
              ],
              [
                14181398.1515671,
                4349650.46808626
              ],
              [
                14181385.55613114,
                4349635.54186595
              ],
              [
                14181372.72885348,
                4349620.81619691
              ],
              [
                14181359.67289928,
                4349606.29471081
              ],
              [
                14181346.39149004,
                4349591.98098895
              ],
              [
                14181332.88790288,
                4349577.87856138
              ],
              [
                14181319.16546963,
                4349563.990906
              ],
              [
                14181305.22757612,
                4349550.32144772
              ],
              [
                14181291.07766124,
                4349536.87355761
              ],
              [
                14181276.71921619,
                4349523.65055208
              ],
              [
                14181262.15578354,
                4349510.65569206
              ],
              [
                14181247.39095637,
                4349497.89218217
              ],
              [
                14181232.42837744,
                4349485.36317
              ],
              [
                14181217.27173823,
                4349473.07174525
              ],
              [
                14181201.92477805,
                4349461.02093902
              ],
              [
                14181186.39128312,
                4349449.21372306
              ],
              [
                14181170.67508563,
                4349437.65300903
              ],
              [
                14181154.7800628,
                4349426.34164778
              ],
              [
                14181138.71013593,
                4349415.28242866
              ],
              [
                14181122.46926943,
                4349404.47807882
              ],
              [
                14181106.06146983,
                4349393.93126255
              ],
              [
                14181089.49078479,
                4349383.64458061
              ],
              [
                14181072.76130213,
                4349373.62056961
              ],
              [
                14181055.87714881,
                4349363.86170136
              ],
              [
                14181038.84248988,
                4349354.37038229
              ],
              [
                14181021.6615275,
                4349345.14895284
              ],
              [
                14181004.33849989,
                4349336.19968689
              ],
              [
                14180986.87768027,
                4349327.52479118
              ],
              [
                14180969.28337582,
                4349319.1264048
              ],
              [
                14180951.5599266,
                4349311.00659865
              ],
              [
                14180933.71170452,
                4349303.16737493
              ],
              [
                14180915.74311222,
                4349295.61066664
              ],
              [
                14180897.658582,
                4349288.3383371
              ],
              [
                14180879.46257475,
                4349281.35217951
              ],
              [
                14180861.15957881,
                4349274.65391651
              ],
              [
                14180842.75410889,
                4349268.24519972
              ],
              [
                14180824.25070494,
                4349262.12760941
              ],
              [
                14180805.65393108,
                4349256.30265399
              ],
              [
                14180786.96837439,
                4349250.77176977
              ],
              [
                14180768.19864386,
                4349245.53632051
              ],
              [
                14180749.34936921,
                4349240.59759714
              ],
              [
                14180730.42519975,
                4349235.95681741
              ],
              [
                14180711.43080327,
                4349231.61512562
              ],
              [
                14180692.37086484,
                4349227.57359229
              ],
              [
                14180673.25008569,
                4349223.83321397
              ],
              [
                14180654.07318205,
                4349220.39491291
              ],
              [
                14180634.84488396,
                4349217.2595369
              ],
              [
                14180615.56993415,
                4349214.42785905
              ],
              [
                14180596.25308682,
                4349211.90057755
              ],
              [
                14180576.8991065,
                4349209.67831557
              ],
              [
                14180557.51276688,
                4349207.76162105
              ],
              [
                14180538.09884961,
                4349206.15096659
              ],
              [
                14180518.66214316,
                4349204.84674934
              ],
              [
                14180499.20744159,
                4349203.84929088
              ],
              [
                14180479.73954339,
                4349203.15883718
              ],
              [
                14180460.26325032,
                4349202.77555847
              ],
              [
                14180440.78336622,
                4349202.69954928
              ],
              [
                14180421.30469578,
                4349202.93082836
              ],
              [
                14180401.83204342,
                4349203.4693387
              ],
              [
                14180382.37021206,
                4349204.31494753
              ],
              [
                14180362.92400196,
                4349205.46744636
              ],
              [
                14180343.49820954,
                4349206.92655105
              ],
              [
                14180324.09762619,
                4349208.69190182
              ],
              [
                14180304.72703707,
                4349210.76306345
              ],
              [
                14180285.39121996,
                4349213.13952523
              ],
              [
                14180266.09494407,
                4349215.82070124
              ],
              [
                14180246.84296889,
                4349218.80593039
              ],
              [
                14180227.64004296,
                4349222.09447665
              ],
              [
                14180208.49090276,
                4349225.68552916
              ],
              [
                14180189.40027151,
                4349229.57820251
              ],
              [
                14180170.372858,
                4349233.7715369
              ],
              [
                14180151.41335547,
                4349238.26449837
              ],
              [
                14180132.5264404,
                4349243.05597913
              ],
              [
                14180113.71677141,
                4349248.14479775
              ],
              [
                14180094.98898806,
                4349253.52969947
              ],
              [
                14180076.34770976,
                4349259.20935654
              ],
              [
                14180057.79753459,
                4349265.18236854
              ],
              [
                14180039.34303818,
                4349271.44726267
              ],
              [
                14180020.98877258,
                4349278.00249419
              ],
              [
                14180002.73926517,
                4349284.84644676
              ],
              [
                14179984.59901747,
                4349291.97743282
              ],
              [
                14179966.57250412,
                4349299.39369406
              ],
              [
                14179948.66417171,
                4349307.09340178
              ],
              [
                14179930.87843772,
                4349315.07465743
              ],
              [
                14179913.21968942,
                4349323.33549297
              ],
              [
                14179895.69228276,
                4349331.87387147
              ],
              [
                14179878.30054137,
                4349340.68768751
              ],
              [
                14179861.04875541,
                4349349.77476775
              ],
              [
                14179843.94118057,
                4349359.13287148
              ],
              [
                14179826.98203699,
                4349368.75969112
              ],
              [
                14179810.17550825,
                4349378.65285283
              ],
              [
                14179793.5257403,
                4349388.80991707
              ],
              [
                14179777.03684047,
                4349399.22837922
              ],
              [
                14179760.71287644,
                4349409.90567018
              ],
              [
                14179744.55787523,
                4349420.83915701
              ],
              [
                14179728.57582225,
                4349432.0261436
              ],
              [
                14179712.77066027,
                4349443.46387127
              ],
              [
                14179697.14628845,
                4349455.14951951
              ],
              [
                14179681.7065614,
                4349467.08020667
              ],
              [
                14179666.45528825,
                4349479.25299064
              ],
              [
                14179651.39623163,
                4349491.66486958
              ],
              [
                14179636.53310685,
                4349504.31278268
              ],
              [
                14179621.86958089,
                4349517.1936109
              ],
              [
                14179607.40927156,
                4349530.30417774
              ],
              [
                14179593.15574654,
                4349543.64125
              ],
              [
                14179579.11252259,
                4349557.20153864
              ],
              [
                14179565.28306461,
                4349570.98169951
              ],
              [
                14179551.6707848,
                4349584.97833422
              ],
              [
                14179538.27904185,
                4349599.18799097
              ],
              [
                14179525.11114006,
                4349613.60716541
              ],
              [
                14179512.17032858,
                4349628.23230146
              ],
              [
                14179499.45980056,
                4349643.05979226
              ],
              [
                14179486.9826924,
                4349658.08598098
              ],
              [
                14179474.74208295,
                4349673.30716175
              ],
              [
                14179462.74099275,
                4349688.71958061
              ],
              [
                14179450.9823833,
                4349704.31943638
              ],
              [
                14179439.46915633,
                4349720.10288163
              ],
              [
                14179428.20415307,
                4349736.06602361
              ],
              [
                14179417.19015355,
                4349752.20492521
              ],
              [
                14179406.42987591,
                4349768.51560596
              ],
              [
                14179395.92597576,
                4349784.99404294
              ],
              [
                14179385.68104549,
                4349801.63617188
              ],
              [
                14179375.69761361,
                4349818.43788805
              ],
              [
                14179365.97814421,
                4349835.39504734
              ],
              [
                14179356.52503626,
                4349852.50346724
              ],
              [
                14179347.34062305,
                4349869.75892793
              ],
              [
                14179338.42717165,
                4349887.15717324
              ],
              [
                14179329.78688228,
                4349904.69391177
              ],
              [
                14179321.42188782,
                4349922.3648179
              ],
              [
                14179313.33425327,
                4349940.16553288
              ],
              [
                14179305.52597524,
                4349958.0916659
              ],
              [
                14179297.99898143,
                4349976.13879517
              ],
              [
                14179290.75513018,
                4349994.302469
              ],
              [
                14179283.79621004,
                4350012.57820693
              ],
              [
                14179277.12393923,
                4350030.96150078
              ],
              [
                14179270.73996534,
                4350049.4478158
              ],
              [
                14179264.64586481,
                4350068.03259181
              ],
              [
                14179258.84314264,
                4350086.71124426
              ],
              [
                14179253.33323191,
                4350105.47916542
              ],
              [
                14179248.11749353,
                4350124.33172546
              ],
              [
                14179243.19721583,
                4350143.26427365
              ],
              [
                14179238.57361427,
                4350162.27213947
              ],
              [
                14179234.24783112,
                4350181.35063378
              ],
              [
                14179230.22093523,
                4350200.49504993
              ],
              [
                14179226.49392169,
                4350219.700665
              ],
              [
                14179223.06771163,
                4350238.9627409
              ],
              [
                14179219.94315197,
                4350258.27652557
              ],
              [
                14179217.12101525,
                4350277.63725414
              ],
              [
                14179214.60199937,
                4350297.0401501
              ],
              [
                14179212.38672747,
                4350316.48042649
              ],
              [
                14179210.47574776,
                4350335.95328709
              ],
              [
                14179208.86953339,
                4350355.45392755
              ],
              [
                14179207.56848228,
                4350374.97753666
              ],
              [
                14179206.57291713,
                4350394.51929748
              ],
              [
                14179205.88308521,
                4350414.0743885
              ],
              [
                14179205.49915839,
                4350433.63798493
              ],
              [
                14179205.42123306,
                4350453.20525979
              ],
              [
                14179205.64933012,
                4350472.77138514
              ],
              [
                14179206.18339494,
                4350492.33153329
              ],
              [
                14179207.02329741,
                4350511.88087796
              ],
              [
                14179208.16883196,
                4350531.41459549
              ],
              [
                14179209.61971758,
                4350550.92786602
              ],
              [
                14179211.37559794,
                4350570.41587468
              ],
              [
                14179213.43604143,
                4350589.87381279
              ],
              [
                14179215.8005413,
                4350609.29687903
              ],
              [
                14179218.46851574,
                4350628.68028064
              ],
              [
                14179221.43930807,
                4350648.0192346
              ],
              [
                14179224.71218688,
                4350667.30896878
              ],
              [
                14179228.2863462,
                4350686.54472319
              ],
              [
                14179232.16090569,
                4350705.72175107
              ],
              [
                14179236.33491091,
                4350724.83532012
              ],
              [
                14179240.80733347,
                4350743.88071365
              ],
              [
                14179245.57707137,
                4350762.85323173
              ],
              [
                14179250.64294919,
                4350781.74819239
              ],
              [
                14179256.00371844,
                4350800.56093273
              ],
              [
                14179261.65805783,
                4350819.28681009
              ],
              [
                14179267.60457362,
                4350837.92120322
              ],
              [
                14179273.84179993,
                4350856.45951338
              ],
              [
                14179280.36819915,
                4350874.8971655
              ],
              [
                14179287.18216226,
                4350893.22960931
              ],
              [
                14179294.28200927,
                4350911.45232045
              ],
              [
                14179301.6659896,
                4350929.56080161
              ],
              [
                14179309.33228255,
                4350947.55058362
              ],
              [
                14179317.27899771,
                4350965.41722654
              ],
              [
                14179325.50417546,
                4350983.15632082
              ],
              [
                14179334.00578742,
                4351000.76348832
              ],
              [
                14179342.78173695,
                4351018.23438341
              ],
              [
                14179351.82985971,
                4351035.56469407
              ],
              [
                14179361.14792414,
                4351052.75014293
              ],
              [
                14179370.73363204,
                4351069.78648834
              ],
              [
                14179380.58461912,
                4351086.6695254
              ],
              [
                14179390.69845562,
                4351103.39508703
              ],
              [
                14179401.07264683,
                4351119.95904494
              ],
              [
                14179411.70463381,
                4351136.35731074
              ],
              [
                14179422.59179393,
                4351152.58583687
              ],
              [
                14179433.73144155,
                4351168.64061764
              ],
              [
                14179445.1208287,
                4351184.51769021
              ],
              [
                14179456.75714573,
                4351200.21313556
              ],
              [
                14179468.63752203,
                4351215.72307949
              ],
              [
                14179480.7590267,
                4351231.04369354
              ],
              [
                14179493.1186693,
                4351246.17119595
              ],
              [
                14179505.7134006,
                4351261.1018526
              ],
              [
                14179518.54011329,
                4351275.83197795
              ],
              [
                14179531.59564279,
                4351290.35793588
              ],
              [
                14179544.87676799,
                4351304.6761407
              ],
              [
                14179558.38021208,
                4351318.78305794
              ],
              [
                14179572.10264335,
                4351332.67520526
              ],
              [
                14179586.04067599,
                4351346.34915333
              ],
              [
                14179600.19087094,
                4351359.80152663
              ],
              [
                14179614.54973676,
                4351373.02900434
              ],
              [
                14179629.11373045,
                4351386.02832112
              ],
              [
                14179643.87925837,
                4351398.79626793
              ],
              [
                14179658.84267708,
                4351411.32969282
              ],
              [
                14179674.00029426,
                4351423.62550174
              ],
              [
                14179689.34836965,
                4351435.68065925
              ],
              [
                14179704.88311592,
                4351447.4921893
              ],
              [
                14179720.60069964,
                4351459.05717599
              ],
              [
                14179736.49724223,
                4351470.37276424
              ],
              [
                14179752.56882088,
                4351481.43616054
              ],
              [
                14179768.81146957,
                4351492.24463361
              ],
              [
                14179785.22118,
                4351502.79551509
              ],
              [
                14179801.79390261,
                4351513.08620022
              ],
              [
                14179818.52554758,
                4351523.11414842
              ],
              [
                14179835.41198584,
                4351532.87688401
              ],
              [
                14179852.44905004,
                4351542.37199673
              ],
              [
                14179869.63253568,
                4351551.59714241
              ],
              [
                14179886.95820203,
                4351560.5500435
              ],
              [
                14179904.42177329,
                4351569.22848967
              ],
              [
                14179922.01893954,
                4351577.63033832
              ],
              [
                14179939.74535791,
                4351585.75351513
              ],
              [
                14179957.59665356,
                4351593.59601459
              ],
              [
                14179975.5684208,
                4351601.15590047
              ],
              [
                14179993.65622421,
                4351608.4313063
              ],
              [
                14180011.85559967,
                4351615.42043584
              ],
              [
                14180030.16205552,
                4351622.12156353
              ],
              [
                14180048.57107364,
                4351628.5330349
              ],
              [
                14180067.07811054,
                4351634.653267
              ],
              [
                14180085.67859856,
                4351640.48074878
              ],
              [
                14180104.36794694,
                4351646.01404146
              ],
              [
                14180123.14154294,
                4351651.25177888
              ],
              [
                14180141.99475304,
                4351656.19266787
              ],
              [
                14180160.92292402,
                4351660.83548853
              ],
              [
                14180179.92138417,
                4351665.17909456
              ],
              [
                14180198.98544439,
                4351669.22241353
              ],
              [
                14180218.11039939,
                4351672.96444716
              ],
              [
                14180237.29152883,
                4351676.40427154
              ],
              [
                14180256.52409848,
                4351679.54103737
              ],
              [
                14180275.80336141,
                4351682.3739702
              ],
              [
                14180295.12455915,
                4351684.90237058
              ],
              [
                14180314.48292289,
                4351687.12561423
              ],
              [
                14180333.8736746,
                4351689.04315226
              ],
              [
                14180353.29202828,
                4351690.65451123
              ],
              [
                14180372.73319109,
                4351691.95929329
              ],
              [
                14180392.19236458,
                4351692.9571763
              ],
              [
                14180411.66474582,
                4351693.64791389
              ],
              [
                14180431.14552863,
                4351694.03133553
              ],
              [
                14180450.62990476,
                4351694.10734655
              ],
              [
                14180470.11306508,
                4351693.87592821
              ],
              [
                14180489.59020073,
                4351693.33713765
              ],
              [
                14180509.05650437,
                4351692.49110792
              ],
              [
                14180528.50717132,
                4351691.33804792
              ],
              [
                14180547.93740077,
                4351689.87824235
              ],
              [
                14180567.34239696,
                4351688.11205167
              ],
              [
                14180586.71737036,
                4351686.03991195
              ],
              [
                14180606.05753887,
                4351683.66233484
              ],
              [
                14180625.35812898,
                4351680.97990738
              ],
              [
                14180644.61437694,
                4351677.99329188
              ],
              [
                14180663.82153001,
                4351674.70322577
              ],
              [
                14180682.97484752,
                4351671.11052136
              ],
              [
                14180702.06960214,
                4351667.21606573
              ],
              [
                14180721.101081,
                4351663.02082043
              ],
              [
                14180740.06458686,
                4351658.52582129
              ],
              [
                14180758.95543927,
                4351653.73217812
              ],
              [
                14180777.76897575,
                4351648.6410745
              ],
              [
                14180796.5005529,
                4351643.25376742
              ],
              [
                14180815.14554758,
                4351637.57158702
              ],
              [
                14180833.69935805,
                4351631.59593622
              ],
              [
                14180852.15740507,
                4351625.32829039
              ],
              [
                14180870.5151331,
                4351618.77019701
              ],
              [
                14180888.76801134,
                4351611.92327524
              ],
              [
                14180906.91153494,
                4351604.78921557
              ],
              [
                14180924.94122603,
                4351597.36977935
              ],
              [
                14180942.85263489,
                4351589.66679839
              ],
              [
                14180960.64134099,
                4351581.6821745
              ],
              [
                14180978.30295415,
                4351573.41787903
              ],
              [
                14180995.83311557,
                4351564.87595232
              ],
              [
                14181013.22749891,
                4351556.0585033
              ],
              [
                14181030.4818114,
                4351546.96770889
              ],
              [
                14181047.59179486,
                4351537.60581347
              ],
              [
                14181064.55322677,
                4351527.97512836
              ],
              [
                14181081.36192129,
                4351518.07803122
              ],
              [
                14181098.01373035,
                4351507.91696546
              ],
              [
                14181114.50454459,
                4351497.49443966
              ],
              [
                14181130.83029443,
                4351486.81302692
              ],
              [
                14181146.9869511,
                4351475.87536426
              ],
              [
                14181162.97052756,
                4351464.68415192
              ],
              [
                14181178.77707954,
                4351453.24215273
              ],
              [
                14181194.4027065,
                4351441.55219141
              ],
              [
                14181209.84355259,
                4351429.61715388
              ],
              [
                14181225.09580758,
                4351417.43998655
              ],
              [
                14181240.15570785,
                4351405.02369558
              ],
              [
                14181255.0195373,
                4351392.37134612
              ],
              [
                14181269.68362822,
                4351379.48606161
              ],
              [
                14181284.14436227,
                4351366.37102294
              ],
              [
                14181298.39817131,
                4351353.02946771
              ],
              [
                14181312.44153834,
                4351339.4646894
              ],
              [
                14181326.2709983,
                4351325.68003659
              ],
              [
                14181339.88313899,
                4351311.6789121
              ],
              [
                14181353.27460186,
                4351297.46477215
              ],
              [
                14181366.44208288,
                4351283.04112554
              ],
              [
                14181379.38233332,
                4351268.41153272
              ],
              [
                14181392.09216058,
                4351253.579605
              ],
              [
                14181404.56842896,
                4351238.54900357
              ],
              [
                14181416.80806044,
                4351223.32343863
              ],
              [
                14181428.80803544,
                4351207.9066685
              ],
              [
                14181440.56539355,
                4351192.30249863
              ],
              [
                14181452.07723429,
                4351176.51478072
              ],
              [
                14181463.34071779,
                4351160.54741174
              ],
              [
                14181474.35306553,
                4351144.40433296
              ],
              [
                14181485.11156098,
                4351128.08952898
              ],
              [
                14181495.6135503,
                4351111.60702678
              ],
              [
                14181505.856443,
                4351094.96089466
              ],
              [
                14181515.83771256,
                4351078.15524128
              ],
              [
                14181525.55489703,
                4351061.19421466
              ],
              [
                14181535.00559971,
                4351044.0820011
              ],
              [
                14181544.18748966,
                4351026.82282419
              ],
              [
                14181553.09830231,
                4351009.42094374
              ],
              [
                14181561.73584005,
                4350991.88065476
              ],
              [
                14181570.09797271,
                4350974.20628635
              ],
              [
                14181578.1826381,
                4350956.4022007
              ],
              [
                14181585.98784257,
                4350938.47279194
              ],
              [
                14181593.51166144,
                4350920.42248509
              ],
              [
                14181600.75223949,
                4350902.25573497
              ],
              [
                14181607.70779143,
                4350883.9770251
              ],
              [
                14181614.37660233,
                4350865.59086656
              ],
              [
                14181620.75702803,
                4350847.10179694
              ],
              [
                14181626.84749559,
                4350828.51437915
              ],
              [
                14181632.64650361,
                4350809.83320033
              ],
              [
                14181638.15262265,
                4350791.06287073
              ],
              [
                14181643.36449556,
                4350772.20802252
              ],
              [
                14181648.28083782,
                4350753.27330871
              ],
              [
                14181652.90043786,
                4350734.26340196
              ],
              [
                14181657.22215732,
                4350715.18299342
              ],
              [
                14181661.24493142,
                4350696.03679162
              ],
              [
                14181664.96776911,
                4350676.82952125
              ],
              [
                14181668.38975338,
                4350657.56592203
              ],
              [
                14181671.51004147,
                4350638.25074753
              ],
              [
                14181674.32786508,
                4350618.88876398
              ],
              [
                14181676.84253055,
                4350599.48474915
              ],
              [
                14181679.05341903,
                4350580.04349108
              ],
              [
                14181680.95998665,
                4350560.56978698
              ],
              [
                14181682.56176461,
                4350541.068442
              ],
              [
                14181683.85835935,
                4350521.54426808
              ],
              [
                14181684.8494526,
                4350502.00208271
              ],
              [
                14181685.53480148,
                4350482.4467078
              ],
              [
                14181685.91423855,
                4350462.88296845
              ],
              [
                14181685.98767185,
                4350443.31569176
              ]
            ]
          ]
        ]
      },
      "geometry_name": "ag_geom",
      "properties": {
        "nm_kor": "대전청사",
        "nm_eng": null,
        "oper_inst": "대전청사관리과",
        "telno": "042-481-6024"
      },
      "bbox": [
        14179205.42123306,
        4349202.69954928,
        14181685.98767185,
        4351694.10734655
      ]
    },
    {
      "type": "Feature",
      "id": "lt_c_aispca.2",
      "geometry": {
        "type": "MultiPolygon",
        "coordinates": [
          [
            [
              [
                14167232.54123799,
                4367372.71993775
              ],
              [
                14167232.54283742,
                4367371.73962742
              ],
              [
                14167232.54290366,
                4367370.75931587
              ],
              [
                14167232.54143671,
                4367369.77900551
              ],
              [
                14167232.53843657,
                4367368.79869877
              ],
              [
                14167232.53390326,
                4367367.81839805
              ],
              [
                14167232.52783678,
                4367366.83810579
              ],
              [
                14167232.52023715,
                4367365.85782439
              ],
              [
                14167232.51110438,
                4367364.87755628
              ],
              [
                14167232.50043851,
                4367363.89730388
              ],
              [
                14167232.48823956,
                4367362.9170696
              ],
              [
                14167232.47450756,
                4367361.93685587
              ],
              [
                14167232.45924254,
                4367360.9566651
              ],
              [
                14167232.44244454,
                4367359.9764997
              ],
              [
                14167232.4241136,
                4367358.99636211
              ],
              [
                14167232.40424977,
                4367358.01625473
              ],
              [
                14167232.38285309,
                4367357.03617999
              ],
              [
                14167232.35992363,
                4367356.0561403
              ],
              [
                14167232.33546144,
                4367355.07613808
              ],
              [
                14167232.30946658,
                4367354.09617576
              ],
              [
                14167232.28193911,
                4367353.11625574
              ],
              [
                14167232.2528791,
                4367352.13638045
              ],
              [
                14167232.22228663,
                4367351.1565523
              ],
              [
                14167232.19016177,
                4367350.17677371
              ],
              [
                14167232.1565046,
                4367349.1970471
              ],
              [
                14167232.12131519,
                4367348.21737489
              ],
              [
                14167232.08459365,
                4367347.23775949
              ],
              [
                14167232.04634006,
                4367346.25820331
              ],
              [
                14167232.00655452,
                4367345.27870879
              ],
              [
                14167231.96523712,
                4367344.29927833
              ],
              [
                14167231.92238796,
                4367343.31991435
              ],
              [
                14167231.87800717,
                4367342.34061927
              ],
              [
                14167231.83209483,
                4367341.3613955
              ],
              [
                14167231.78465107,
                4367340.38224546
              ],
              [
                14167231.73567601,
                4367339.40317156
              ],
              [
                14167231.68516976,
                4367338.42417623
              ],
              [
                14167231.63313245,
                4367337.44526187
              ],
              [
                14167231.57956421,
                4367336.4664309
              ],
              [
                14167231.52446517,
                4367335.48768574
              ],
              [
                14167231.46783547,
                4367334.50902881
              ],
              [
                14167231.40967525,
                4367333.53046251
              ],
              [
                14167231.34998465,
                4367332.55198926
              ],
              [
                14167231.28876383,
                4367331.57361147
              ],
              [
                14167231.22601292,
                4367330.59533156
              ],
              [
                14167231.16173209,
                4367329.61715195
              ],
              [
                14167231.0959215,
                4367328.63907505
              ],
              [
                14167231.0285813,
                4367327.66110326
              ],
              [
                14167230.95971167,
                4367326.68323901
              ],
              [
                14167230.88931278,
                4367325.7054847
              ],
              [
                14167230.81738479,
                4367324.72784275
              ],
              [
                14167230.74392789,
                4367323.75031556
              ],
              [
                14167230.66894227,
                4367322.77290557
              ],
              [
                14167230.59242809,
                4367321.79561516
              ],
              [
                14167230.51438556,
                4367320.81844676
              ],
              [
                14167230.43481487,
                4367319.84140277
              ],
              [
                14167230.35371621,
                4367318.86448561
              ],
              [
                14167230.27108978,
                4367317.88769769
              ],
              [
                14167230.1869358,
                4367316.91104142
              ],
              [
                14167230.10125445,
                4367315.9345192
              ],
              [
                14167230.01404598,
                4367314.95813345
              ],
              [
                14167229.92531057,
                4367313.98188657
              ],
              [
                14167229.83504845,
                4367313.00578098
              ],
              [
                14167229.74325985,
                4367312.02981908
              ],
              [
                14167229.649945,
                4367311.05400328
              ],
              [
                14167229.55510411,
                4367310.07833598
              ],
              [
                14167229.45873744,
                4367309.10281961
              ],
              [
                14167229.36084521,
                4367308.12745655
              ],
              [
                14167229.26142767,
                4367307.15224923
              ],
              [
                14167229.16048507,
                4367306.17720003
              ],
              [
                14167229.05801765,
                4367305.20231139
              ],
              [
                14167228.95402566,
                4367304.22758568
              ],
              [
                14167228.84850937,
                4367303.25302532
              ],
              [
                14167228.74146904,
                4367302.27863273
              ],
              [
                14167228.63290492,
                4367301.30441029
              ],
              [
                14167228.52281729,
                4367300.33036041
              ],
              [
                14167228.41120642,
                4367299.3564855
              ],
              [
                14167228.29807258,
                4367298.38278796
              ],
              [
                14167228.18341606,
                4367297.40927019
              ],
              [
                14167228.06723714,
                4367296.43593459
              ],
              [
                14167227.94953611,
                4367295.46278357
              ],
              [
                14167227.83031324,
                4367294.48981953
              ],
              [
                14167227.70956886,
                4367293.51704486
              ],
              [
                14167227.58730324,
                4367292.54446197
              ],
              [
                14167227.46351669,
                4367291.57207326
              ],
              [
                14167227.33820951,
                4367290.59988112
              ],
              [
                14167227.21138203,
                4367289.62788796
              ],
              [
                14167227.08303454,
                4367288.65609617
              ],
              [
                14167226.95316737,
                4367287.68450815
              ],
              [
                14167226.82178083,
                4367286.71312629
              ],
              [
                14167226.68887527,
                4367285.74195301
              ],
              [
                14167226.55445098,
                4367284.77099068
              ],
              [
                14167226.41850833,
                4367283.80024171
              ],
              [
                14167226.28104763,
                4367282.82970848
              ],
              [
                14167226.14206923,
                4367281.85939341
              ],
              [
                14167226.00157347,
                4367280.88929887
              ],
              [
                14167225.8595607,
                4367279.91942727
              ],
              [
                14167225.71603127,
                4367278.949781
              ],
              [
                14167225.57098553,
                4367277.98036244
              ],
              [
                14167225.42442384,
                4367277.01117399
              ],
              [
                14167225.27634657,
                4367276.04221805
              ],
              [
                14167225.12675408,
                4367275.07349699
              ],
              [
                14167224.97564674,
                4367274.10501323
              ],
              [
                14167224.82302492,
                4367273.13676912
              ],
              [
                14167224.668889,
                4367272.16876709
              ],
              [
                14167224.51323936,
                4367271.2010095
              ],
              [
                14167224.35607639,
                4367270.23349875
              ],
              [
                14167224.19740046,
                4367269.26623722
              ],
              [
                14167224.03721199,
                4367268.29922731
              ],
              [
                14167223.87551135,
                4367267.33247138
              ],
              [
                14167223.71229895,
                4367266.36597184
              ],
              [
                14167223.5475752,
                4367265.39973107
              ],
              [
                14167223.38134049,
                4367264.43375145
              ],
              [
                14167223.21359525,
                4367263.46803536
              ],
              [
                14167223.04433988,
                4367262.50258519
              ],
              [
                14167222.87357481,
                4367261.53740331
              ],
              [
                14167222.70130044,
                4367260.57249212
              ],
              [
                14167222.52751722,
                4367259.60785398
              ],
              [
                14167222.35222557,
                4367258.64349129
              ],
              [
                14167222.17542592,
                4367257.67940641
              ],
              [
                14167221.99711871,
                4367256.71560173
              ],
              [
                14167221.81730437,
                4367255.75207963
              ],
              [
                14167221.63598336,
                4367254.78884248
              ],
              [
                14167221.45315612,
                4367253.82589266
              ],
              [
                14167221.26882311,
                4367252.86323255
              ],
              [
                14167221.08298477,
                4367251.90086452
              ],
              [
                14167220.89564157,
                4367250.93879095
              ],
              [
                14167220.70679396,
                4367249.9770142
              ],
              [
                14167220.51644242,
                4367249.01553665
              ],
              [
                14167220.32458742,
                4367248.05436068
              ],
              [
                14167220.13122942,
                4367247.09348866
              ],
              [
                14167219.93636892,
                4367246.13292295
              ],
              [
                14167219.74000638,
                4367245.17266592
              ],
              [
                14167219.54214229,
                4367244.21271995
              ],
              [
                14167219.34277715,
                4367243.25308741
              ],
              [
                14167219.14191144,
                4367242.29377065
              ],
              [
                14167218.93954565,
                4367241.33477206
              ],
              [
                14167218.7356803,
                4367240.37609399
              ],
              [
                14167218.53031588,
                4367239.41773881
              ],
              [
                14167218.32345291,
                4367238.45970888
              ],
              [
                14167218.11509188,
                4367237.50200657
              ],
              [
                14167217.90523331,
                4367236.54463424
              ],
              [
                14167217.69387773,
                4367235.58759426
              ],
              [
                14167217.48102566,
                4367234.63088897
              ],
              [
                14167217.26667762,
                4367233.67452075
              ],
              [
                14167217.05083413,
                4367232.71849196
              ],
              [
                14167216.83349574,
                4367231.76280495
              ],
              [
                14167216.61466298,
                4367230.80746207
              ],
              [
                14167216.39433639,
                4367229.8524657
              ],
              [
                14167216.17251651,
                4367228.89781818
              ],
              [
                14167215.94920389,
                4367227.94352186
              ],
              [
                14167215.72439909,
                4367226.98957912
              ],
              [
                14167215.49810266,
                4367226.03599228
              ],
              [
                14167215.27031515,
                4367225.08276372
              ],
              [
                14167215.04103713,
                4367224.12989578
              ],
              [
                14167214.81026917,
                4367223.17739081
              ],
              [
                14167214.57801183,
                4367222.22525116
              ],
              [
                14167214.34426569,
                4367221.27347919
              ],
              [
                14167214.10903133,
                4367220.32207723
              ],
              [
                14167213.87230932,
                4367219.37104765
              ],
              [
                14167213.63410026,
                4367218.42039277
              ],
              [
                14167213.39440472,
                4367217.47011495
              ],
              [
                14167213.15322331,
                4367216.52021654
              ],
              [
                14167212.9105566,
                4367215.57069987
              ],
              [
                14167212.66640522,
                4367214.6215673
              ],
              [
                14167212.42076975,
                4367213.67282115
              ],
              [
                14167212.17365082,
                4367212.72446378
              ],
              [
                14167211.92504901,
                4367211.77649752
              ],
              [
                14167211.67496495,
                4367210.82892471
              ],
              [
                14167211.42339926,
                4367209.88174768
              ],
              [
                14167211.17035255,
                4367208.93496879
              ],
              [
                14167210.91582547,
                4367207.98859035
              ],
              [
                14167210.65981861,
                4367207.04261471
              ],
              [
                14167210.40233263,
                4367206.0970442
              ],
              [
                14167210.14336816,
                4367205.15188115
              ],
              [
                14167209.88292583,
                4367204.2071279
              ],
              [
                14167209.6210063,
                4367203.26278677
              ],
              [
                14167209.3576102,
                4367202.3188601
              ],
              [
                14167209.09273819,
                4367201.37535021
              ],
              [
                14167208.82639092,
                4367200.43225943
              ],
              [
                14167208.55856905,
                4367199.4895901
              ],
              [
                14167208.28927324,
                4367198.54734452
              ],
              [
                14167208.01850415,
                4367197.60552504
              ],
              [
                14167207.74626246,
                4367196.66413397
              ],
              [
                14167207.47254883,
                4367195.72317363
              ],
              [
                14167207.19736394,
                4367194.78264636
              ],
              [
                14167206.92070847,
                4367193.84255446
              ],
              [
                14167206.64258311,
                4367192.90290025
              ],
              [
                14167206.36298853,
                4367191.96368606
              ],
              [
                14167206.08192544,
                4367191.0249142
              ],
              [
                14167205.79939451,
                4367190.086587
              ],
              [
                14167205.51539646,
                4367189.14870675
              ],
              [
                14167205.22993199,
                4367188.21127578
              ],
              [
                14167204.94300178,
                4367187.2742964
              ],
              [
                14167204.65460657,
                4367186.33777092
              ],
              [
                14167204.36474706,
                4367185.40170165
              ],
              [
                14167204.07342395,
                4367184.46609091
              ],
              [
                14167203.78063797,
                4367183.530941
              ],
              [
                14167203.48638986,
                4367182.59625422
              ],
              [
                14167203.19068032,
                4367181.66203288
              ],
              [
                14167202.89351009,
                4367180.7282793
              ],
              [
                14167202.59487991,
                4367179.79499576
              ],
              [
                14167202.29479051,
                4367178.86218459
              ],
              [
                14167201.99324263,
                4367177.92984806
              ],
              [
                14167201.69023702,
                4367176.99798849
              ],
              [
                14167201.38577443,
                4367176.06660818
              ],
              [
                14167201.0798556,
                4367175.13570942
              ],
              [
                14167200.77248129,
                4367174.2052945
              ],
              [
                14167200.46365227,
                4367173.27536573
              ],
              [
                14167200.15336928,
                4367172.34592541
              ],
              [
                14167199.84163311,
                4367171.41697581
              ],
              [
                14167199.52844451,
                4367170.48851924
              ],
              [
                14167199.21380426,
                4367169.56055797
              ],
              [
                14167198.89771315,
                4367168.63309432
              ],
              [
                14167198.58017194,
                4367167.70613055
              ],
              [
                14167198.26118142,
                4367166.77966897
              ],
              [
                14167197.94074238,
                4367165.85371185
              ],
              [
                14167197.61885562,
                4367164.92826148
              ],
              [
                14167197.29552191,
                4367164.00332014
              ],
              [
                14167196.97074208,
                4367163.07889011
              ],
              [
                14167196.6445169,
                4367162.15497369
              ],
              [
                14167196.3168472,
                4367161.23157313
              ],
              [
                14167195.98773377,
                4367160.30869073
              ],
              [
                14167195.65717744,
                4367159.38632876
              ],
              [
                14167195.32517901,
                4367158.46448949
              ],
              [
                14167194.99173931,
                4367157.5431752
              ],
              [
                14167194.65685916,
                4367156.62238816
              ],
              [
                14167194.32053939,
                4367155.70213065
              ],
              [
                14167193.98278082,
                4367154.78240493
              ],
              [
                14167193.6435843,
                4367153.86321327
              ],
              [
                14167193.30295065,
                4367152.94455795
              ],
              [
                14167192.96088072,
                4367152.02644122
              ],
              [
                14167192.61737535,
                4367151.10886535
              ],
              [
                14167192.27243539,
                4367150.19183261
              ],
              [
                14167191.9260617,
                4367149.27534526
              ],
              [
                14167191.57825512,
                4367148.35940556
              ],
              [
                14167191.22901652,
                4367147.44401577
              ],
              [
                14167190.87834675,
                4367146.52917815
              ],
              [
                14167190.52624669,
                4367145.61489495
              ],
              [
                14167190.1727172,
                4367144.70116842
              ],
              [
                14167189.81775915,
                4367143.78800084
              ],
              [
                14167189.46137342,
                4367142.87539445
              ],
              [
                14167189.1035609,
                4367141.96335149
              ],
              [
                14167188.74432246,
                4367141.05187422
              ],
              [
                14167188.38365899,
                4367140.14096489
              ],
              [
                14167188.02157138,
                4367139.23062575
              ],
              [
                14167187.65806052,
                4367138.32085903
              ],
              [
                14167187.29312732,
                4367137.41166699
              ],
              [
                14167186.92677266,
                4367136.50305187
              ],
              [
                14167186.55899747,
                4367135.59501591
              ],
              [
                14167186.18980263,
                4367134.68756135
              ],
              [
                14167185.81918908,
                4367133.78069043
              ],
              [
                14167185.44715771,
                4367132.87440539
              ],
              [
                14167185.07370946,
                4367131.96870845
              ],
              [
                14167184.69884523,
                4367131.06360187
              ],
              [
                14167184.32256596,
                4367130.15908786
              ],
              [
                14167183.94487257,
                4367129.25516867
              ],
              [
                14167183.565766,
                4367128.35184651
              ],
              [
                14167183.18524718,
                4367127.44912363
              ],
              [
                14167182.80331705,
                4367126.54700224
              ],
              [
                14167182.41997656,
                4367125.64548458
              ],
              [
                14167182.03522665,
                4367124.74457286
              ],
              [
                14167181.64906827,
                4367123.84426931
              ],
              [
                14167181.26150236,
                4367122.94457615
              ],
              [
                14167180.8725299,
                4367122.0454956
              ],
              [
                14167180.48215184,
                4367121.14702988
              ],
              [
                14167180.09036914,
                4367120.2491812
              ],
              [
                14167179.69718277,
                4367119.35195178
              ],
              [
                14167179.3025937,
                4367118.45534384
              ],
              [
                14167178.90660291,
                4367117.55935958
              ],
              [
                14167178.50921136,
                4367116.66400122
              ],
              [
                14167178.11042005,
                4367115.76927096
              ],
              [
                14167177.71022995,
                4367114.87517101
              ],
              [
                14167177.30864207,
                4367113.98170358
              ],
              [
                14167176.90565737,
                4367113.08887087
              ],
              [
                14167176.50127686,
                4367112.19667509
              ],
              [
                14167176.09550155,
                4367111.30511843
              ],
              [
                14167175.68833242,
                4367110.4142031
              ],
              [
                14167175.27977049,
                4367109.52393129
              ],
              [
                14167174.86981676,
                4367108.6343052
              ],
              [
                14167174.45847225,
                4367107.74532702
              ],
              [
                14167174.04573796,
                4367106.85699894
              ],
              [
                14167173.63161493,
                4367105.96932318
              ],
              [
                14167173.21610416,
                4367105.08230189
              ],
              [
                14167172.79920669,
                4367104.19593729
              ],
              [
                14167172.38092355,
                4367103.31023155
              ],
              [
                14167171.96125576,
                4367102.42518686
              ],
              [
                14167171.54020437,
                4367101.54080539
              ],
              [
                14167171.11777041,
                4367100.65708935
              ],
              [
                14167170.69395492,
                4367099.77404089
              ],
              [
                14167170.26875895,
                4367098.89166221
              ],
              [
                14167169.84218356,
                4367098.00995548
              ],
              [
                14167169.41422979,
                4367097.12892288
              ],
              [
                14167168.98489869,
                4367096.24856657
              ],
              [
                14167168.55419134,
                4367095.36888873
              ],
              [
                14167168.12210879,
                4367094.48989153
              ],
              [
                14167167.6886521,
                4367093.61157715
              ],
              [
                14167167.25382236,
                4367092.73394773
              ],
              [
                14167166.81762062,
                4367091.85700546
              ],
              [
                14167166.38004797,
                4367090.98075249
              ],
              [
                14167165.94110549,
                4367090.10519099
              ],
              [
                14167165.50079427,
                4367089.23032311
              ],
              [
                14167165.05911538,
                4367088.35615102
              ],
              [
                14167164.61606991,
                4367087.48267687
              ],
              [
                14167164.17165897,
                4367086.60990281
              ],
              [
                14167163.72588364,
                4367085.73783101
              ],
              [
                14167163.27874504,
                4367084.8664636
              ],
              [
                14167162.83024425,
                4367083.99580274
              ],
              [
                14167162.3803824,
                4367083.12585058
              ],
              [
                14167161.92916058,
                4367082.25660927
              ],
              [
                14167161.47657991,
                4367081.38808094
              ],
              [
                14167161.02264151,
                4367080.52026775
              ],
              [
                14167160.56734651,
                4367079.65317182
              ],
              [
                14167160.11069601,
                4367078.78679531
              ],
              [
                14167159.65269116,
                4367077.92114035
              ],
              [
                14167159.19333307,
                4367077.05620907
              ],
              [
                14167158.73262289,
                4367076.1920036
              ],
              [
                14167158.27056175,
                4367075.32852609
              ],
              [
                14167157.8071508,
                4367074.46577866
              ],
              [
                14167157.34239116,
                4367073.60376344
              ],
              [
                14167156.876284,
                4367072.74248255
              ],
              [
                14167156.40883046,
                4367071.88193812
              ],
              [
                14167155.9400317,
                4367071.02213228
              ],
              [
                14167155.46988887,
                4367070.16306713
              ],
              [
                14167154.99840313,
                4367069.30474481
              ],
              [
                14167154.52557565,
                4367068.44716744
              ],
              [
                14167154.05140759,
                4367067.59033711
              ],
              [
                14167153.57590013,
                4367066.73425596
              ],
              [
                14167153.09905444,
                4367065.87892609
              ],
              [
                14167152.62087168,
                4367065.02434961
              ],
              [
                14167152.14135305,
                4367064.17052864
              ],
              [
                14167151.66049973,
                4367063.31746527
              ],
              [
                14167151.1783129,
                4367062.46516161
              ],
              [
                14167150.69479376,
                4367061.61361976
              ],
              [
                14167150.2099435,
                4367060.76284183
              ],
              [
                14167149.7237633,
                4367059.91282991
              ],
              [
                14167149.23625439,
                4367059.06358611
              ],
              [
                14167148.74741795,
                4367058.21511251
              ],
              [
                14167148.25725519,
                4367057.3674112
              ],
              [
                14167147.76576732,
                4367056.52048429
              ],
              [
                14167147.27295557,
                4367055.67433385
              ],
              [
                14167146.77882113,
                4367054.82896199
              ],
              [
                14167146.28336523,
                4367053.98437077
              ],
              [
                14167145.7865891,
                4367053.14056229
              ],
              [
                14167145.28849395,
                4367052.29753863
              ],
              [
                14167144.78908103,
                4367051.45530186
              ],
              [
                14167144.28835156,
                4367050.61385407
              ],
              [
                14167143.78630678,
                4367049.77319733
              ],
              [
                14167143.28294792,
                4367048.93333372
              ],
              [
                14167142.77827623,
                4367048.0942653
              ],
              [
                14167142.27229295,
                4367047.25599415
              ],
              [
                14167141.76499934,
                4367046.41852233
              ],
              [
                14167141.25639664,
                4367045.58185191
              ],
              [
                14167140.74648611,
                4367044.74598496
              ],
              [
                14167140.23526901,
                4367043.91092353
              ],
              [
                14167139.72274659,
                4367043.07666969
              ],
              [
                14167139.20892013,
                4367042.2432255
              ],
              [
                14167138.6937909,
                4367041.410593
              ],
              [
                14167138.17736016,
                4367040.57877426
              ],
              [
                14167137.65962918,
                4367039.74777133
              ],
              [
                14167137.14059925,
                4367038.91758625
              ],
              [
                14167136.62027165,
                4367038.08822108
              ],
              [
                14167136.09864766,
                4367037.25967785
              ],
              [
                14167135.57572856,
                4367036.43195863
              ],
              [
                14167135.05151565,
                4367035.60506544
              ],
              [
                14167134.52601023,
                4367034.77900032
              ],
              [
                14167133.99921358,
                4367033.95376533
              ],
              [
                14167133.47112701,
                4367033.12936248
              ],
              [
                14167132.94175183,
                4367032.30579381
              ],
              [
                14167132.41108932,
                4367031.48306136
              ],
              [
                14167131.87914082,
                4367030.66116716
              ],
              [
                14167131.34590763,
                4367029.84011323
              ],
              [
                14167130.81139107,
                4367029.0199016
              ],
              [
                14167130.27559244,
                4367028.20053429
              ],
              [
                14167129.73851309,
                4367027.38201332
              ],
              [
                14167129.20015433,
                4367026.56434071
              ],
              [
                14167128.66051749,
                4367025.74751849
              ],
              [
                14167128.11960391,
                4367024.93154866
              ],
              [
                14167127.57741491,
                4367024.11643324
              ],
              [
                14167127.03395183,
                4367023.30217423
              ],
              [
                14167126.48921603,
                4367022.48877365
              ],
              [
                14167125.94320883,
                4367021.67623351
              ],
              [
                14167125.3959316,
                4367020.86455581
              ],
              [
                14167124.84738567,
                4367020.05374254
              ],
              [
                14167124.2975724,
                4367019.24379571
              ],
              [
                14167123.74649316,
                4367018.43471733
              ],
              [
                14167123.19414929,
                4367017.62650938
              ],
              [
                14167122.64054216,
                4367016.81917386
              ],
              [
                14167122.08567315,
                4367016.01271275
              ],
              [
                14167121.52954361,
                4367015.20712806
              ],
              [
                14167120.97215492,
                4367014.40242176
              ],
              [
                14167120.41350845,
                4367013.59859584
              ],
              [
                14167119.85360559,
                4367012.79565229
              ],
              [
                14167119.29244772,
                4367011.99359309
              ],
              [
                14167118.73003621,
                4367011.19242021
              ],
              [
                14167118.16637246,
                4367010.39213563
              ],
              [
                14167117.60145786,
                4367009.59274133
              ],
              [
                14167117.03529381,
                4367008.79423927
              ],
              [
                14167116.4678817,
                4367007.99663143
              ],
              [
                14167115.89922292,
                4367007.19991978
              ],
              [
                14167115.32931889,
                4367006.40410627
              ],
              [
                14167114.75817101,
                4367005.60919288
              ],
              [
                14167114.18578069,
                4367004.81518156
              ],
              [
                14167113.61214934,
                4367004.02207428
              ],
              [
                14167113.03727837,
                4367003.22987299
              ],
              [
                14167112.46116922,
                4367002.43857963
              ],
              [
                14167111.88382329,
                4367001.64819618
              ],
              [
                14167111.30524201,
                4367000.85872456
              ],
              [
                14167110.72542681,
                4367000.07016675
              ],
              [
                14167110.14437912,
                4366999.28252467
              ],
              [
                14167109.56210038,
                4366998.49580027
              ],
              [
                14167108.97859202,
                4366997.70999549
              ],
              [
                14167108.39385548,
                4366996.92511228
              ],
              [
                14167107.8078922,
                4366996.14115256
              ],
              [
                14167107.22070363,
                4366995.35811827
              ],
              [
                14167106.63229122,
                4366994.57601135
              ],
              [
                14167106.04265643,
                4366993.79483371
              ],
              [
                14167105.45180069,
                4366993.01458729
              ],
              [
                14167104.85972549,
                4366992.23527403
              ],
              [
                14167104.26643226,
                4366991.45689582
              ],
              [
                14167103.67192248,
                4366990.6794546
              ],
              [
                14167103.07619762,
                4366989.90295228
              ],
              [
                14167102.47925915,
                4366989.12739079
              ],
              [
                14167101.88110853,
                4366988.35277203
              ],
              [
                14167101.28174726,
                4366987.57909791
              ],
              [
                14167100.68117679,
                4366986.80637034
              ],
              [
                14167100.07939862,
                4366986.03459123
              ],
              [
                14167099.47641422,
                4366985.26376249
              ],
              [
                14167098.87222511,
                4366984.49388601
              ],
              [
                14167098.26683274,
                4366983.72496369
              ],
              [
                14167097.66023863,
                4366982.95699743
              ],
              [
                14167097.05244427,
                4366982.18998913
              ],
              [
                14167096.44345116,
                4366981.42394067
              ],
              [
                14167095.83326081,
                4366980.65885395
              ],
              [
                14167095.22187471,
                4366979.89473086
              ],
              [
                14167094.60929438,
                4366979.13157326
              ],
              [
                14167093.99552132,
                4366978.36938307
              ],
              [
                14167093.38055706,
                4366977.60816214
              ],
              [
                14167092.76440311,
                4366976.84791236
              ],
              [
                14167092.14706099,
                4366976.08863562
              ],
              [
                14167091.52853222,
                4366975.33033376
              ],
              [
                14167090.90881834,
                4366974.57300868
              ],
              [
                14167090.28792086,
                4366973.81666223
              ],
              [
                14167089.66584133,
                4366973.06129628
              ],
              [
                14167089.04258127,
                4366972.3069127
              ],
              [
                14167088.41814222,
                4366971.55351335
              ],
              [
                14167087.79252573,
                4366970.80110008
              ],
              [
                14167087.16573334,
                4366970.04967475
              ],
              [
                14167086.5377666,
                4366969.29923922
              ],
              [
                14167085.90862705,
                4366968.54979533
              ],
              [
                14167085.27831625,
                4366967.80134495
              ],
              [
                14167084.64683575,
                4366967.0538899
              ],
              [
                14167084.01418712,
                4366966.30743203
              ],
              [
                14167083.3803719,
                4366965.56197319
              ],
              [
                14167082.74539167,
                4366964.81751522
              ],
              [
                14167082.10924799,
                4366964.07405995
              ],
              [
                14167081.47194244,
                4366963.33160922
              ],
              [
                14167080.83347658,
                4366962.59016485
              ],
              [
                14167080.19385199,
                4366961.84972868
              ],
              [
                14167079.55307025,
                4366961.11030253
              ],
              [
                14167078.91113294,
                4366960.37188823
              ],
              [
                14167078.26804164,
                4366959.6344876
              ],
              [
                14167077.62379795,
                4366958.89810246
              ],
              [
                14167076.97840344,
                4366958.16273462
              ],
              [
                14167076.33185972,
                4366957.4283859
              ],
              [
                14167075.68416838,
                4366956.69505811
              ],
              [
                14167075.03533101,
                4366955.96275306
              ],
              [
                14167074.38534922,
                4366955.23147255
              ],
              [
                14167073.73422461,
                4366954.50121839
              ],
              [
                14167073.08195879,
                4366953.77199238
              ],
              [
                14167072.42855336,
                4366953.04379632
              ],
              [
                14167071.77400995,
                4366952.31663201
              ],
              [
                14167071.11833015,
                4366951.59050124
              ],
              [
                14167070.46151561,
                4366950.8654058
              ],
              [
                14167069.80356792,
                4366950.14134748
              ],
              [
                14167069.14448872,
                4366949.41832806
              ],
              [
                14167068.48427964,
                4366948.69634933
              ],
              [
                14167067.82294229,
                4366947.97541308
              ],
              [
                14167067.16047832,
                4366947.25552107
              ],
              [
                14167066.49688936,
                4366946.53667508
              ],
              [
                14167065.83217704,
                4366945.8188769
              ],
              [
                14167065.16634302,
                4366945.10212828
              ],
              [
                14167064.49938891,
                4366944.386431
              ],
              [
                14167063.83131639,
                4366943.67178682
              ],
              [
                14167063.16212708,
                4366942.95819751
              ],
              [
                14167062.49182265,
                4366942.24566482
              ],
              [
                14167061.82040475,
                4366941.53419051
              ],
              [
                14167061.14787503,
                4366940.82377634
              ],
              [
                14167060.47423515,
                4366940.11442407
              ],
              [
                14167059.79948679,
                4366939.40613543
              ],
              [
                14167059.12363159,
                4366938.69891218
              ],
              [
                14167058.44667123,
                4366937.99275606
              ],
              [
                14167057.76860738,
                4366937.28766882
              ],
              [
                14167057.08944171,
                4366936.58365219
              ],
              [
                14167056.4091759,
                4366935.88070791
              ],
              [
                14167055.72781163,
                4366935.17883771
              ],
              [
                14167055.04535058,
                4366934.47804333
              ],
              [
                14167054.36179442,
                4366933.77832649
              ],
              [
                14167053.67714486,
                4366933.07968893
              ],
              [
                14167052.99140357,
                4366932.38213235
              ],
              [
                14167052.30457225,
                4366931.68565849
              ],
              [
                14167051.61665259,
                4366930.99026906
              ],
              [
                14167050.9276463,
                4366930.29596579
              ],
              [
                14167050.23755507,
                4366929.60275037
              ],
              [
                14167049.5463806,
                4366928.91062452
              ],
              [
                14167048.85412461,
                4366928.21958995
              ],
              [
                14167048.16078879,
                4366927.52964836
              ],
              [
                14167047.46637485,
                4366926.84080146
              ],
              [
                14167046.77088453,
                4366926.15305094
              ],
              [
                14167046.07431951,
                4366925.4663985
              ],
              [
                14167045.37668154,
                4366924.78084584
              ],
              [
                14167044.67797232,
                4366924.09639464
              ],
              [
                14167043.97819359,
                4366923.41304659
              ],
              [
                14167043.27734706,
                4366922.73080338
              ],
              [
                14167042.57543447,
                4366922.0496667
              ],
              [
                14167041.87245756,
                4366921.36963822
              ],
              [
                14167041.16841804,
                4366920.69071962
              ],
              [
                14167040.46331767,
                4366920.01291257
              ],
              [
                14167039.75715817,
                4366919.33621875
              ],
              [
                14167039.04994131,
                4366918.66063982
              ],
              [
                14167038.34166881,
                4366917.98617746
              ],
              [
                14167037.63234243,
                4366917.31283332
              ],
              [
                14167036.92196391,
                4366916.64060907
              ],
              [
                14167036.21053501,
                4366915.96950637
              ],
              [
                14167035.49805748,
                4366915.29952686
              ],
              [
                14167034.78453309,
                4366914.63067221
              ],
              [
                14167034.0699636,
                4366913.96294406
              ],
              [
                14167033.35435075,
                4366913.29634407
              ],
              [
                14167032.63769633,
                4366912.63087387
              ],
              [
                14167031.9200021,
                4366911.9665351
              ],
              [
                14167031.20126983,
                4366911.30332941
              ],
              [
                14167030.48150129,
                4366910.64125843
              ],
              [
                14167029.76069827,
                4366909.9803238
              ],
              [
                14167029.03886253,
                4366909.32052714
              ],
              [
                14167028.31599586,
                4366908.66187008
              ],
              [
                14167027.59210005,
                4366908.00435425
              ],
              [
                14167026.86717687,
                4366907.34798127
              ],
              [
                14167026.14122812,
                4366906.69275276
              ],
              [
                14167025.41425558,
                4366906.03867033
              ],
              [
                14167024.68626107,
                4366905.3857356
              ],
              [
                14167023.95724636,
                4366904.73395018
              ],
              [
                14167023.22721326,
                4366904.08331567
              ],
              [
                14167022.49616357,
                4366903.43383369
              ],
              [
                14167021.76409909,
                4366902.78550583
              ],
              [
                14167021.03102163,
                4366902.13833369
              ],
              [
                14167020.29693299,
                4366901.49231887
              ],
              [
                14167019.561835,
                4366900.84746296
              ],
              [
                14167018.82572946,
                4366900.20376756
              ],
              [
                14167018.08861818,
                4366899.56123425
              ],
              [
                14167017.350503,
                4366898.91986462
              ],
              [
                14167016.61138572,
                4366898.27966024
              ],
              [
                14167015.87126817,
                4366897.6406227
              ],
              [
                14167015.13015219,
                4366897.00275357
              ],
              [
                14167014.38803959,
                4366896.36605443
              ],
              [
                14167013.6449322,
                4366895.73052685
              ],
              [
                14167012.90083187,
                4366895.0961724
              ],
              [
                14167012.15574042,
                4366894.46299263
              ],
              [
                14167011.40965971,
                4366893.83098912
              ],
              [
                14167010.66259155,
                4366893.20016342
              ],
              [
                14167009.91453781,
                4366892.57051708
              ],
              [
                14167009.16550033,
                4366891.94205167
              ],
              [
                14167008.41548094,
                4366891.31476873
              ],
              [
                14167007.66448151,
                4366890.68866981
              ],
              [
                14167006.91250389,
                4366890.06375644
              ],
              [
                14167006.15954993,
                4366889.44003019
              ],
              [
                14167005.40562149,
                4366888.81749257
              ],
              [
                14167004.65072043,
                4366888.19614514
              ],
              [
                14167003.89484861,
                4366887.57598941
              ],
              [
                14167003.1380079,
                4366886.95702692
              ],
              [
                14167002.38020017,
                4366886.3392592
              ],
              [
                14167001.62142728,
                4366885.72268778
              ],
              [
                14167000.86169111,
                4366885.10731417
              ],
              [
                14167000.10099352,
                4366884.49313988
              ],
              [
                14166999.33933641,
                4366883.88016644
              ],
              [
                14166998.57672165,
                4366883.26839536
              ],
              [
                14166997.81315111,
                4366882.65782815
              ],
              [
                14166997.04862668,
                4366882.04846631
              ],
              [
                14166996.28315026,
                4366881.44031134
              ],
              [
                14166995.51672373,
                4366880.83336475
              ],
              [
                14166994.74934897,
                4366880.22762803
              ],
              [
                14166993.98102788,
                4366879.62310269
              ],
              [
                14166993.21176236,
                4366879.0197902
              ],
              [
                14166992.44155431,
                4366878.41769205
              ],
              [
                14166991.67040563,
                4366877.81680973
              ],
              [
                14166990.89831821,
                4366877.21714474
              ],
              [
                14166990.12529397,
                4366876.61869853
              ],
              [
                14166989.35133481,
                4366876.0214726
              ],
              [
                14166988.57644264,
                4366875.4254684
              ],
              [
                14166987.80061937,
                4366874.83068742
              ],
              [
                14166987.02386692,
                4366874.23713112
              ],
              [
                14166986.2461872,
                4366873.64480096
              ],
              [
                14166985.46758213,
                4366873.05369841
              ],
              [
                14166984.68805364,
                4366872.46382492
              ],
              [
                14166983.90760364,
                4366871.87518195
              ],
              [
                14166983.12623407,
                4366871.28777095
              ],
              [
                14166982.34394684,
                4366870.70159337
              ],
              [
                14166981.56074389,
                4366870.11665066
              ],
              [
                14166980.77662716,
                4366869.53294425
              ],
              [
                14166979.99159857,
                4366868.95047559
              ],
              [
                14166979.20566007,
                4366868.36924612
              ],
              [
                14166978.41881358,
                4366867.78925726
              ],
              [
                14166977.63106106,
                4366867.21051046
              ],
              [
                14166976.84240445,
                4366866.63300712
              ],
              [
                14166976.0528457,
                4366866.0567487
              ],
              [
                14166975.26238674,
                4366865.48173659
              ],
              [
                14166974.47102953,
                4366864.90797223
              ],
              [
                14166973.67877604,
                4366864.33545702
              ],
              [
                14166972.88562819,
                4366863.76419238
              ],
              [
                14166972.09158797,
                4366863.19417972
              ],
              [
                14166971.29665732,
                4366862.62542044
              ],
              [
                14166970.5008382,
                4366862.05791595
              ],
              [
                14166969.70413258,
                4366861.49166765
              ],
              [
                14166968.90654243,
                4366860.92667692
              ],
              [
                14166968.10806971,
                4366860.36294518
              ],
              [
                14166967.3087164,
                4366859.80047381
              ],
              [
                14166966.50848446,
                4366859.23926419
              ],
              [
                14166965.70737587,
                4366858.6793177
              ],
              [
                14166964.90539261,
                4366858.12063574
              ],
              [
                14166964.10253665,
                4366857.56321969
              ],
              [
                14166963.29880997,
                4366857.0070709
              ],
              [
                14166962.49421457,
                4366856.45219075
              ],
              [
                14166961.68875241,
                4366855.89858063
              ],
              [
                14166960.8824255,
                4366855.34624188
              ],
              [
                14166960.07523582,
                4366854.79517587
              ],
              [
                14166959.26718536,
                4366854.24538397
              ],
              [
                14166958.45827611,
                4366853.69686752
              ],
              [
                14166957.64851008,
                4366853.14962789
              ],
              [
                14166956.83788926,
                4366852.60366641
              ],
              [
                14166956.02641564,
                4366852.05898445
              ],
              [
                14166955.21409124,
                4366851.51558333
              ],
              [
                14166954.40091804,
                4366850.9734644
              ],
              [
                14166953.58689808,
                4366850.43262901
              ],
              [
                14166952.77203334,
                4366849.89307848
              ],
              [
                14166951.95632584,
                4366849.35481414
              ],
              [
                14166951.13977759,
                4366848.81783732
              ],
              [
                14166950.32239062,
                4366848.28214935
              ],
              [
                14166949.50416692,
                4366847.74775154
              ],
              [
                14166948.68510853,
                4366847.21464522
              ],
              [
                14166947.86521746,
                4366846.6828317
              ],
              [
                14166947.04449574,
                4366846.1523123
              ],
              [
                14166946.22294539,
                4366845.62308831
              ],
              [
                14166945.40056843,
                4366845.09516105
              ],
              [
                14166944.57736691,
                4366844.56853182
              ],
              [
                14166943.75334284,
                4366844.04320192
              ],
              [
                14166942.92849827,
                4366843.51917264
              ],
              [
                14166942.10283521,
                4366842.99644528
              ],
              [
                14166941.27635573,
                4366842.47502112
              ],
              [
                14166940.44906184,
                4366841.95490145
              ],
              [
                14166939.6209556,
                4366841.43608756
              ],
              [
                14166938.79203904,
                4366840.91858072
              ],
              [
                14166937.96231421,
                4366840.40238222
              ],
              [
                14166937.13178317,
                4366839.88749332
              ],
              [
                14166936.30044796,
                4366839.37391529
              ],
              [
                14166935.46831061,
                4366838.8616494
              ],
              [
                14166934.6353732,
                4366838.35069692
              ],
              [
                14166933.80163778,
                4366837.8410591
              ],
              [
                14166932.96710641,
                4366837.33273721
              ],
              [
                14166932.13178113,
                4366836.82573249
              ],
              [
                14166931.29566402,
                4366836.32004619
              ],
              [
                14166930.45875714,
                4366835.81567957
              ],
              [
                14166929.62106254,
                4366835.31263387
              ],
              [
                14166928.78258231,
                4366834.81091033
              ],
              [
                14166927.9433185,
                4366834.31051018
              ],
              [
                14166927.10327318,
                4366833.81143467
              ],
              [
                14166926.26244844,
                4366833.31368502
              ],
              [
                14166925.42084634,
                4366832.81726245
              ],
              [
                14166924.57846896,
                4366832.3221682
              ],
              [
                14166923.73531838,
                4366831.82840349
              ],
              [
                14166922.89139668,
                4366831.33596953
              ],
              [
                14166922.04670594,
                4366830.84486753
              ],
              [
                14166921.20124825,
                4366830.35509872
              ],
              [
                14166920.35502568,
                4366829.8666643
              ],
              [
                14166919.50804034,
                4366829.37956546
              ],
              [
                14166918.6602943,
                4366828.89380343
              ],
              [
                14166917.81178966,
                4366828.40937938
              ],
              [
                14166916.96252852,
                4366827.92629452
              ],
              [
                14166916.11251297,
                4366827.44455003
              ],
              [
                14166915.26174509,
                4366826.96414712
              ],
              [
                14166914.41022701,
                4366826.48508695
              ],
              [
                14166913.55796081,
                4366826.00737072
              ],
              [
                14166912.7049486,
                4366825.5309996
              ],
              [
                14166911.85119248,
                4366825.05597477
              ],
              [
                14166910.99669456,
                4366824.5822974
              ],
              [
                14166910.14145694,
                4366824.10996865
              ],
              [
                14166909.28548175,
                4366823.6389897
              ],
              [
                14166908.42877108,
                4366823.1693617
              ],
              [
                14166907.57132705,
                4366822.70108581
              ],
              [
                14166906.71315178,
                4366822.23416319
              ],
              [
                14166905.85424739,
                4366821.76859499
              ],
              [
                14166904.99461599,
                4366821.30438235
              ],
              [
                14166904.13425971,
                4366820.84152643
              ],
              [
                14166903.27318067,
                4366820.38002836
              ],
              [
                14166902.41138098,
                4366819.91988928
              ],
              [
                14166901.54886278,
                4366819.46111034
              ],
              [
                14166900.68562821,
                4366819.00369265
              ],
              [
                14166899.82167937,
                4366818.54763734
              ],
              [
                14166898.95701841,
                4366818.09294556
              ],
              [
                14166898.09164747,
                4366817.6396184
              ],
              [
                14166897.22556867,
                4366817.18765699
              ],
              [
                14166896.35878415,
                4366816.73706246
              ],
              [
                14166895.49129605,
                4366816.2878359
              ],
              [
                14166894.62310651,
                4366815.83997843
              ],
              [
                14166893.75421768,
                4366815.39349115
              ],
              [
                14166892.88463169,
                4366814.94837516
              ],
              [
                14166892.0143507,
                4366814.50463156
              ],
              [
                14166891.14337684,
                4366814.06226145
              ],
              [
                14166890.27171227,
                4366813.62126591
              ],
              [
                14166889.39935914,
                4366813.18164604
              ],
              [
                14166888.5263196,
                4366812.74340291
              ],
              [
                14166887.6525958,
                4366812.30653762
              ],
              [
                14166886.7781899,
                4366811.87105123
              ],
              [
                14166885.90310407,
                4366811.43694483
              ],
              [
                14166885.02734044,
                4366811.00421947
              ],
              [
                14166884.1509012,
                4366810.57287623
              ],
              [
                14166883.27378849,
                4366810.14291618
              ],
              [
                14166882.39600449,
                4366809.71434037
              ],
              [
                14166881.51755135,
                4366809.28714986
              ],
              [
                14166880.63843124,
                4366808.86134571
              ],
              [
                14166879.75864635,
                4366808.43692896
              ],
              [
                14166878.87819883,
                4366808.01390066
              ],
              [
                14166877.99709085,
                4366807.59226186
              ],
              [
                14166877.1153246,
                4366807.17201359
              ],
              [
                14166876.23290225,
                4366806.7531569
              ],
              [
                14166875.34982596,
                4366806.33569281
              ],
              [
                14166874.46609793,
                4366805.91962235
              ],
              [
                14166873.58172033,
                4366805.50494656
              ],
              [
                14166872.69669535,
                4366805.09166645
              ],
              [
                14166871.81102516,
                4366804.67978304
              ],
              [
                14166870.92471196,
                4366804.26929735
              ],
              [
                14166870.03775792,
                4366803.86021039
              ],
              [
                14166869.15016525,
                4366803.45252318
              ],
              [
                14166868.26193611,
                4366803.04623671
              ],
              [
                14166867.37307272,
                4366802.64135199
              ],
              [
                14166866.48357727,
                4366802.23787001
              ],
              [
                14166865.59345193,
                4366801.83579179
              ],
              [
                14166864.70269892,
                4366801.43511829
              ],
              [
                14166863.81132043,
                4366801.03585051
              ],
              [
                14166862.91931865,
                4366800.63798945
              ],
              [
                14166862.0266958,
                4366800.24153607
              ],
              [
                14166861.13345407,
                4366799.84649136
              ],
              [
                14166860.23959566,
                4366799.45285629
              ],
              [
                14166859.34512278,
                4366799.06063183
              ],
              [
                14166858.45003764,
                4366798.66981896
              ],
              [
                14166857.55434244,
                4366798.28041862
              ],
              [
                14166856.65803941,
                4366797.89243179
              ],
              [
                14166855.76113073,
                4366797.50585942
              ],
              [
                14166854.86361864,
                4366797.12070246
              ],
              [
                14166853.96550534,
                4366796.73696187
              ],
              [
                14166853.06679305,
                4366796.35463859
              ],
              [
                14166852.16748398,
                4366795.97373357
              ],
              [
                14166851.26758037,
                4366795.59424774
              ],
              [
                14166850.36708441,
                4366795.21618204
              ],
              [
                14166849.46599834,
                4366794.8395374
              ],
              [
                14166848.56432439,
                4366794.46431475
              ],
              [
                14166847.66206476,
                4366794.09051502
              ],
              [
                14166846.75922169,
                4366793.71813913
              ],
              [
                14166845.85579742,
                4366793.34718799
              ],
              [
                14166844.95179416,
                4366792.97766253
              ],
              [
                14166844.04721415,
                4366792.60956365
              ],
              [
                14166843.14205961,
                4366792.24289226
              ],
              [
                14166842.23633279,
                4366791.87764927
              ],
              [
                14166841.33003591,
                4366791.51383557
              ],
              [
                14166840.42317121,
                4366791.15145208
              ],
              [
                14166839.51574094,
                4366790.79049967
              ],
              [
                14166838.60774732,
                4366790.43097924
              ],
              [
                14166837.6991926,
                4366790.07289167
              ],
              [
                14166836.79007901,
                4366789.71623785
              ],
              [
                14166835.88040881,
                4366789.36101866
              ],
              [
                14166834.97018424,
                4366789.00723498
              ],
              [
                14166834.05940754,
                4366788.65488767
              ],
              [
                14166833.14808095,
                4366788.30397761
              ],
              [
                14166832.23620674,
                4366787.95450566
              ],
              [
                14166831.32378714,
                4366787.60647268
              ],
              [
                14166830.41082441,
                4366787.25987954
              ],
              [
                14166829.4973208,
                4366786.91472709
              ],
              [
                14166828.58327856,
                4366786.57101617
              ],
              [
                14166827.66869995,
                4366786.22874764
              ],
              [
                14166826.75358723,
                4366785.88792234
              ],
              [
                14166825.83794265,
                4366785.54854111
              ],
              [
                14166824.92176846,
                4366785.21060479
              ],
              [
                14166824.00506695,
                4366784.87411422
              ],
              [
                14166823.08784035,
                4366784.53907021
              ],
              [
                14166822.17009095,
                4366784.2054736
              ],
              [
                14166821.25182099,
                4366783.87332522
              ],
              [
                14166820.33303275,
                4366783.54262588
              ],
              [
                14166819.41372849,
                4366783.21337639
              ],
              [
                14166818.49391048,
                4366782.88557757
              ],
              [
                14166817.573581,
                4366782.55923022
              ],
              [
                14166816.6527423,
                4366782.23433516
              ],
              [
                14166815.73139666,
                4366781.91089319
              ],
              [
                14166814.80954636,
                4366781.58890509
              ],
              [
                14166813.88719367,
                4366781.26837167
              ],
              [
                14166812.96434086,
                4366780.94929371
              ],
              [
                14166812.04099022,
                4366780.63167201
              ],
              [
                14166811.11714401,
                4366780.31550734
              ],
              [
                14166810.19280453,
                4366780.00080049
              ],
              [
                14166809.26797404,
                4366779.68755223
              ],
              [
                14166808.34265483,
                4366779.37576334
              ],
              [
                14166807.41684919,
                4366779.06543458
              ],
              [
                14166806.49055939,
                4366778.75656672
              ],
              [
                14166805.56378773,
                4366778.44916053
              ],
              [
                14166804.63653648,
                4366778.14321675
              ],
              [
                14166803.70880794,
                4366777.83873615
              ],
              [
                14166802.7806044,
                4366777.53571947
              ],
              [
                14166801.85192814,
                4366777.23416747
              ],
              [
                14166800.92278146,
                4366776.93408088
              ],
              [
                14166799.99316664,
                4366776.63546045
              ],
              [
                14166799.06308599,
                4366776.33830691
              ],
              [
                14166798.13254179,
                4366776.042621
              ],
              [
                14166797.20153635,
                4366775.74840345
              ],
              [
                14166796.27007195,
                4366775.45565497
              ],
              [
                14166795.33815091,
                4366775.16437631
              ],
              [
                14166794.40577551,
                4366774.87456816
              ],
              [
                14166793.47294806,
                4366774.58623125
              ],
              [
                14166792.53967084,
                4366774.29936628
              ],
              [
                14166791.60594619,
                4366774.01397398
              ],
              [
                14166790.67177638,
                4366773.73005503
              ],
              [
                14166789.73716374,
                4366773.44761014
              ],
              [
                14166788.80211056,
                4366773.16664001
              ],
              [
                14166787.86661914,
                4366772.88714533
              ],
              [
                14166786.93069181,
                4366772.60912678
              ],
              [
                14166785.99433086,
                4366772.33258506
              ],
              [
                14166785.05753861,
                4366772.05752085
              ],
              [
                14166784.12031737,
                4366771.78393482
              ],
              [
                14166783.18266945,
                4366771.51182766
              ],
              [
                14166782.24459717,
                4366771.24120002
              ],
              [
                14166781.30610283,
                4366770.97205259
              ],
              [
                14166780.36718875,
                4366770.70438601
              ],
              [
                14166779.42785726,
                4366770.43820096
              ],
              [
                14166778.48811066,
                4366770.17349809
              ],
              [
                14166777.54795128,
                4366769.91027805
              ],
              [
                14166776.60738144,
                4366769.64854149
              ],
              [
                14166775.66640344,
                4366769.38828906
              ],
              [
                14166774.72501963,
                4366769.1295214
              ],
              [
                14166773.78323231,
                4366768.87223915
              ],
              [
                14166772.84104382,
                4366768.61644294
              ],
              [
                14166771.89845647,
                4366768.3621334
              ],
              [
                14166770.9554726,
                4366768.10931116
              ],
              [
                14166770.01209452,
                4366767.85797684
              ],
              [
                14166769.06832457,
                4366767.60813107
              ],
              [
                14166768.12416507,
                4366767.35977446
              ],
              [
                14166767.17961837,
                4366767.11290762
              ],
              [
                14166766.23468676,
                4366766.86753117
              ],
              [
                14166765.28937261,
                4366766.62364569
              ],
              [
                14166764.34367824,
                4366766.38125182
              ],
              [
                14166763.39760597,
                4366766.14035012
              ],
              [
                14166762.45115815,
                4366765.9009412
              ],
              [
                14166761.5043371,
                4366765.66302566
              ],
              [
                14166760.55714518,
                4366765.42660407
              ],
              [
                14166759.60958469,
                4366765.19167703
              ],
              [
                14166758.66165801,
                4366764.9582451
              ],
              [
                14166757.71336745,
                4366764.72630887
              ],
              [
                14166756.76471535,
                4366764.49586891
              ],
              [
                14166755.81570407,
                4366764.26692579
              ],
              [
                14166754.86633593,
                4366764.03948006
              ],
              [
                14166753.91661328,
                4366763.8135323
              ],
              [
                14166752.96653847,
                4366763.58908306
              ],
              [
                14166752.01611383,
                4366763.36613289
              ],
              [
                14166751.06534172,
                4366763.14468235
              ],
              [
                14166750.11422447,
                4366762.92473197
              ],
              [
                14166749.16276444,
                4366762.70628231
              ],
              [
                14166748.21096397,
                4366762.4893339
              ],
              [
                14166747.25882541,
                4366762.27388727
              ],
              [
                14166746.30635111,
                4366762.05994296
              ],
              [
                14166745.35354341,
                4366761.8475015
              ],
              [
                14166744.40040468,
                4366761.6365634
              ],
              [
                14166743.44693726,
                4366761.4271292
              ],
              [
                14166742.49314349,
                4366761.2191994
              ],
              [
                14166741.53902575,
                4366761.01277451
              ],
              [
                14166740.58458637,
                4366760.80785506
              ],
              [
                14166739.62982771,
                4366760.60444154
              ],
              [
                14166738.67475214,
                4366760.40253446
              ],
              [
                14166737.719362,
                4366760.2021343
              ],
              [
                14166736.76365965,
                4366760.00324158
              ],
              [
                14166735.80764746,
                4366759.80585677
              ],
              [
                14166734.85132777,
                4366759.60998037
              ],
              [
                14166733.89470295,
                4366759.41561285
              ],
              [
                14166732.93777536,
                4366759.22275471
              ],
              [
                14166731.98054735,
                4366759.0314064
              ],
              [
                14166731.0230213,
                4366758.84156842
              ],
              [
                14166730.06519956,
                4366758.65324121
              ],
              [
                14166729.10708449,
                4366758.46642525
              ],
              [
                14166728.14867846,
                4366758.281121
              ],
              [
                14166727.18998383,
                4366758.09732891
              ],
              [
                14166726.23100298,
                4366757.91504945
              ],
              [
                14166725.27173826,
                4366757.73428306
              ],
              [
                14166724.31219204,
                4366757.55503017
              ],
              [
                14166723.35236668,
                4366757.37729125
              ],
              [
                14166722.39226457,
                4366757.20106672
              ],
              [
                14166721.43188805,
                4366757.02635702
              ],
              [
                14166720.47123951,
                4366756.85316258
              ],
              [
                14166719.51032132,
                4366756.68148383
              ],
              [
                14166718.54913583,
                4366756.51132119
              ],
              [
                14166717.58768543,
                4366756.34267508
              ],
              [
                14166716.62597249,
                4366756.17554591
              ],
              [
                14166715.66399938,
                4366756.00993411
              ],
              [
                14166714.70176847,
                4366755.84584007
              ],
              [
                14166713.73928215,
                4366755.68326421
              ],
              [
                14166712.77654276,
                4366755.52220692
              ],
              [
                14166711.81355271,
                4366755.3626686
              ],
              [
                14166710.85031436,
                4366755.20464965
              ],
              [
                14166709.88683008,
                4366755.04815044
              ],
              [
                14166708.92310226,
                4366754.89317138
              ],
              [
                14166707.95913328,
                4366754.73971284
              ],
              [
                14166706.9949255,
                4366754.5877752
              ],
              [
                14166706.03048131,
                4366754.43735884
              ],
              [
                14166705.0658031,
                4366754.28846413
              ],
              [
                14166704.10089322,
                4366754.14109142
              ],
              [
                14166703.13575409,
                4366753.99524109
              ],
              [
                14166702.17038805,
                4366753.8509135
              ],
              [
                14166701.20479752,
                4366753.70810901
              ],
              [
                14166700.23898485,
                4366753.56682796
              ],
              [
                14166699.27295244,
                4366753.4270707
              ],
              [
                14166698.30670267,
                4366753.28883759
              ],
              [
                14166697.34023793,
                4366753.15212895
              ],
              [
                14166696.37356059,
                4366753.01694513
              ],
              [
                14166695.40667304,
                4366752.88328645
              ],
              [
                14166694.43957766,
                4366752.75115326
              ],
              [
                14166693.47227686,
                4366752.62054587
              ],
              [
                14166692.50477301,
                4366752.49146461
              ],
              [
                14166691.53706848,
                4366752.3639098
              ],
              [
                14166690.56916568,
                4366752.23788174
              ],
              [
                14166689.601067,
                4366752.11338076
              ],
              [
                14166688.63277481,
                4366751.99040716
              ],
              [
                14166687.66429152,
                4366751.86896124
              ],
              [
                14166686.6956195,
                4366751.7490433
              ],
              [
                14166685.72676114,
                4366751.63065364
              ],
              [
                14166684.75771885,
                4366751.51379255
              ],
              [
                14166683.788495,
                4366751.39846031
              ],
              [
                14166682.81909199,
                4366751.28465722
              ],
              [
                14166681.84951222,
                4366751.17238355
              ],
              [
                14166680.87975806,
                4366751.06163958
              ],
              [
                14166679.90983193,
                4366750.95242558
              ],
              [
                14166678.93973619,
                4366750.84474182
              ],
              [
                14166677.96947326,
                4366750.73858858
              ],
              [
                14166676.99904553,
                4366750.6339661
              ],
              [
                14166676.02845538,
                4366750.53087465
              ],
              [
                14166675.05770522,
                4366750.42931448
              ],
              [
                14166674.08679743,
                4366750.32928584
              ],
              [
                14166673.11573442,
                4366750.23078899
              ],
              [
                14166672.14451858,
                4366750.13382415
              ],
              [
                14166671.1731523,
                4366750.03839158
              ],
              [
                14166670.20163798,
                4366749.9444915
              ],
              [
                14166669.22997802,
                4366749.85212415
              ],
              [
                14166668.25817481,
                4366749.76128976
              ],
              [
                14166667.28623076,
                4366749.67198855
              ],
              [
                14166666.31414826,
                4366749.58422074
              ],
              [
                14166665.3419297,
                4366749.49798655
              ],
              [
                14166664.36957749,
                4366749.41328618
              ],
              [
                14166663.39709403,
                4366749.33011986
              ],
              [
                14166662.42448171,
                4366749.24848777
              ],
              [
                14166661.45174294,
                4366749.16839014
              ],
              [
                14166660.4788801,
                4366749.08982714
              ],
              [
                14166659.50589561,
                4366749.01279898
              ],
              [
                14166658.53279187,
                4366748.93730585
              ],
              [
                14166657.55957128,
                4366748.86334793
              ],
              [
                14166656.58623622,
                4366748.7909254
              ],
              [
                14166655.61278911,
                4366748.72003846
              ],
              [
                14166654.63923236,
                4366748.65068725
              ],
              [
                14166653.66556834,
                4366748.58287197
              ],
              [
                14166652.69179949,
                4366748.51659277
              ],
              [
                14166651.71792818,
                4366748.45184983
              ],
              [
                14166650.74395684,
                4366748.38864329
              ],
              [
                14166649.76988785,
                4366748.32697332
              ],
              [
                14166648.79572362,
                4366748.26684007
              ],
              [
                14166647.82146656,
                4366748.20824368
              ],
              [
                14166646.84711907,
                4366748.1511843
              ],
              [
                14166645.87268355,
                4366748.09566208
              ],
              [
                14166644.89816242,
                4366748.04167715
              ],
              [
                14166643.92355806,
                4366747.98922963
              ],
              [
                14166642.94887288,
                4366747.93831967
              ],
              [
                14166641.9741093,
                4366747.88894738
              ],
              [
                14166640.9992697,
                4366747.8411129
              ],
              [
                14166640.02435651,
                4366747.79481632
              ],
              [
                14166639.04937213,
                4366747.75005778
              ],
              [
                14166638.07431895,
                4366747.70683739
              ],
              [
                14166637.09919939,
                4366747.66515523
              ],
              [
                14166636.12401584,
                4366747.62501143
              ],
              [
                14166635.14877073,
                4366747.58640608
              ],
              [
                14166634.17346644,
                4366747.54933927
              ],
              [
                14166633.1981054,
                4366747.5138111
              ],
              [
                14166632.22269,
                4366747.47982165
              ],
              [
                14166631.24722265,
                4366747.44737101
              ],
              [
                14166630.27170576,
                4366747.41645925
              ],
              [
                14166629.29614173,
                4366747.38708646
              ],
              [
                14166628.32053297,
                4366747.35925271
              ],
              [
                14166627.3448819,
                4366747.33295806
              ],
              [
                14166626.3691909,
                4366747.30820258
              ],
              [
                14166625.39346239,
                4366747.28498634
              ],
              [
                14166624.41769879,
                4366747.26330937
              ],
              [
                14166623.44190249,
                4366747.24317176
              ],
              [
                14166622.46607589,
                4366747.22457353
              ],
              [
                14166621.49022143,
                4366747.20751473
              ],
              [
                14166620.51434149,
                4366747.19199543
              ],
              [
                14166619.53843849,
                4366747.17801563
              ],
              [
                14166618.56251482,
                4366747.16557539
              ],
              [
                14166617.58657291,
                4366747.15467473
              ],
              [
                14166616.61061516,
                4366747.14531368
              ],
              [
                14166615.63464397,
                4366747.13749226
              ],
              [
                14166614.65866175,
                4366747.1312105
              ],
              [
                14166613.68267092,
                4366747.1264684
              ],
              [
                14166612.70667387,
                4366747.12326598
              ],
              [
                14166611.73067302,
                4366747.12160325
              ],
              [
                14166610.75467077,
                4366747.1214802
              ],
              [
                14166609.77866954,
                4366747.12289685
              ],
              [
                14166608.80267173,
                4366747.12585319
              ],
              [
                14166607.82667974,
                4366747.13034921
              ],
              [
                14166606.85069598,
                4366747.13638489
              ],
              [
                14166605.87472288,
                4366747.14396024
              ],
              [
                14166604.89876282,
                4366747.15307521
              ],
              [
                14166603.92281822,
                4366747.16372981
              ],
              [
                14166602.94689148,
                4366747.17592398
              ],
              [
                14166601.97098502,
                4366747.18965772
              ],
              [
                14166600.99510124,
                4366747.20493098
              ],
              [
                14166600.01924255,
                4366747.22174372
              ],
              [
                14166599.04341136,
                4366747.24009591
              ],
              [
                14166598.06761006,
                4366747.25998749
              ],
              [
                14166597.09184108,
                4366747.28141843
              ],
              [
                14166596.11610682,
                4366747.30438866
              ],
              [
                14166595.14040968,
                4366747.32889813
              ],
              [
                14166594.16475207,
                4366747.35494678
              ],
              [
                14166593.1891364,
                4366747.38253455
              ],
              [
                14166592.21356508,
                4366747.41166136
              ],
              [
                14166591.23804051,
                4366747.44232716
              ],
              [
                14166590.26256509,
                4366747.47453185
              ],
              [
                14166589.28714125,
                4366747.50827536
              ],
              [
                14166588.31177137,
                4366747.54355761
              ],
              [
                14166587.33645787,
                4366747.58037851
              ],
              [
                14166586.36120316,
                4366747.61873796
              ],
              [
                14166585.38600964,
                4366747.65863588
              ],
              [
                14166584.41087971,
                4366747.70007218
              ],
              [
                14166583.43581578,
                4366747.74304673
              ],
              [
                14166582.46082026,
                4366747.78755944
              ],
              [
                14166581.48589555,
                4366747.8336102
              ],
              [
                14166580.51104407,
                4366747.88119889
              ],
              [
                14166579.53626819,
                4366747.9303254
              ],
              [
                14166578.56157036,
                4366747.98098961
              ],
              [
                14166577.58695294,
                4366748.03319138
              ],
              [
                14166576.61241837,
                4366748.08693061
              ],
              [
                14166575.63796903,
                4366748.14220713
              ],
              [
                14166574.66360735,
                4366748.19902084
              ],
              [
                14166573.6893357,
                4366748.25737158
              ],
              [
                14166572.7151565,
                4366748.3172592
              ],
              [
                14166571.74107217,
                4366748.37868358
              ],
              [
                14166570.76708509,
                4366748.44164453
              ],
              [
                14166569.79319767,
                4366748.50614193
              ],
              [
                14166568.81941231,
                4366748.5721756
              ],
              [
                14166567.84573142,
                4366748.63974538
              ],
              [
                14166566.87215739,
                4366748.70885111
              ],
              [
                14166565.89869264,
                4366748.77949262
              ],
              [
                14166564.92533955,
                4366748.85166973
              ],
              [
                14166563.95210053,
                4366748.92538226
              ],
              [
                14166562.97897799,
                4366749.00063003
              ],
              [
                14166562.00597432,
                4366749.07741285
              ],
              [
                14166561.03309193,
                4366749.15573055
              ],
              [
                14166560.0603332,
                4366749.23558292
              ],
              [
                14166559.08770055,
                4366749.31696977
              ],
              [
                14166558.11519638,
                4366749.39989089
              ],
              [
                14166557.14282308,
                4366749.48434608
              ],
              [
                14166556.17058304,
                4366749.57033514
              ],
              [
                14166555.19847868,
                4366749.65785784
              ],
              [
                14166554.22651238,
                4366749.74691399
              ],
              [
                14166553.25468655,
                4366749.83750334
              ],
              [
                14166552.28300359,
                4366749.92962569
              ],
              [
                14166551.31146588,
                4366750.0232808
              ],
              [
                14166550.34007583,
                4366750.11846845
              ],
              [
                14166549.36883583,
                4366750.2151884
              ],
              [
                14166548.39774828,
                4366750.31344041
              ],
              [
                14166547.42681558,
                4366750.41322423
              ],
              [
                14166546.45604011,
                4366750.51453963
              ],
              [
                14166545.48542429,
                4366750.61738635
              ],
              [
                14166544.51497048,
                4366750.72176414
              ],
              [
                14166543.54468111,
                4366750.82767273
              ],
              [
                14166542.57455855,
                4366750.93511188
              ],
              [
                14166541.6046052,
                4366751.04408131
              ],
              [
                14166540.63482346,
                4366751.15458076
              ],
              [
                14166539.66521571,
                4366751.26660995
              ],
              [
                14166538.69578435,
                4366751.38016861
              ],
              [
                14166537.72653177,
                4366751.49525646
              ],
              [
                14166536.75746035,
                4366751.61187321
              ],
              [
                14166535.7885725,
                4366751.73001857
              ],
              [
                14166534.8198706,
                4366751.84969226
              ],
              [
                14166533.85135704,
                4366751.97089398
              ],
              [
                14166532.88303422,
                4366752.09362343
              ],
              [
                14166531.91490451,
                4366752.21788029
              ],
              [
                14166530.94697031,
                4366752.34366429
              ],
              [
                14166529.979234,
                4366752.4709751
              ],
              [
                14166529.01169798,
                4366752.5998124
              ],
              [
                14166528.04436462,
                4366752.73017588
              ],
              [
                14166527.07723633,
                4366752.86206521
              ],
              [
                14166526.11031548,
                4366752.99548008
              ],
              [
                14166525.14360445,
                4366753.13042015
              ],
              [
                14166524.17710563,
                4366753.26688509
              ],
              [
                14166523.21082142,
                4366753.40487456
              ],
              [
                14166522.24475418,
                4366753.54438823
              ],
              [
                14166521.2789063,
                4366753.68542575
              ],
              [
                14166520.31328018,
                4366753.82798677
              ],
              [
                14166519.34787818,
                4366753.97207093
              ],
              [
                14166518.38270269,
                4366754.11767789
              ],
              [
                14166517.41775609,
                4366754.26480728
              ],
              [
                14166516.45304077,
                4366754.41345874
              ],
              [
                14166515.48855909,
                4366754.56363192
              ],
              [
                14166514.52431345,
                4366754.71532642
              ],
              [
                14166513.56030622,
                4366754.86854189
              ],
              [
                14166512.59653977,
                4366755.02327794
              ],
              [
                14166511.63301649,
                4366755.17953418
              ],
              [
                14166510.66973876,
                4366755.33731025
              ],
              [
                14166509.70670894,
                4366755.49660574
              ],
              [
                14166508.74392942,
                4366755.65742026
              ],
              [
                14166507.78140257,
                4366755.81975342
              ],
              [
                14166506.81913076,
                4366755.98360482
              ],
              [
                14166505.85711637,
                4366756.14897405
              ],
              [
                14166504.89536178,
                4366756.3158607
              ],
              [
                14166503.93386934,
                4366756.48426437
              ],
              [
                14166502.97264145,
                4366756.65418463
              ],
              [
                14166502.01168046,
                4366756.82562108
              ],
              [
                14166501.05098875,
                4366756.99857327
              ],
              [
                14166500.09056869,
                4366757.1730408
              ],
              [
                14166499.13042265,
                4366757.34902322
              ],
              [
                14166498.17055299,
                4366757.52652011
              ],
              [
                14166497.21096209,
                4366757.70553102
              ],
              [
                14166496.2516523,
                4366757.88605553
              ],
              [
                14166495.29262602,
                4366758.06809316
              ],
              [
                14166494.33388558,
                4366758.25164349
              ],
              [
                14166493.37543336,
                4366758.43670606
              ],
              [
                14166492.41727173,
                4366758.62328041
              ],
              [
                14166491.45940304,
                4366758.81136608
              ],
              [
                14166490.50182966,
                4366759.00096261
              ],
              [
                14166489.54455396,
                4366759.19206953
              ],
              [
                14166488.58757829,
                4366759.38468636
              ],
              [
                14166487.63090502,
                4366759.57881264
              ],
              [
                14166486.67453651,
                4366759.77444789
              ],
              [
                14166485.71847511,
                4366759.97159161
              ],
              [
                14166484.76272318,
                4366760.17024333
              ],
              [
                14166483.80728308,
                4366760.37040256
              ],
              [
                14166482.85215717,
                4366760.57206879
              ],
              [
                14166481.89734781,
                4366760.77524155
              ],
              [
                14166480.94285735,
                4366760.97992032
              ],
              [
                14166479.98868814,
                4366761.18610459
              ],
              [
                14166479.03484255,
                4366761.39379386
              ],
              [
                14166478.08132292,
                4366761.60298763
              ],
              [
                14166477.12813159,
                4366761.81368536
              ],
              [
                14166476.17527093,
                4366762.02588654
              ],
              [
                14166475.2227433,
                4366762.23959065
              ],
              [
                14166474.27055103,
                4366762.45479717
              ],
              [
                14166473.31869647,
                4366762.67150556
              ],
              [
                14166472.36718198,
                4366762.88971528
              ],
              [
                14166471.4160099,
                4366763.10942579
              ],
              [
                14166470.46518258,
                4366763.33063657
              ],
              [
                14166469.51470236,
                4366763.55334706
              ],
              [
                14166468.56457159,
                4366763.7775567
              ],
              [
                14166467.61479261,
                4366764.00326496
              ],
              [
                14166466.66536777,
                4366764.23047126
              ],
              [
                14166465.7162994,
                4366764.45917506
              ],
              [
                14166464.76758986,
                4366764.68937578
              ],
              [
                14166463.81924147,
                4366764.92107286
              ],
              [
                14166462.87125659,
                4366765.15426573
              ],
              [
                14166461.92363754,
                4366765.38895381
              ],
              [
                14166460.97638667,
                4366765.62513652
              ],
              [
                14166460.02950631,
                4366765.86281328
              ],
              [
                14166459.08299879,
                4366766.10198351
              ],
              [
                14166458.13686647,
                4366766.34264662
              ],
              [
                14166457.19111165,
                4366766.584802
              ],
              [
                14166456.2457367,
                4366766.82844907
              ],
              [
                14166455.30074392,
                4366767.07358722
              ],
              [
                14166454.35613565,
                4366767.32021585
              ],
              [
                14166453.41191424,
                4366767.56833434
              ],
              [
                14166452.468082,
                4366767.8179421
              ],
              [
                14166451.52464126,
                4366768.06903849
              ],
              [
                14166450.58159434,
                4366768.32162291
              ],
              [
                14166449.63894359,
                4366768.57569473
              ],
              [
                14166448.69669132,
                4366768.83125332
              ],
              [
                14166447.75483986,
                4366769.08829806
              ],
              [
                14166446.81339152,
                4366769.3468283
              ],
              [
                14166445.87234864,
                4366769.60684342
              ],
              [
                14166444.93171353,
                4366769.86834275
              ],
              [
                14166443.99148851,
                4366770.13132568
              ],
              [
                14166443.05167592,
                4366770.39579155
              ],
              [
                14166442.11227805,
                4366770.66173969
              ],
              [
                14166441.17329724,
                4366770.92916947
              ],
              [
                14166440.23473579,
                4366771.19808021
              ],
              [
                14166439.29659603,
                4366771.46847126
              ],
              [
                14166438.35888026,
                4366771.74034194
              ],
              [
                14166437.4215908,
                4366772.01369159
              ],
              [
                14166436.48472997,
                4366772.28851953
              ],
              [
                14166435.54830006,
                4366772.56482509
              ],
              [
                14166434.61230341,
                4366772.84260758
              ],
              [
                14166433.6767423,
                4366773.12186632
              ],
              [
                14166432.74161906,
                4366773.40260062
              ],
              [
                14166431.80693598,
                4366773.68480979
              ],
              [
                14166430.87269538,
                4366773.96849312
              ],
              [
                14166429.93889956,
                4366774.25364993
              ],
              [
                14166429.00555082,
                4366774.54027951
              ],
              [
                14166428.07265147,
                4366774.82838115
              ],
              [
                14166427.1402038,
                4366775.11795413
              ],
              [
                14166426.20821012,
                4366775.40899775
              ],
              [
                14166425.27667273,
                4366775.70151129
              ],
              [
                14166424.34559392,
                4366775.99549403
              ],
              [
                14166423.41497599,
                4366776.29094523
              ],
              [
                14166422.48482124,
                4366776.58786418
              ],
              [
                14166421.55513195,
                4366776.88625014
              ],
              [
                14166420.62591045,
                4366777.18610238
              ],
              [
                14166419.69715899,
                4366777.48742015
              ],
              [
                14166418.76887988,
                4366777.79020271
              ],
              [
                14166417.84107542,
                4366778.09444931
              ],
              [
                14166416.91374788,
                4366778.40015921
              ],
              [
                14166415.98689956,
                4366778.70733165
              ],
              [
                14166415.06053274,
                4366779.01596587
              ],
              [
                14166414.13464971,
                4366779.32606111
              ],
              [
                14166413.20925274,
                4366779.63761661
              ],
              [
                14166412.28434414,
                4366779.95063159
              ],
              [
                14166411.35992617,
                4366780.26510529
              ],
              [
                14166410.43600112,
                4366780.58103693
              ],
              [
                14166409.51257127,
                4366780.89842574
              ],
              [
                14166408.58963889,
                4366781.21727091
              ],
              [
                14166407.66720627,
                4366781.53757168
              ],
              [
                14166406.74527567,
                4366781.85932725
              ],
              [
                14166405.82384937,
                4366782.18253683
              ],
              [
                14166404.90292965,
                4366782.50719962
              ],
              [
                14166403.98251878,
                4366782.83331482
              ],
              [
                14166403.06261902,
                4366783.16088163
              ],
              [
                14166402.14323265,
                4366783.48989923
              ],
              [
                14166401.22436194,
                4366783.82036681
              ],
              [
                14166400.30600915,
                4366784.15228357
              ],
              [
                14166399.38817655,
                4366784.48564868
              ],
              [
                14166398.47086639,
                4366784.82046131
              ],
              [
                14166397.55408096,
                4366785.15672066
              ],
              [
                14166396.6378225,
                4366785.49442588
              ],
              [
                14166395.72209328,
                4366785.83357613
              ],
              [
                14166394.80689556,
                4366786.17417059
              ],
              [
                14166393.89223159,
                4366786.51620842
              ],
              [
                14166392.97810363,
                4366786.85968877
              ],
              [
                14166392.06451394,
                4366787.20461079
              ],
              [
                14166391.15146477,
                4366787.55097363
              ],
              [
                14166390.23895837,
                4366787.89877644
              ],
              [
                14166389.326997,
                4366788.24801837
              ],
              [
                14166388.41558289,
                4366788.59869854
              ],
              [
                14166387.50471832,
                4366788.9508161
              ],
              [
                14166386.59440551,
                4366789.30437017
              ],
              [
                14166385.68464672,
                4366789.65935988
              ],
              [
                14166384.77544418,
                4366790.01578437
              ],
              [
                14166383.86680015,
                4366790.37364274
              ],
              [
                14166382.95871687,
                4366790.73293412
              ],
              [
                14166382.05119657,
                4366791.09365762
              ],
              [
                14166381.14424149,
                4366791.45581234
              ],
              [
                14166380.23785387,
                4366791.81939741
              ],
              [
                14166379.33203595,
                4366792.18441191
              ],
              [
                14166378.42678997,
                4366792.55085496
              ],
              [
                14166377.52211814,
                4366792.91872564
              ],
              [
                14166376.61802272,
                4366793.28802305
              ],
              [
                14166375.71450592,
                4366793.65874628
              ],
              [
                14166374.81156998,
                4366794.03089441
              ],
              [
                14166373.90921712,
                4366794.40446652
              ],
              [
                14166373.00744958,
                4366794.7794617
              ],
              [
                14166372.10626957,
                4366795.15587901
              ],
              [
                14166371.20567932,
                4366795.53371754
              ],
              [
                14166370.30568105,
                4366795.91297635
              ],
              [
                14166369.40627697,
                4366796.29365449
              ],
              [
                14166368.50746932,
                4366796.67575104
              ],
              [
                14166367.60926031,
                4366797.05926506
              ],
              [
                14166366.71165215,
                4366797.44419559
              ],
              [
                14166365.81464705,
                4366797.83054168
              ],
              [
                14166364.91824724,
                4366798.21830239
              ],
              [
                14166364.02245492,
                4366798.60747675
              ],
              [
                14166363.1272723,
                4366798.99806381
              ],
              [
                14166362.23270159,
                4366799.3900626
              ],
              [
                14166361.338745,
                4366799.78347216
              ],
              [
                14166360.44540472,
                4366800.17829152
              ],
              [
                14166359.55268298,
                4366800.57451969
              ],
              [
                14166358.66058197,
                4366800.97215571
              ],
              [
                14166357.76910389,
                4366801.3711986
              ],
              [
                14166356.87825094,
                4366801.77164736
              ],
              [
                14166355.98802531,
                4366802.17350101
              ],
              [
                14166355.0984292,
                4366802.57675857
              ],
              [
                14166354.20946482,
                4366802.98141903
              ],
              [
                14166353.32113434,
                4366803.38748139
              ],
              [
                14166352.43343997,
                4366803.79494467
              ],
              [
                14166351.5463839,
                4366804.20380785
              ],
              [
                14166350.6599683,
                4366804.61406991
              ],
              [
                14166349.77419537,
                4366805.02572986
              ],
              [
                14166348.8890673,
                4366805.43878668
              ],
              [
                14166348.00458626,
                4366805.85323933
              ],
              [
                14166347.12075444,
                4366806.26908682
              ],
              [
                14166346.23757402,
                4366806.6863281
              ],
              [
                14166345.35504718,
                4366807.10496215
              ],
              [
                14166344.4731761,
                4366807.52498793
              ],
              [
                14166343.59196295,
                4366807.94640442
              ],
              [
                14166342.7114099,
                4366808.36921056
              ],
              [
                14166341.83151913,
                4366808.79340533
              ],
              [
                14166340.95229282,
                4366809.21898767
              ],
              [
                14166340.07373311,
                4366809.64595653
              ],
              [
                14166339.1958422,
                4366810.07431085
              ],
              [
                14166338.31862223,
                4366810.50404959
              ],
              [
                14166337.44207538,
                4366810.93517168
              ],
              [
                14166336.56620382,
                4366811.36767606
              ],
              [
                14166335.69100968,
                4366811.80156166
              ],
              [
                14166334.81649515,
                4366812.23682742
              ],
              [
                14166333.94266237,
                4366812.67347225
              ],
              [
                14166333.06951351,
                4366813.11149508
              ],
              [
                14166332.19705071,
                4366813.55089483
              ],
              [
                14166331.32527612,
                4366813.99167041
              ],
              [
                14166330.45419191,
                4366814.43382075
              ],
              [
                14166329.58380022,
                4366814.87734475
              ],
              [
                14166328.71410319,
                4366815.32224131
              ],
              [
                14166327.84510297,
                4366815.76850934
              ],
              [
                14166326.9768017,
                4366816.21614773
              ],
              [
                14166326.10920154,
                4366816.66515539
              ],
              [
                14166325.24230461,
                4366817.1155312
              ],
              [
                14166324.37611306,
                4366817.56727405
              ],
              [
                14166323.51062902,
                4366818.02038284
              ],
              [
                14166322.64585463,
                4366818.47485644
              ],
              [
                14166321.78179202,
                4366818.93069372
              ],
              [
                14166320.91844333,
                4366819.38789358
              ],
              [
                14166320.05581067,
                4366819.84645487
              ],
              [
                14166319.1938962,
                4366820.30637647
              ],
              [
                14166318.33270201,
                4366820.76765724
              ],
              [
                14166317.47223026,
                4366821.23029605
              ],
              [
                14166316.61248305,
                4366821.69429176
              ],
              [
                14166315.75346251,
                4366822.15964321
              ],
              [
                14166314.89517075,
                4366822.62634926
              ],
              [
                14166314.0376099,
                4366823.09440876
              ],
              [
                14166313.18078206,
                4366823.56382056
              ],
              [
                14166312.32468936,
                4366824.0345835
              ],
              [
                14166311.46933391,
                4366824.50669642
              ],
              [
                14166310.61471781,
                4366824.98015815
              ],
              [
                14166309.76084318,
                4366825.45496752
              ],
              [
                14166308.90771211,
                4366825.93112337
              ],
              [
                14166308.05532673,
                4366826.40862451
              ],
              [
                14166307.20368912,
                4366826.88746978
              ],
              [
                14166306.35280139,
                4366827.36765798
              ],
              [
                14166305.50266564,
                4366827.84918794
              ],
              [
                14166304.65328397,
                4366828.33205847
              ],
              [
                14166303.80465847,
                4366828.81626838
              ],
              [
                14166302.95679124,
                4366829.30181646
              ],
              [
                14166302.10968436,
                4366829.78870154
              ],
              [
                14166301.26333993,
                4366830.27692239
              ],
              [
                14166300.41776004,
                4366830.76647783
              ],
              [
                14166299.57294677,
                4366831.25736663
              ],
              [
                14166298.72890221,
                4366831.7495876
              ],
              [
                14166297.88562843,
                4366832.24313951
              ],
              [
                14166297.04312752,
                4366832.73802116
              ],
              [
                14166296.20140156,
                4366833.23423131
              ],
              [
                14166295.36045263,
                4366833.73176875
              ],
              [
                14166294.52028279,
                4366834.23063224
              ],
              [
                14166293.68089413,
                4366834.73082056
              ],
              [
                14166292.84228871,
                4366835.23233247
              ],
              [
                14166292.0044686,
                4366835.73516674
              ],
              [
                14166291.16743587,
                4366836.23932213
              ],
              [
                14166290.33119257,
                4366836.74479738
              ],
              [
                14166289.4957408,
                4366837.25159126
              ],
              [
                14166288.66108259,
                4366837.75970252
              ],
              [
                14166287.82722,
                4366838.26912989
              ],
              [
                14166286.9941551,
                4366838.77987214
              ],
              [
                14166286.16188994,
                4366839.29192799
              ],
              [
                14166285.33042658,
                4366839.80529618
              ],
              [
                14166284.49976706,
                4366840.31997545
              ],
              [
                14166283.66991343,
                4366840.83596452
              ],
              [
                14166282.84086774,
                4366841.35326213
              ],
              [
                14166282.01263204,
                4366841.87186699
              ],
              [
                14166281.18520837,
                4366842.39177783
              ],
              [
                14166280.35859878,
                4366842.91299337
              ],
              [
                14166279.53280529,
                4366843.43551232
              ],
              [
                14166278.70782995,
                4366843.95933339
              ],
              [
                14166277.8836748,
                4366844.48445529
              ],
              [
                14166277.06034186,
                4366845.01087672
              ],
              [
                14166276.23783318,
                4366845.53859639
              ],
              [
                14166275.41615077,
                4366846.06761299
              ],
              [
                14166274.59529666,
                4366846.59792522
              ],
              [
                14166273.77527288,
                4366847.12953178
              ],
              [
                14166272.95608146,
                4366847.66243134
              ],
              [
                14166272.13772442,
                4366848.19662259
              ],
              [
                14166271.32020376,
                4366848.73210422
              ],
              [
                14166270.50352152,
                4366849.26887491
              ],
              [
                14166269.68767971,
                4366849.80693333
              ],
              [
                14166268.87268033,
                4366850.34627816
              ],
              [
                14166268.0585254,
                4366850.88690806
              ],
              [
                14166267.24521692,
                4366851.4288217
              ],
              [
                14166266.43275692,
                4366851.97201775
              ],
              [
                14166265.62114738,
                4366852.51649486
              ],
              [
                14166264.81039031,
                4366853.06225169
              ],
              [
                14166264.00048772,
                4366853.6092869
              ],
              [
                14166263.19144159,
                4366854.15759913
              ],
              [
                14166262.38325393,
                4366854.70718704
              ],
              [
                14166261.57592672,
                4366855.25804926
              ],
              [
                14166260.76946197,
                4366855.81018445
              ],
              [
                14166259.96386166,
                4366856.36359122
              ],
              [
                14166259.15912779,
                4366856.91826823
              ],
              [
                14166258.35526232,
                4366857.47421411
              ],
              [
                14166257.55226725,
                4366858.03142748
              ],
              [
                14166256.75014457,
                4366858.58990696
              ],
              [
                14166255.94889623,
                4366859.14965119
              ],
              [
                14166255.14852424,
                4366859.71065877
              ],
              [
                14166254.34903055,
                4366860.27292833
              ],
              [
                14166253.55041714,
                4366860.83645848
              ],
              [
                14166252.75268599,
                4366861.40124783
              ],
              [
                14166251.95583906,
                4366861.96729498
              ],
              [
                14166251.15987832,
                4366862.53459854
              ],
              [
                14166250.36480572,
                4366863.10315711
              ],
              [
                14166249.57062324,
                4366863.67296928
              ],
              [
                14166248.77733283,
                4366864.24403367
              ],
              [
                14166247.98493645,
                4366864.81634884
              ],
              [
                14166247.19343604,
                4366865.3899134
              ],
              [
                14166246.40283358,
                4366865.96472591
              ],
              [
                14166245.613131,
                4366866.54078499
              ],
              [
                14166244.82433026,
                4366867.11808918
              ],
              [
                14166244.0364333,
                4366867.69663708
              ],
              [
                14166243.24944207,
                4366868.27642726
              ],
              [
                14166242.4633585,
                4366868.85745828
              ],
              [
                14166241.67818454,
                4366869.43972872
              ],
              [
                14166240.89392213,
                4366870.02323713
              ],
              [
                14166240.11057319,
                4366870.60798208
              ],
              [
                14166239.32813966,
                4366871.19396213
              ],
              [
                14166238.54662348,
                4366871.78117583
              ],
              [
                14166237.76602656,
                4366872.36962172
              ],
              [
                14166236.98635084,
                4366872.95929837
              ],
              [
                14166236.20759824,
                4366873.55020431
              ],
              [
                14166235.42977069,
                4366874.14233809
              ],
              [
                14166234.65287008,
                4366874.73569824
              ],
              [
                14166233.87689837,
                4366875.33028331
              ],
              [
                14166233.10185744,
                4366875.92609183
              ],
              [
                14166232.32774921,
                4366876.52312231
              ],
              [
                14166231.5545756,
                4366877.12137331
              ],
              [
                14166230.78233851,
                4366877.72084333
              ],
              [
                14166230.01103985,
                4366878.32153091
              ],
              [
                14166229.24068151,
                4366878.92343455
              ],
              [
                14166228.47126541,
                4366879.52655277
              ],
              [
                14166227.70279343,
                4366880.13088409
              ],
              [
                14166226.93526749,
                4366880.73642702
              ],
              [
                14166226.16868945,
                4366881.34318005
              ],
              [
                14166225.40306123,
                4366881.9511417
              ],
              [
                14166224.6383847,
                4366882.56031046
              ],
              [
                14166223.87466177,
                4366883.17068484
              ],
              [
                14166223.1118943,
                4366883.78226332
              ],
              [
                14166222.35008418,
                4366884.3950444
              ],
              [
                14166221.5892333,
                4366885.00902657
              ],
              [
                14166220.82934352,
                4366885.6242083
              ],
              [
                14166220.07041673,
                4366886.2405881
              ],
              [
                14166219.31245479,
                4366886.85816442
              ],
              [
                14166218.55545958,
                4366887.47693576
              ],
              [
                14166217.79943296,
                4366888.09690058
              ],
              [
                14166217.0443768,
                4366888.71805735
              ],
              [
                14166216.29029296,
                4366889.34040455
              ],
              [
                14166215.5371833,
                4366889.96394063
              ],
              [
                14166214.78504969,
                4366890.58866407
              ],
              [
                14166214.03389397,
                4366891.2145733
              ],
              [
                14166213.283718,
                4366891.84166681
              ],
              [
                14166212.53452364,
                4366892.46994303
              ],
              [
                14166211.78631272,
                4366893.09940042
              ],
              [
                14166211.03908709,
                4366893.73003743
              ],
              [
                14166210.29284861,
                4366894.36185249
              ],
              [
                14166209.54759911,
                4366894.99484405
              ],
              [
                14166208.80334042,
                4366895.62901056
              ],
              [
                14166208.06007439,
                4366896.26435043
              ],
              [
                14166207.31780285,
                4366896.90086212
              ],
              [
                14166206.57652763,
                4366897.53854404
              ],
              [
                14166205.83625055,
                4366898.17739463
              ],
              [
                14166205.09697346,
                4366898.81741231
              ],
              [
                14166204.35869816,
                4366899.45859549
              ],
              [
                14166203.62142648,
                4366900.1009426
              ],
              [
                14166202.88516025,
                4366900.74445206
              ],
              [
                14166202.14990127,
                4366901.38912228
              ],
              [
                14166201.41565137,
                4366902.03495165
              ],
              [
                14166200.68241234,
                4366902.68193861
              ],
              [
                14166199.95018601,
                4366903.33008153
              ],
              [
                14166199.21897418,
                4366903.97937884
              ],
              [
                14166198.48877865,
                4366904.62982893
              ],
              [
                14166197.75960122,
                4366905.28143018
              ],
              [
                14166197.0314437,
                4366905.934181
              ],
              [
                14166196.30430787,
                4366906.58807978
              ],
              [
                14166195.57819554,
                4366907.2431249
              ],
              [
                14166194.8531085,
                4366907.89931474
              ],
              [
                14166194.12904853,
                4366908.55664769
              ],
              [
                14166193.40601743,
                4366909.21512212
              ],
              [
                14166192.68401696,
                4366909.87473642
              ],
              [
                14166191.96304893,
                4366910.53548895
              ],
              [
                14166191.2431151,
                4366911.19737808
              ],
              [
                14166190.52421725,
                4366911.86040219
              ],
              [
                14166189.80635716,
                4366912.52455962
              ],
              [
                14166189.0895366,
                4366913.18984877
              ],
              [
                14166188.37375733,
                4366913.85626796
              ],
              [
                14166187.65902112,
                4366914.52381557
              ],
              [
                14166186.94532974,
                4366915.19248994
              ],
              [
                14166186.23268493,
                4366915.86228943
              ],
              [
                14166185.52108848,
                4366916.53321239
              ],
              [
                14166184.81054213,
                4366917.20525714
              ],
              [
                14166184.10104763,
                4366917.87842206
              ],
              [
                14166183.39260674,
                4366918.55270546
              ],
              [
                14166182.68522119,
                4366919.2281057
              ],
              [
                14166181.97889275,
                4366919.90462109
              ],
              [
                14166181.27362314,
                4366920.58224998
              ],
              [
                14166180.56941412,
                4366921.26099068
              ],
              [
                14166179.86626741,
                4366921.94084154
              ],
              [
                14166179.16418475,
                4366922.62180086
              ],
              [
                14166178.46316788,
                4366923.30386698
              ],
              [
                14166177.76321853,
                4366923.98703819
              ],
              [
                14166177.06433841,
                4366924.67131284
              ],
              [
                14166176.36652926,
                4366925.35668921
              ],
              [
                14166175.6697928,
                4366926.04316563
              ],
              [
                14166174.97413075,
                4366926.7307404
              ],
              [
                14166174.27954482,
                4366927.41941182
              ],
              [
                14166173.58603672,
                4366928.1091782
              ],
              [
                14166172.89360818,
                4366928.80003784
              ],
              [
                14166172.20226089,
                4366929.49198902
              ],
              [
                14166171.51199657,
                4366930.18503004
              ],
              [
                14166170.82281691,
                4366930.8791592
              ],
              [
                14166170.13472362,
                4366931.57437478
              ],
              [
                14166169.44771839,
                4366932.27067506
              ],
              [
                14166168.76180292,
                4366932.96805833
              ],
              [
                14166168.0769789,
                4366933.66652287
              ],
              [
                14166167.39324803,
                4366934.36606696
              ],
              [
                14166166.71061198,
                4366935.06668887
              ],
              [
                14166166.02907244,
                4366935.76838686
              ],
              [
                14166165.3486311,
                4366936.47115921
              ],
              [
                14166164.66928963,
                4366937.17500419
              ],
              [
                14166163.99104972,
                4366937.87992006
              ],
              [
                14166163.31391303,
                4366938.58590509
              ],
              [
                14166162.63788123,
                4366939.29295751
              ],
              [
                14166161.96295599,
                4366940.00107562
              ],
              [
                14166161.28913898,
                4366940.71025763
              ],
              [
                14166160.61643186,
                4366941.42050181
              ],
              [
                14166159.94483628,
                4366942.13180641
              ],
              [
                14166159.27435392,
                4366942.84416968
              ],
              [
                14166158.60498642,
                4366943.55758985
              ],
              [
                14166157.93673542,
                4366944.27206516
              ],
              [
                14166157.2696026,
                4366944.98759386
              ],
              [
                14166156.60358958,
                4366945.70417418
              ],
              [
                14166155.938698,
                4366946.42180434
              ],
              [
                14166155.27492953,
                4366947.14048259
              ],
              [
                14166154.61228578,
                4366947.86020714
              ],
              [
                14166153.9507684,
                4366948.58097623
              ],
              [
                14166153.29037901,
                4366949.30278806
              ],
              [
                14166152.63111925,
                4366950.02564088
              ],
              [
                14166151.97299074,
                4366950.74953287
              ],
              [
                14166151.31599511,
                4366951.47446228
              ],
              [
                14166150.66013398,
                4366952.2004273
              ],
              [
                14166150.00540897,
                4366952.92742615
              ],
              [
                14166149.35182168,
                4366953.65545703
              ],
              [
                14166148.69937374,
                4366954.38451814
              ],
              [
                14166148.04806676,
                4366955.11460769
              ],
              [
                14166147.39790233,
                4366955.84572388
              ],
              [
                14166146.74888207,
                4366956.5778649
              ],
              [
                14166146.10100759,
                4366957.31102895
              ],
              [
                14166145.45428046,
                4366958.04521421
              ],
              [
                14166144.8087023,
                4366958.78041888
              ],
              [
                14166144.16427469,
                4366959.51664115
              ],
              [
                14166143.52099923,
                4366960.25387919
              ],
              [
                14166142.87887749,
                4366960.99213119
              ],
              [
                14166142.23791108,
                4366961.73139533
              ],
              [
                14166141.59810156,
                4366962.47166978
              ],
              [
                14166140.95945052,
                4366963.21295272
              ],
              [
                14166140.32195953,
                4366963.95524232
              ],
              [
                14166139.68563017,
                4366964.69853674
              ],
              [
                14166139.050464,
                4366965.44283417
              ],
              [
                14166138.4164626,
                4366966.18813275
              ],
              [
                14166137.78362753,
                4366966.93443064
              ],
              [
                14166137.15196034,
                4366967.68172602
              ],
              [
                14166136.52146259,
                4366968.43001703
              ],
              [
                14166135.89213586,
                4366969.17930184
              ],
              [
                14166135.26398168,
                4366969.92957858
              ],
              [
                14166134.63700161,
                4366970.68084541
              ],
              [
                14166134.01119718,
                4366971.43310048
              ],
              [
                14166133.38656996,
                4366972.18634193
              ],
              [
                14166132.76312148,
                4366972.9405679
              ],
              [
                14166132.14085327,
                4366973.69577654
              ],
              [
                14166131.51976687,
                4366974.45196597
              ],
              [
                14166130.89986382,
                4366975.20913434
              ],
              [
                14166130.28114565,
                4366975.96727978
              ],
              [
                14166129.66361388,
                4366976.72640041
              ],
              [
                14166129.04727002,
                4366977.48649437
              ],
              [
                14166128.43211562,
                4366978.24755977
              ],
              [
                14166127.81815218,
                4366979.00959474
              ],
              [
                14166127.20538122,
                4366979.77259741
              ],
              [
                14166126.59380425,
                4366980.53656588
              ],
              [
                14166125.98342279,
                4366981.30149828
              ],
              [
                14166125.37423832,
                4366982.06739272
              ],
              [
                14166124.76625237,
                4366982.8342473
              ],
              [
                14166124.15946643,
                4366983.60206014
              ],
              [
                14166123.55388199,
                4366984.37082934
              ],
              [
                14166122.94950055,
                4366985.14055301
              ],
              [
                14166122.34632361,
                4366985.91122924
              ],
              [
                14166121.74435265,
                4366986.68285614
              ],
              [
                14166121.14358915,
                4366987.4554318
              ],
              [
                14166120.5440346,
                4366988.22895432
              ],
              [
                14166119.94569049,
                4366989.00342179
              ],
              [
                14166119.34855827,
                4366989.77883229
              ],
              [
                14166118.75263944,
                4366990.55518392
              ],
              [
                14166118.15793545,
                4366991.33247475
              ],
              [
                14166117.56444778,
                4366992.11070288
              ],
              [
                14166116.97217789,
                4366992.88986638
              ],
              [
                14166116.38112724,
                4366993.66996334
              ],
              [
                14166115.79129729,
                4366994.45099181
              ],
              [
                14166115.2026895,
                4366995.23294989
              ],
              [
                14166114.61530532,
                4366996.01583564
              ],
              [
                14166114.02914619,
                4366996.79964712
              ],
              [
                14166113.44421357,
                4366997.58438241
              ],
              [
                14166112.8605089,
                4366998.37003957
              ],
              [
                14166112.27803361,
                4366999.15661666
              ],
              [
                14166111.69678915,
                4366999.94411174
              ],
              [
                14166111.11677695,
                4367000.73252287
              ],
              [
                14166110.53799844,
                4367001.5218481
              ],
              [
                14166109.96045504,
                4367002.31208549
              ],
              [
                14166109.3841482,
                4367003.10323309
              ],
              [
                14166108.80907932,
                4367003.89528894
              ],
              [
                14166108.23524982,
                4367004.68825109
              ],
              [
                14166107.66266113,
                4367005.48211758
              ],
              [
                14166107.09131465,
                4367006.27688647
              ],
              [
                14166106.5212118,
                4367007.07255578
              ],
              [
                14166105.95235397,
                4367007.86912355
              ],
              [
                14166105.38474258,
                4367008.66658781
              ],
              [
                14166104.81837903,
                4367009.46494661
              ],
              [
                14166104.25326471,
                4367010.26419798
              ],
              [
                14166103.68940101,
                4367011.06433993
              ],
              [
                14166103.12678934,
                4367011.86537049
              ],
              [
                14166102.56543107,
                4367012.6672877
              ],
              [
                14166102.00532759,
                4367013.47008956
              ],
              [
                14166101.44648029,
                4367014.27377411
              ],
              [
                14166100.88889054,
                4367015.07833936
              ],
              [
                14166100.33255973,
                4367015.88378331
              ],
              [
                14166099.77748921,
                4367016.690104
              ],
              [
                14166099.22368037,
                4367017.49729942
              ],
              [
                14166098.67113456,
                4367018.30536759
              ],
              [
                14166098.11985316,
                4367019.11430651
              ],
              [
                14166097.56983752,
                4367019.92411419
              ],
              [
                14166097.021089,
                4367020.73478863
              ],
              [
                14166096.47360895,
                4367021.54632783
              ],
              [
                14166095.92739873,
                4367022.35872978
              ],
              [
                14166095.38245968,
                4367023.17199249
              ],
              [
                14166094.83879315,
                4367023.98611395
              ],
              [
                14166094.29640048,
                4367024.80109214
              ],
              [
                14166093.755283,
                4367025.61692506
              ],
              [
                14166093.21544206,
                4367026.4336107
              ],
              [
                14166092.67687899,
                4367027.25114704
              ],
              [
                14166092.1395951,
                4367028.06953207
              ],
              [
                14166091.60359174,
                4367028.88876375
              ],
              [
                14166091.06887022,
                4367029.70884008
              ],
              [
                14166090.53543187,
                4367030.52975904
              ],
              [
                14166090.00327799,
                4367031.35151859
              ],
              [
                14166089.4724099,
                4367032.1741167
              ],
              [
                14166088.94282891,
                4367032.99755136
              ],
              [
                14166088.41453634,
                4367033.82182053
              ],
              [
                14166087.88753347,
                4367034.64692217
              ],
              [
                14166087.36182163,
                4367035.47285425
              ],
              [
                14166086.83740209,
                4367036.29961473
              ],
              [
                14166086.31427615,
                4367037.12720157
              ],
              [
                14166085.79244511,
                4367037.95561274
              ],
              [
                14166085.27191025,
                4367038.78484617
              ],
              [
                14166084.75267286,
                4367039.61489985
              ],
              [
                14166084.23473422,
                4367040.4457717
              ],
              [
                14166083.7180956,
                4367041.27745969
              ],
              [
                14166083.20275829,
                4367042.10996176
              ],
              [
                14166082.68872355,
                4367042.94327586
              ],
              [
                14166082.17599265,
                4367043.77739993
              ],
              [
                14166081.66456687,
                4367044.61233192
              ],
              [
                14166081.15444745,
                4367045.44806976
              ],
              [
                14166080.64563565,
                4367046.2846114
              ],
              [
                14166080.13813274,
                4367047.12195476
              ],
              [
                14166079.63193998,
                4367047.96009779
              ],
              [
                14166079.12705859,
                4367048.79903842
              ],
              [
                14166078.62348984,
                4367049.63877457
              ],
              [
                14166078.12123496,
                4367050.47930418
              ],
              [
                14166077.6202952,
                4367051.32062516
              ],
              [
                14166077.12067178,
                4367052.16273546
              ],
              [
                14166076.62236595,
                4367053.00563298
              ],
              [
                14166076.12537893,
                4367053.84931565
              ],
              [
                14166075.62971195,
                4367054.69378139
              ],
              [
                14166075.13536623,
                4367055.53902812
              ],
              [
                14166074.64234299,
                4367056.38505374
              ],
              [
                14166074.15064346,
                4367057.23185617
              ],
              [
                14166073.66026883,
                4367058.07943334
              ],
              [
                14166073.17122033,
                4367058.92778312
              ],
              [
                14166072.68349915,
                4367059.77690345
              ],
              [
                14166072.19710652,
                4367060.62679223
              ],
              [
                14166071.71204361,
                4367061.47744736
              ],
              [
                14166071.22831164,
                4367062.32886673
              ],
              [
                14166070.74591179,
                4367063.18104825
              ],
              [
                14166070.26484525,
                4367064.03398982
              ],
              [
                14166069.78511321,
                4367064.88768933
              ],
              [
                14166069.30671687,
                4367065.74214468
              ],
              [
                14166068.82965738,
                4367066.59735375
              ],
              [
                14166068.35393595,
                4367067.45331445
              ],
              [
                14166067.87955372,
                4367068.31002465
              ],
              [
                14166067.40651189,
                4367069.16748224
              ],
              [
                14166066.93481161,
                4367070.02568512
              ],
              [
                14166066.46445405,
                4367070.88463115
              ],
              [
                14166065.99544038,
                4367071.74431822
              ],
              [
                14166065.52777174,
                4367072.60474422
              ],
              [
                14166065.0614493,
                4367073.46590702
              ],
              [
                14166064.5964742,
                4367074.32780449
              ],
              [
                14166064.13284758,
                4367075.19043451
              ],
              [
                14166063.6705706,
                4367076.05379495
              ],
              [
                14166063.20964441,
                4367076.91788368
              ],
              [
                14166062.75007011,
                4367077.78269856
              ],
              [
                14166062.29184887,
                4367078.64823747
              ],
              [
                14166061.83498181,
                4367079.51449828
              ],
              [
                14166061.37947006,
                4367080.38147882
              ],
              [
                14166060.92531473,
                4367081.24917699
              ],
              [
                14166060.47251696,
                4367082.11759063
              ],
              [
                14166060.02107785,
                4367082.9867176
              ],
              [
                14166059.57099852,
                4367083.85655575
              ],
              [
                14166059.12228009,
                4367084.72710295
              ],
              [
                14166058.67492366,
                4367085.59835704
              ],
              [
                14166058.22893033,
                4367086.47031587
              ],
              [
                14166057.78430121,
                4367087.34297729
              ],
              [
                14166057.34103739,
                4367088.21633915
              ],
              [
                14166056.89913997,
                4367089.0903993
              ],
              [
                14166056.45861004,
                4367089.96515558
              ],
              [
                14166056.01944867,
                4367090.84060582
              ],
              [
                14166055.58165697,
                4367091.71674788
              ],
              [
                14166055.14523601,
                4367092.59357959
              ],
              [
                14166054.71018686,
                4367093.47109878
              ],
              [
                14166054.2765106,
                4367094.3493033
              ],
              [
                14166053.8442083,
                4367095.22819096
              ],
              [
                14166053.41328103,
                4367096.10775962
              ],
              [
                14166052.98372985,
                4367096.98800709
              ],
              [
                14166052.55555581,
                4367097.86893121
              ],
              [
                14166052.12875999,
                4367098.75052979
              ],
              [
                14166051.70334342,
                4367099.63280068
              ],
              [
                14166051.27930717,
                4367100.51574168
              ],
              [
                14166050.85665227,
                4367101.39935063
              ],
              [
                14166050.43537977,
                4367102.28362534
              ],
              [
                14166050.01549071,
                4367103.16856362
              ],
              [
                14166049.59698613,
                4367104.05416331
              ],
              [
                14166049.17986705,
                4367104.94042221
              ],
              [
                14166048.76413452,
                4367105.82733814
              ],
              [
                14166048.34978954,
                4367106.7149089
              ],
              [
                14166047.93683316,
                4367107.60313231
              ],
              [
                14166047.52526639,
                4367108.49200617
              ],
              [
                14166047.11509023,
                4367109.38152831
              ],
              [
                14166046.7063057,
                4367110.27169651
              ],
              [
                14166046.29891383,
                4367111.16250858
              ],
              [
                14166045.8929156,
                4367112.05396233
              ],
              [
                14166045.48831202,
                4367112.94605556
              ],
              [
                14166045.08510409,
                4367113.83878607
              ],
              [
                14166044.6832928,
                4367114.73215165
              ],
              [
                14166044.28287915,
                4367115.62615009
              ],
              [
                14166043.88386412,
                4367116.5207792
              ],
              [
                14166043.48624871,
                4367117.41603677
              ],
              [
                14166043.09003388,
                4367118.31192058
              ],
              [
                14166042.69522062,
                4367119.20842843
              ],
              [
                14166042.30180991,
                4367120.10555812
              ],
              [
                14166041.90980271,
                4367121.00330741
              ],
              [
                14166041.51919999,
                4367121.9016741
              ],
              [
                14166041.13000271,
                4367122.80065597
              ],
              [
                14166040.74221185,
                4367123.70025081
              ],
              [
                14166040.35582834,
                4367124.60045639
              ],
              [
                14166039.97085315,
                4367125.50127049
              ],
              [
                14166039.58728723,
                4367126.4026909
              ],
              [
                14166039.20513152,
                4367127.30471539
              ],
              [
                14166038.82438697,
                4367128.20734172
              ],
              [
                14166038.44505451,
                4367129.11056768
              ],
              [
                14166038.06713509,
                4367130.01439104
              ],
              [
                14166037.69062963,
                4367130.91880957
              ],
              [
                14166037.31553908,
                4367131.82382103
              ],
              [
                14166036.94186434,
                4367132.72942319
              ],
              [
                14166036.56960634,
                4367133.63561383
              ],
              [
                14166036.198766,
                4367134.5423907
              ],
              [
                14166035.82934424,
                4367135.44975156
              ],
              [
                14166035.46134197,
                4367136.35769418
              ],
              [
                14166035.0947601,
                4367137.26621632
              ],
              [
                14166034.72959953,
                4367138.17531574
              ],
              [
                14166034.36586116,
                4367139.08499019
              ],
              [
                14166034.0035459,
                4367139.99523743
              ],
              [
                14166033.64265463,
                4367140.90605521
              ],
              [
                14166033.28318824,
                4367141.81744129
              ],
              [
                14166032.92514763,
                4367142.72939342
              ],
              [
                14166032.56853368,
                4367143.64190934
              ],
              [
                14166032.21334726,
                4367144.55498682
              ],
              [
                14166031.85958925,
                4367145.46862358
              ],
              [
                14166031.50726054,
                4367146.38281739
              ],
              [
                14166031.15636199,
                4367147.29756599
              ],
              [
                14166030.80689445,
                4367148.21286711
              ],
              [
                14166030.4588588,
                4367149.1287185
              ],
              [
                14166030.11225589,
                4367150.0451179
              ],
              [
                14166029.76708659,
                4367150.96206306
              ],
              [
                14166029.42335173,
                4367151.8795517
              ],
              [
                14166029.08105218,
                4367152.79758156
              ],
              [
                14166028.74018877,
                4367153.71615038
              ],
              [
                14166028.40076235,
                4367154.6352559
              ],
              [
                14166028.06277376,
                4367155.55489584
              ],
              [
                14166027.72622382,
                4367156.47506794
              ],
              [
                14166027.39111338,
                4367157.39576992
              ],
              [
                14166027.05744324,
                4367158.31699952
              ],
              [
                14166026.72521425,
                4367159.23875447
              ],
              [
                14166026.39442723,
                4367160.16103247
              ],
              [
                14166026.06508297,
                4367161.08383128
              ],
              [
                14166025.73718231,
                4367162.0071486
              ],
              [
                14166025.41072604,
                4367162.93098215
              ],
              [
                14166025.08571499,
                4367163.85532967
              ],
              [
                14166024.76214994,
                4367164.78018886
              ],
              [
                14166024.44003169,
                4367165.70555746
              ],
              [
                14166024.11936105,
                4367166.63143316
              ],
              [
                14166023.8001388,
                4367167.5578137
              ],
              [
                14166023.48236573,
                4367168.48469677
              ],
              [
                14166023.16604263,
                4367169.41208011
              ],
              [
                14166022.85117027,
                4367170.33996142
              ],
              [
                14166022.53774943,
                4367171.2683384
              ],
              [
                14166022.22578089,
                4367172.19720878
              ],
              [
                14166021.91526542,
                4367173.12657025
              ],
              [
                14166021.60620378,
                4367174.05642053
              ],
              [
                14166021.29859674,
                4367174.98675732
              ],
              [
                14166020.99244505,
                4367175.91757833
              ],
              [
                14166020.68774948,
                4367176.84888125
              ],
              [
                14166020.38451077,
                4367177.7806638
              ],
              [
                14166020.08272967,
                4367178.71292367
              ],
              [
                14166019.78240693,
                4367179.64565856
              ],
              [
                14166019.48354328,
                4367180.57886618
              ],
              [
                14166019.18613947,
                4367181.51254422
              ],
              [
                14166018.89019624,
                4367182.44669036
              ],
              [
                14166018.5957143,
                4367183.38130233
              ],
              [
                14166018.3026944,
                4367184.3163778
              ],
              [
                14166018.01113724,
                4367185.25191446
              ],
              [
                14166017.72104355,
                4367186.18791002
              ],
              [
                14166017.43241405,
                4367187.12436215
              ],
              [
                14166017.14524946,
                4367188.06126856
              ],
              [
                14166016.85955046,
                4367188.99862693
              ],
              [
                14166016.57531779,
                4367189.93643495
              ],
              [
                14166016.29255212,
                4367190.87469029
              ],
              [
                14166016.01125418,
                4367191.81339066
              ],
              [
                14166015.73142463,
                4367192.75253373
              ],
              [
                14166015.45306419,
                4367193.69211718
              ],
              [
                14166015.17617354,
                4367194.6321387
              ],
              [
                14166014.90075335,
                4367195.57259597
              ],
              [
                14166014.62680431,
                4367196.51348666
              ],
              [
                14166014.3543271,
                4367197.45480847
              ],
              [
                14166014.08332238,
                4367198.39655905
              ],
              [
                14166013.81379084,
                4367199.3387361
              ],
              [
                14166013.54573313,
                4367200.28133728
              ],
              [
                14166013.2791499,
                4367201.22436028
              ],
              [
                14166013.01404184,
                4367202.16780275
              ],
              [
                14166012.75040957,
                4367203.11166238
              ],
              [
                14166012.48825378,
                4367204.05593685
              ],
              [
                14166012.22757508,
                4367205.0006238
              ],
              [
                14166011.96837413,
                4367205.94572093
              ],
              [
                14166011.71065157,
                4367206.89122589
              ],
              [
                14166011.45440803,
                4367207.83713635
              ],
              [
                14166011.19964416,
                4367208.78344999
              ],
              [
                14166010.94636057,
                4367209.73016446
              ],
              [
                14166010.69455789,
                4367210.67727742
              ],
              [
                14166010.44423674,
                4367211.62478655
              ],
              [
                14166010.19539775,
                4367212.5726895
              ],
              [
                14166009.94804151,
                4367213.52098394
              ],
              [
                14166009.70216867,
                4367214.46966753
              ],
              [
                14166009.45777979,
                4367215.41873792
              ],
              [
                14166009.21487551,
                4367216.36819277
              ],
              [
                14166008.97345642,
                4367217.31802974
              ],
              [
                14166008.7335231,
                4367218.2682465
              ],
              [
                14166008.49507617,
                4367219.21884068
              ],
              [
                14166008.25811619,
                4367220.16980996
              ],
              [
                14166008.02264376,
                4367221.12115197
              ],
              [
                14166007.78865947,
                4367222.07286438
              ],
              [
                14166007.55616388,
                4367223.02494484
              ],
              [
                14166007.32515757,
                4367223.977391
              ],
              [
                14166007.09564112,
                4367224.9302005
              ],
              [
                14166006.86761508,
                4367225.88337101
              ],
              [
                14166006.64108003,
                4367226.83690015
              ],
              [
                14166006.41603652,
                4367227.79078559
              ],
              [
                14166006.1924851,
                4367228.74502497
              ],
              [
                14166005.97042634,
                4367229.69961593
              ],
              [
                14166005.74986076,
                4367230.65455613
              ],
              [
                14166005.53078894,
                4367231.6098432
              ],
              [
                14166005.31321139,
                4367232.56547479
              ],
              [
                14166005.09712867,
                4367233.52144853
              ],
              [
                14166004.88254129,
                4367234.47776208
              ],
              [
                14166004.66944981,
                4367235.43441307
              ],
              [
                14166004.45785472,
                4367236.39139914
              ],
              [
                14166004.24775658,
                4367237.34871793
              ],
              [
                14166004.03915588,
                4367238.30636707
              ],
              [
                14166003.83205315,
                4367239.26434422
              ],
              [
                14166003.62644889,
                4367240.22264699
              ],
              [
                14166003.42234362,
                4367241.18127304
              ],
              [
                14166003.21973784,
                4367242.14021998
              ],
              [
                14166003.01863205,
                4367243.09948546
              ],
              [
                14166002.81902674,
                4367244.05906711
              ],
              [
                14166002.62092241,
                4367245.01896257
              ],
              [
                14166002.42431955,
                4367245.97916945
              ],
              [
                14166002.22921865,
                4367246.93968541
              ],
              [
                14166002.03562017,
                4367247.90050806
              ],
              [
                14166001.84352462,
                4367248.86163503
              ],
              [
                14166001.65293244,
                4367249.82306395
              ],
              [
                14166001.46384413,
                4367250.78479246
              ],
              [
                14166001.27626014,
                4367251.74681818
              ],
              [
                14166001.09018094,
                4367252.70913873
              ],
              [
                14166000.90560698,
                4367253.67175174
              ],
              [
                14166000.72253874,
                4367254.63465483
              ],
              [
                14166000.54097664,
                4367255.59784564
              ],
              [
                14166000.36092116,
                4367256.56132178
              ],
              [
                14166000.18237271,
                4367257.52508088
              ],
              [
                14166000.00533176,
                4367258.48912055
              ],
              [
                14165999.82979874,
                4367259.45343843
              ],
              [
                14165999.65577407,
                4367260.41803212
              ],
              [
                14165999.48325819,
                4367261.38289926
              ],
              [
                14165999.31225154,
                4367262.34803745
              ],
              [
                14165999.14275452,
                4367263.31344433
              ],
              [
                14165998.97476756,
                4367264.2791175
              ],
              [
                14165998.80829107,
                4367265.24505459
              ],
              [
                14165998.64332546,
                4367266.2112532
              ],
              [
                14165998.47987114,
                4367267.17771097
              ],
              [
                14165998.31792852,
                4367268.1444255
              ],
              [
                14165998.15749799,
                4367269.11139441
              ],
              [
                14165997.99857995,
                4367270.07861531
              ],
              [
                14165997.8411748,
                4367271.04608582
              ],
              [
                14165997.68528291,
                4367272.01380354
              ],
              [
                14165997.53090469,
                4367272.98176609
              ],
              [
                14165997.3780405,
                4367273.94997109
              ],
              [
                14165997.22669072,
                4367274.91841614
              ],
              [
                14165997.07685574,
                4367275.88709886
              ],
              [
                14165996.92853592,
                4367276.85601685
              ],
              [
                14165996.78173162,
                4367277.82516773
              ],
              [
                14165996.63644322,
                4367278.79454909
              ],
              [
                14165996.49267105,
                4367279.76415856
              ],
              [
                14165996.3504155,
                4367280.73399374
              ],
              [
                14165996.20967689,
                4367281.70405223
              ],
              [
                14165996.07045559,
                4367282.67433165
              ],
              [
                14165995.93275193,
                4367283.6448296
              ],
              [
                14165995.79656626,
                4367284.61554368
              ],
              [
                14165995.66189891,
                4367285.5864715
              ],
              [
                14165995.52875022,
                4367286.55761066
              ],
              [
                14165995.39712051,
                4367287.52895877
              ],
              [
                14165995.26701011,
                4367288.50051343
              ],
              [
                14165995.13841933,
                4367289.47227225
              ],
              [
                14165995.01134851,
                4367290.44423282
              ],
              [
                14165994.88579795,
                4367291.41639275
              ],
              [
                14165994.76176796,
                4367292.38874964
              ],
              [
                14165994.63925886,
                4367293.36130109
              ],
              [
                14165994.51827093,
                4367294.3340447
              ],
              [
                14165994.39880448,
                4367295.30697807
              ],
              [
                14165994.28085981,
                4367296.28009881
              ],
              [
                14165994.1644372,
                4367297.25340449
              ],
              [
                14165994.04953695,
                4367298.22689275
              ],
              [
                14165993.93615934,
                4367299.20056115
              ],
              [
                14165993.82430464,
                4367300.17440731
              ],
              [
                14165993.71397315,
                4367301.14842882
              ],
              [
                14165993.60516512,
                4367302.12262328
              ],
              [
                14165993.49788082,
                4367303.09698829
              ],
              [
                14165993.39212053,
                4367304.07152143
              ],
              [
                14165993.2878845,
                4367305.0462203
              ],
              [
                14165993.18517299,
                4367306.02108251
              ],
              [
                14165993.08398626,
                4367306.99610565
              ],
              [
                14165992.98432455,
                4367307.9712873
              ],
              [
                14165992.88618811,
                4367308.94662507
              ],
              [
                14165992.78957718,
                4367309.92211655
              ],
              [
                14165992.69449201,
                4367310.89775932
              ],
              [
                14165992.60093282,
                4367311.87355099
              ],
              [
                14165992.50889985,
                4367312.84948914
              ],
              [
                14165992.41839334,
                4367313.82557137
              ],
              [
                14165992.32941348,
                4367314.80179528
              ],
              [
                14165992.24196052,
                4367315.77815844
              ],
              [
                14165992.15603467,
                4367316.75465845
              ],
              [
                14165992.07163613,
                4367317.73129291
              ],
              [
                14165991.98876512,
                4367318.7080594
              ],
              [
                14165991.90742184,
                4367319.68495551
              ],
              [
                14165991.82760649,
                4367320.66197883
              ],
              [
                14165991.74931928,
                4367321.63912696
              ],
              [
                14165991.67256039,
                4367322.61639747
              ],
              [
                14165991.59733001,
                4367323.59378797
              ],
              [
                14165991.52362833,
                4367324.57129603
              ],
              [
                14165991.45145554,
                4367325.54891925
              ],
              [
                14165991.3808118,
                4367326.52665521
              ],
              [
                14165991.3116973,
                4367327.50450151
              ],
              [
                14165991.2441122,
                4367328.48245572
              ],
              [
                14165991.17805669,
                4367329.46051544
              ],
              [
                14165991.1135309,
                4367330.43867825
              ],
              [
                14165991.05053502,
                4367331.41694174
              ],
              [
                14165990.98906918,
                4367332.3953035
              ],
              [
                14165990.92913355,
                4367333.37376111
              ],
              [
                14165990.87072827,
                4367334.35231216
              ],
              [
                14165990.81385349,
                4367335.33095423
              ],
              [
                14165990.75850934,
                4367336.3096849
              ],
              [
                14165990.70469597,
                4367337.28850178
              ],
              [
                14165990.65241352,
                4367338.26740242
              ],
              [
                14165990.60166209,
                4367339.24638443
              ],
              [
                14165990.55244183,
                4367340.2254454
              ],
              [
                14165990.50475286,
                4367341.20458289
              ],
              [
                14165990.45859529,
                4367342.1837945
              ],
              [
                14165990.41396923,
                4367343.16307781
              ],
              [
                14165990.3708748,
                4367344.1424304
              ],
              [
                14165990.32931211,
                4367345.12184986
              ],
              [
                14165990.28928126,
                4367346.10133377
              ],
              [
                14165990.25078234,
                4367347.08087971
              ],
              [
                14165990.21381545,
                4367348.06048527
              ],
              [
                14165990.17838069,
                4367349.04014804
              ],
              [
                14165990.14447814,
                4367350.01986558
              ],
              [
                14165990.11210789,
                4367350.99963548
              ],
              [
                14165990.08127001,
                4367351.97945534
              ],
              [
                14165990.05196459,
                4367352.95932273
              ],
              [
                14165990.02419168,
                4367353.93923523
              ],
              [
                14165989.99795138,
                4367354.91919043
              ],
              [
                14165989.97324373,
                4367355.8991859
              ],
              [
                14165989.95006881,
                4367356.87921923
              ],
              [
                14165989.92842666,
                4367357.859288
              ],
              [
                14165989.90831734,
                4367358.8393898
              ],
              [
                14165989.88974091,
                4367359.8195222
              ],
              [
                14165989.8726974,
                4367360.79968278
              ],
              [
                14165989.85718687,
                4367361.77986914
              ],
              [
                14165989.84320935,
                4367362.76007884
              ],
              [
                14165989.83076487,
                4367363.74030947
              ],
              [
                14165989.81985346,
                4367364.72055862
              ],
              [
                14165989.81047516,
                4367365.70082386
              ],
              [
                14165989.80262999,
                4367366.68110277
              ],
              [
                14165989.79631796,
                4367367.66139294
              ],
              [
                14165989.79153909,
                4367368.64169195
              ],
              [
                14165989.7882934,
                4367369.62199737
              ],
              [
                14165989.78658089,
                4367370.60230679
              ],
              [
                14165989.78640157,
                4367371.5826178
              ],
              [
                14165989.78775544,
                4367372.56292797
              ],
              [
                14165989.79064249,
                4367373.54323487
              ],
              [
                14165989.79506272,
                4367374.52353611
              ],
              [
                14165989.80101613,
                4367375.50382925
              ],
              [
                14165989.80850268,
                4367376.48411187
              ],
              [
                14165989.81752237,
                4367377.46438157
              ],
              [
                14165989.82807518,
                4367378.44463591
              ],
              [
                14165989.84016107,
                4367379.42487249
              ],
              [
                14165989.85378002,
                4367380.40508887
              ],
              [
                14165989.868932,
                4367381.38528265
              ],
              [
                14165989.88561697,
                4367382.36545141
              ],
              [
                14165989.90383488,
                4367383.34559271
              ],
              [
                14165989.9235857,
                4367384.32570416
              ],
              [
                14165989.94486938,
                4367385.30578333
              ],
              [
                14165989.96768586,
                4367386.2858278
              ],
              [
                14165989.99203508,
                4367387.26583516
              ],
              [
                14165990.01791699,
                4367388.24580297
              ],
              [
                14165990.04533153,
                4367389.22572883
              ],
              [
                14165990.07427862,
                4367390.20561033
              ],
              [
                14165990.10475821,
                4367391.18544503
              ],
              [
                14165990.1367702,
                4367392.16523053
              ],
              [
                14165990.17031453,
                4367393.1449644
              ],
              [
                14165990.2053911,
                4367394.12464424
              ],
              [
                14165990.24199984,
                4367395.10426761
              ],
              [
                14165990.28014065,
                4367396.08383211
              ],
              [
                14165990.31981345,
                4367397.06333531
              ],
              [
                14165990.36101813,
                4367398.04277481
              ],
              [
                14165990.40375459,
                4367399.02214818
              ],
              [
                14165990.44802272,
                4367400.00145301
              ],
              [
                14165990.49382243,
                4367400.98068688
              ],
              [
                14165990.54115359,
                4367401.95984737
              ],
              [
                14165990.59001609,
                4367402.93893207
              ],
              [
                14165990.6404098,
                4367403.91793856
              ],
              [
                14165990.69233462,
                4367404.89686444
              ],
              [
                14165990.7457904,
                4367405.87570727
              ],
              [
                14165990.80077702,
                4367406.85446465
              ],
              [
                14165990.85729433,
                4367407.83313415
              ],
              [
                14165990.91534221,
                4367408.81171338
              ],
              [
                14165990.97492051,
                4367409.79019991
              ],
              [
                14165991.03602908,
                4367410.76859132
              ],
              [
                14165991.09866777,
                4367411.74688522
              ],
              [
                14165991.16283643,
                4367412.72507917
              ],
              [
                14165991.2285349,
                4367413.70317076
              ],
              [
                14165991.29576302,
                4367414.68115759
              ],
              [
                14165991.36452062,
                4367415.65903723
              ],
              [
                14165991.43480753,
                4367416.63680728
              ],
              [
                14165991.50662359,
                4367417.61446533
              ],
              [
                14165991.5799686,
                4367418.59200896
              ],
              [
                14165991.6548424,
                4367419.56943576
              ],
              [
                14165991.7312448,
                4367420.54674332
              ],
              [
                14165991.80917562,
                4367421.52392922
              ],
              [
                14165991.88863464,
                4367422.50099105
              ],
              [
                14165991.96962169,
                4367423.47792642
              ],
              [
                14165992.05213657,
                4367424.45473289
              ],
              [
                14165992.13617906,
                4367425.43140807
              ],
              [
                14165992.22174897,
                4367426.40794954
              ],
              [
                14165992.30884608,
                4367427.3843549
              ],
              [
                14165992.39747018,
                4367428.36062172
              ],
              [
                14165992.48762106,
                4367429.33674762
              ],
              [
                14165992.57929848,
                4367430.31273018
              ],
              [
                14165992.67250221,
                4367431.28856698
              ],
              [
                14165992.76723205,
                4367432.26425562
              ],
              [
                14165992.86348774,
                4367433.2397937
              ],
              [
                14165992.96126905,
                4367434.2151788
              ],
              [
                14165993.06057575,
                4367435.19040852
              ],
              [
                14165993.16140759,
                4367436.16548046
              ],
              [
                14165993.26376431,
                4367437.1403922
              ],
              [
                14165993.36764567,
                4367438.11514135
              ],
              [
                14165993.4730514,
                4367439.08972549
              ],
              [
                14165993.57998126,
                4367440.06414222
              ],
              [
                14165993.68843498,
                4367441.03838915
              ],
              [
                14165993.79841229,
                4367442.01246385
              ],
              [
                14165993.90991291,
                4367442.98636393
              ],
              [
                14165994.02293658,
                4367443.960087
              ],
              [
                14165994.13748301,
                4367444.93363063
              ],
              [
                14165994.25355194,
                4367445.90699244
              ],
              [
                14165994.37114305,
                4367446.88017002
              ],
              [
                14165994.49025608,
                4367447.85316096
              ],
              [
                14165994.61089072,
                4367448.82596288
              ],
              [
                14165994.73304667,
                4367449.79857336
              ],
              [
                14165994.85672365,
                4367450.77099002
              ],
              [
                14165994.98192133,
                4367451.74321043
              ],
              [
                14165995.10863942,
                4367452.71523222
              ],
              [
                14165995.2368776,
                4367453.68705298
              ],
              [
                14165995.36663555,
                4367454.65867031
              ],
              [
                14165995.49791296,
                4367455.63008182
              ],
              [
                14165995.63070949,
                4367456.6012851
              ],
              [
                14165995.76502484,
                4367457.57227777
              ],
              [
                14165995.90085865,
                4367458.54305743
              ],
              [
                14165996.03821062,
                4367459.51362167
              ],
              [
                14165996.17708037,
                4367460.48396811
              ],
              [
                14165996.31746758,
                4367461.45409435
              ],
              [
                14165996.45937191,
                4367462.423998
              ],
              [
                14165996.60279299,
                4367463.39367667
              ],
              [
                14165996.74773049,
                4367464.36312795
              ],
              [
                14165996.89418404,
                4367465.33234947
              ],
              [
                14165997.04215327,
                4367466.30133882
              ],
              [
                14165997.19163784,
                4367467.27009362
              ],
              [
                14165997.34263735,
                4367468.23861148
              ],
              [
                14165997.49515146,
                4367469.20689
              ],
              [
                14165997.64917977,
                4367470.1749268
              ],
              [
                14165997.80472191,
                4367471.14271948
              ],
              [
                14165997.9617775,
                4367472.11026567
              ],
              [
                14165998.12034615,
                4367473.07756298
              ],
              [
                14165998.28042747,
                4367474.044609
              ],
              [
                14165998.44202106,
                4367475.01140138
              ],
              [
                14165998.60512652,
                4367475.9779377
              ],
              [
                14165998.76974346,
                4367476.94421559
              ],
              [
                14165998.93587146,
                4367477.91023267
              ],
              [
                14165999.10351013,
                4367478.87598655
              ],
              [
                14165999.27265903,
                4367479.84147485
              ],
              [
                14165999.44331777,
                4367480.80669518
              ],
              [
                14165999.61548591,
                4367481.77164517
              ],
              [
                14165999.78916304,
                4367482.73632243
              ],
              [
                14165999.96434872,
                4367483.70072459
              ],
              [
                14166000.14104252,
                4367484.66484925
              ],
              [
                14166000.31924401,
                4367485.62869406
              ],
              [
                14166000.49895274,
                4367486.59225662
              ],
              [
                14166000.68016828,
                4367487.55553455
              ],
              [
                14166000.86289018,
                4367488.51852549
              ],
              [
                14166001.04711798,
                4367489.48122705
              ],
              [
                14166001.23285125,
                4367490.44363687
              ],
              [
                14166001.4200895,
                4367491.40575255
              ],
              [
                14166001.60883229,
                4367492.36757174
              ],
              [
                14166001.79907915,
                4367493.32909205
              ],
              [
                14166001.9908296,
                4367494.29031112
              ],
              [
                14166002.18408318,
                4367495.25122657
              ],
              [
                14166002.37883942,
                4367496.21183604
              ],
              [
                14166002.57509782,
                4367497.17213714
              ],
              [
                14166002.7728579,
                4367498.13212752
              ],
              [
                14166002.97211919,
                4367499.0918048
              ],
              [
                14166003.17288119,
                4367500.05116661
              ],
              [
                14166003.3751434,
                4367501.01021059
              ],
              [
                14166003.57890532,
                4367501.96893437
              ],
              [
                14166003.78416645,
                4367502.92733559
              ],
              [
                14166003.99092629,
                4367503.88541188
              ],
              [
                14166004.19918432,
                4367504.84316088
              ],
              [
                14166004.40894004,
                4367505.80058021
              ],
              [
                14166004.62019292,
                4367506.75766753
              ],
              [
                14166004.83294244,
                4367507.71442047
              ],
              [
                14166005.04718808,
                4367508.67083666
              ],
              [
                14166005.26292932,
                4367509.62691375
              ],
              [
                14166005.48016561,
                4367510.58264938
              ],
              [
                14166005.69889643,
                4367511.53804119
              ],
              [
                14166005.91912123,
                4367512.49308682
              ],
              [
                14166006.14083947,
                4367513.44778392
              ],
              [
                14166006.36405061,
                4367514.40213013
              ],
              [
                14166006.58875409,
                4367515.35612309
              ],
              [
                14166006.81494936,
                4367516.30976046
              ],
              [
                14166007.04263587,
                4367517.26303987
              ],
              [
                14166007.27181305,
                4367518.21595898
              ],
              [
                14166007.50248032,
                4367519.16851543
              ],
              [
                14166007.73463714,
                4367520.12070688
              ],
              [
                14166007.96828292,
                4367521.07253097
              ],
              [
                14166008.2034171,
                4367522.02398535
              ],
              [
                14166008.44003908,
                4367522.97506769
              ],
              [
                14166008.67814828,
                4367523.92577562
              ],
              [
                14166008.91774412,
                4367524.87610681
              ],
              [
                14166009.15882601,
                4367525.82605891
              ],
              [
                14166009.40139335,
                4367526.77562958
              ],
              [
                14166009.64544555,
                4367527.72481646
              ],
              [
                14166009.890982,
                4367528.67361723
              ],
              [
                14166010.1380021,
                4367529.62202953
              ],
              [
                14166010.38650524,
                4367530.57005104
              ],
              [
                14166010.6364908,
                4367531.5176794
              ],
              [
                14166010.88795816,
                4367532.46491228
              ],
              [
                14166011.14090673,
                4367533.41174735
              ],
              [
                14166011.39533585,
                4367534.35818227
              ],
              [
                14166011.65124491,
                4367535.30421469
              ],
              [
                14166011.90863329,
                4367536.24984229
              ],
              [
                14166012.16750032,
                4367537.19506274
              ],
              [
                14166012.4278454,
                4367538.1398737
              ],
              [
                14166012.68966787,
                4367539.08427283
              ],
              [
                14166012.95296708,
                4367540.02825782
              ],
              [
                14166013.21774238,
                4367540.97182633
              ],
              [
                14166013.48399314,
                4367541.91497602
              ],
              [
                14166013.75171868,
                4367542.85770459
              ],
              [
                14166014.02091835,
                4367543.80000968
              ],
              [
                14166014.29159148,
                4367544.741889
              ],
              [
                14166014.5637374,
                4367545.6833402
              ],
              [
                14166014.83735545,
                4367546.62436096
              ],
              [
                14166015.11244495,
                4367547.56494897
              ],
              [
                14166015.38900522,
                4367548.50510191
              ],
              [
                14166015.66703557,
                4367549.44481744
              ],
              [
                14166015.94653534,
                4367550.38409325
              ],
              [
                14166016.22750381,
                4367551.32292703
              ],
              [
                14166016.50994031,
                4367552.26131647
              ],
              [
                14166016.79384413,
                4367553.19925923
              ],
              [
                14166017.07921458,
                4367554.13675301
              ],
              [
                14166017.36605095,
                4367555.0737955
              ],
              [
                14166017.65435253,
                4367556.01038438
              ],
              [
                14166017.94411861,
                4367556.94651735
              ],
              [
                14166018.23534848,
                4367557.88219208
              ],
              [
                14166018.52804142,
                4367558.81740627
              ],
              [
                14166018.82219671,
                4367559.75215763
              ],
              [
                14166019.11781362,
                4367560.68644382
              ],
              [
                14166019.41489142,
                4367561.62026257
              ],
              [
                14166019.71342939,
                4367562.55361155
              ],
              [
                14166020.01342678,
                4367563.48648846
              ],
              [
                14166020.31488285,
                4367564.41889102
              ],
              [
                14166020.61779686,
                4367565.3508169
              ],
              [
                14166020.92216807,
                4367566.28226381
              ],
              [
                14166021.22799572,
                4367567.21322946
              ],
              [
                14166021.53527906,
                4367568.14371155
              ],
              [
                14166021.84401733,
                4367569.07370777
              ],
              [
                14166022.15420977,
                4367570.00321585
              ],
              [
                14166022.46585562,
                4367570.93223348
              ],
              [
                14166022.77895409,
                4367571.86075836
              ],
              [
                14166023.09350444,
                4367572.78878821
              ],
              [
                14166023.40950587,
                4367573.71632074
              ],
              [
                14166023.72695761,
                4367574.64335366
              ],
              [
                14166024.04585887,
                4367575.56988468
              ],
              [
                14166024.36620888,
                4367576.49591152
              ],
              [
                14166024.68800684,
                4367577.42143189
              ],
              [
                14166025.01125195,
                4367578.3464435
              ],
              [
                14166025.33594342,
                4367579.27094408
              ],
              [
                14166025.66208044,
                4367580.19493134
              ],
              [
                14166025.98966221,
                4367581.11840301
              ],
              [
                14166026.31868794,
                4367582.0413568
              ],
              [
                14166026.64915679,
                4367582.96379042
              ],
              [
                14166026.98106797,
                4367583.88570163
              ],
              [
                14166027.31442064,
                4367584.80708812
              ],
              [
                14166027.649214,
                4367585.72794764
              ],
              [
                14166027.98544719,
                4367586.64827791
              ],
              [
                14166028.32311942,
                4367587.56807665
              ],
              [
                14166028.66222984,
                4367588.4873416
              ],
              [
                14166029.00277761,
                4367589.40607049
              ],
              [
                14166029.34476189,
                4367590.32426105
              ],
              [
                14166029.68818184,
                4367591.24191103
              ],
              [
                14166030.03303661,
                4367592.15901813
              ],
              [
                14166030.37932536,
                4367593.07558013
              ],
              [
                14166030.72704722,
                4367593.99159473
              ],
              [
                14166031.07620135,
                4367594.90705969
              ],
              [
                14166031.42678687,
                4367595.82197275
              ],
              [
                14166031.77880293,
                4367596.73633165
              ],
              [
                14166032.13224865,
                4367597.65013413
              ],
              [
                14166032.48712317,
                4367598.56337794
              ],
              [
                14166032.84342561,
                4367599.47606083
              ],
              [
                14166033.20115509,
                4367600.38818053
              ],
              [
                14166033.56031072,
                4367601.29973481
              ],
              [
                14166033.92089163,
                4367602.21072141
              ],
              [
                14166034.28289692,
                4367603.12113808
              ],
              [
                14166034.6463257,
                4367604.03098259
              ],
              [
                14166035.01117708,
                4367604.94025267
              ],
              [
                14166035.37745014,
                4367605.8489461
              ],
              [
                14166035.745144,
                4367606.75706061
              ],
              [
                14166036.11425774,
                4367607.66459399
              ],
              [
                14166036.48479045,
                4367608.57154397
              ],
              [
                14166036.85674122,
                4367609.47790834
              ],
              [
                14166037.23010913,
                4367610.38368484
              ],
              [
                14166037.60489326,
                4367611.28887125
              ],
              [
                14166037.98109269,
                4367612.19346534
              ],
              [
                14166038.35870649,
                4367613.09746486
              ],
              [
                14166038.73773372,
                4367614.00086759
              ],
              [
                14166039.11817345,
                4367614.9036713
              ],
              [
                14166039.50002475,
                4367615.80587376
              ],
              [
                14166039.88328667,
                4367616.70747274
              ],
              [
                14166040.26795826,
                4367617.60846603
              ],
              [
                14166040.65403858,
                4367618.50885139
              ],
              [
                14166041.04152667,
                4367619.40862661
              ],
              [
                14166041.43042159,
                4367620.30778946
              ],
              [
                14166041.82072237,
                4367621.20633772
              ],
              [
                14166042.21242803,
                4367622.10426919
              ],
              [
                14166042.60553764,
                4367623.00158163
              ],
              [
                14166043.00005019,
                4367623.89827285
              ],
              [
                14166043.39596475,
                4367624.79434062
              ],
              [
                14166043.79328031,
                4367625.68978273
              ],
              [
                14166044.1919959,
                4367626.58459697
              ],
              [
                14166044.59211054,
                4367627.47878115
              ],
              [
                14166044.99362324,
                4367628.37233304
              ],
              [
                14166045.39653301,
                4367629.26525044
              ],
              [
                14166045.80083885,
                4367630.15753116
              ],
              [
                14166046.20653978,
                4367631.04917298
              ],
              [
                14166046.61363479,
                4367631.94017371
              ],
              [
                14166047.02212286,
                4367632.83053116
              ],
              [
                14166047.432003,
                4367633.72024311
              ],
              [
                14166047.84327421,
                4367634.60930738
              ],
              [
                14166048.25593545,
                4367635.49772177
              ],
              [
                14166048.66998571,
                4367636.3854841
              ],
              [
                14166049.08542398,
                4367637.27259217
              ],
              [
                14166049.50224922,
                4367638.15904378
              ],
              [
                14166049.92046041,
                4367639.04483676
              ],
              [
                14166050.34005652,
                4367639.92996891
              ],
              [
                14166050.76103651,
                4367640.81443805
              ],
              [
                14166051.18339934,
                4367641.69824201
              ],
              [
                14166051.60714398,
                4367642.5813786
              ],
              [
                14166052.03226937,
                4367643.46384563
              ],
              [
                14166052.45877447,
                4367644.34564094
              ],
              [
                14166052.88665822,
                4367645.22676234
              ],
              [
                14166053.31591957,
                4367646.10720766
              ],
              [
                14166053.74655747,
                4367646.98697473
              ],
              [
                14166054.17857084,
                4367647.86606139
              ],
              [
                14166054.61195863,
                4367648.74446544
              ],
              [
                14166055.04671976,
                4367649.62218474
              ],
              [
                14166055.48285317,
                4367650.49921711
              ],
              [
                14166055.92035777,
                4367651.37556039
              ],
              [
                14166056.35923248,
                4367652.25121242
              ],
              [
                14166056.79947623,
                4367653.12617104
              ],
              [
                14166057.24108793,
                4367654.00043408
              ],
              [
                14166057.68406648,
                4367654.8739994
              ],
              [
                14166058.12841081,
                4367655.74686483
              ],
              [
                14166058.5741198,
                4367656.61902822
              ],
              [
                14166059.02119236,
                4367657.49048741
              ],
              [
                14166059.46962739,
                4367658.36124026
              ],
              [
                14166059.91942378,
                4367659.23128463
              ],
              [
                14166060.37058042,
                4367660.10061835
              ],
              [
                14166060.82309619,
                4367660.96923928
              ],
              [
                14166061.27697,
                4367661.83714529
              ],
              [
                14166061.7322007,
                4367662.70433424
              ],
              [
                14166062.18878719,
                4367663.57080397
              ],
              [
                14166062.64672832,
                4367664.43655235
              ],
              [
                14166063.10602298,
                4367665.30157725
              ],
              [
                14166063.56667003,
                4367666.16587653
              ],
              [
                14166064.02866833,
                4367667.02944806
              ],
              [
                14166064.49201676,
                4367667.8922897
              ],
              [
                14166064.95671415,
                4367668.75439933
              ],
              [
                14166065.42275936,
                4367669.61577483
              ],
              [
                14166065.89015125,
                4367670.47641405
              ],
              [
                14166066.35888867,
                4367671.33631489
              ],
              [
                14166066.82897044,
                4367672.19547521
              ],
              [
                14166067.30039543,
                4367673.05389291
              ],
              [
                14166067.77316246,
                4367673.91156585
              ],
              [
                14166068.24727036,
                4367674.76849193
              ],
              [
                14166068.72271797,
                4367675.62466903
              ],
              [
                14166069.19950413,
                4367676.48009502
              ],
              [
                14166069.67762763,
                4367677.33476782
              ],
              [
                14166070.15708731,
                4367678.1886853
              ],
              [
                14166070.63788199,
                4367679.04184536
              ],
              [
                14166071.12001048,
                4367679.89424589
              ],
              [
                14166071.6034716,
                4367680.74588479
              ],
              [
                14166072.08826414,
                4367681.59675996
              ],
              [
                14166072.57438691,
                4367682.44686929
              ],
              [
                14166073.0618387,
                4367683.29621069
              ],
              [
                14166073.55061834,
                4367684.14478208
              ],
              [
                14166074.0407246,
                4367684.99258133
              ],
              [
                14166074.53215627,
                4367685.83960637
              ],
              [
                14166075.02491215,
                4367686.68585512
              ],
              [
                14166075.51899102,
                4367687.53132547
              ],
              [
                14166076.01439165,
                4367688.37601534
              ],
              [
                14166076.51111282,
                4367689.21992265
              ],
              [
                14166077.00915333,
                4367690.06304531
              ],
              [
                14166077.50851192,
                4367690.90538125
              ],
              [
                14166078.00918737,
                4367691.74692838
              ],
              [
                14166078.51117845,
                4367692.58768463
              ],
              [
                14166079.01448391,
                4367693.42764793
              ],
              [
                14166079.51910252,
                4367694.26681619
              ],
              [
                14166080.02503303,
                4367695.10518736
              ],
              [
                14166080.53227419,
                4367695.94275936
              ],
              [
                14166081.04082474,
                4367696.77953012
              ],
              [
                14166081.55068346,
                4367697.61549758
              ],
              [
                14166082.06184905,
                4367698.45065967
              ],
              [
                14166082.57432027,
                4367699.28501434
              ],
              [
                14166083.08809586,
                4367700.11855953
              ],
              [
                14166083.60317454,
                4367700.95129318
              ],
              [
                14166084.11955505,
                4367701.78321323
              ],
              [
                14166084.6372361,
                4367702.61431762
              ],
              [
                14166085.15621643,
                4367703.44460432
              ],
              [
                14166085.67649475,
                4367704.27407128
              ],
              [
                14166086.19806979,
                4367705.10271643
              ],
              [
                14166086.72094024,
                4367705.93053774
              ],
              [
                14166087.24510483,
                4367706.75753317
              ],
              [
                14166087.77056226,
                4367707.58370067
              ],
              [
                14166088.29731123,
                4367708.40903821
              ],
              [
                14166088.82535045,
                4367709.23354374
              ],
              [
                14166089.3546786,
                4367710.05721524
              ],
              [
                14166089.88529439,
                4367710.88005067
              ],
              [
                14166090.41719651,
                4367711.70204801
              ],
              [
                14166090.95038365,
                4367712.52320522
              ],
              [
                14166091.48485448,
                4367713.34352027
              ],
              [
                14166092.02060769,
                4367714.16299114
              ],
              [
                14166092.55764196,
                4367714.98161581
              ],
              [
                14166093.09595596,
                4367715.79939226
              ],
              [
                14166093.63554837,
                4367716.61631847
              ],
              [
                14166094.17641785,
                4367717.43239243
              ],
              [
                14166094.71856307,
                4367718.24761211
              ],
              [
                14166095.26198269,
                4367719.06197552
              ],
              [
                14166095.80667538,
                4367719.87548063
              ],
              [
                14166096.35263978,
                4367720.68812545
              ],
              [
                14166096.89987455,
                4367721.49990795
              ],
              [
                14166097.44837835,
                4367722.31082616
              ],
              [
                14166097.99814982,
                4367723.12087805
              ],
              [
                14166098.54918759,
                4367723.93006164
              ],
              [
                14166099.10149031,
                4367724.73837492
              ],
              [
                14166099.65505662,
                4367725.5458159
              ],
              [
                14166100.20988516,
                4367726.35238259
              ],
              [
                14166100.76597455,
                4367727.158073
              ],
              [
                14166101.32332342,
                4367727.96288514
              ],
              [
                14166101.88193041,
                4367728.76681701
              ],
              [
                14166102.44179412,
                4367729.56986665
              ],
              [
                14166103.00291317,
                4367730.37203206
              ],
              [
                14166103.5652862,
                4367731.17331127
              ],
              [
                14166104.1289118,
                4367731.97370231
              ],
              [
                14166104.69378858,
                4367732.77320318
              ],
              [
                14166105.25991516,
                4367733.57181192
              ],
              [
                14166105.82729013,
                4367734.36952657
              ],
              [
                14166106.39591209,
                4367735.16634514
              ],
              [
                14166106.96577965,
                4367735.96226569
              ],
              [
                14166107.53689139,
                4367736.75728623
              ],
              [
                14166108.10924592,
                4367737.55140482
              ],
              [
                14166108.68284181,
                4367738.34461947
              ],
              [
                14166109.25767765,
                4367739.13692826
              ],
              [
                14166109.83375201,
                4367739.9283292
              ],
              [
                14166110.4110635,
                4367740.71882037
              ],
              [
                14166110.98961067,
                4367741.50839979
              ],
              [
                14166111.5693921,
                4367742.29706553
              ],
              [
                14166112.15040635,
                4367743.08481563
              ],
              [
                14166112.73265201,
                4367743.87164816
              ],
              [
                14166113.31612762,
                4367744.65756117
              ],
              [
                14166113.90083175,
                4367745.44255273
              ],
              [
                14166114.48676296,
                4367746.22662088
              ],
              [
                14166115.07391979,
                4367747.0097637
              ],
              [
                14166115.66230081,
                4367747.79197927
              ],
              [
                14166116.25190456,
                4367748.57326564
              ],
              [
                14166116.84272959,
                4367749.35362089
              ],
              [
                14166117.43477443,
                4367750.13304308
              ],
              [
                14166118.02803763,
                4367750.91153031
              ],
              [
                14166118.62251773,
                4367751.68908065
              ],
              [
                14166119.21821326,
                4367752.46569217
              ],
              [
                14166119.81512273,
                4367753.24136297
              ],
              [
                14166120.4132447,
                4367754.01609112
              ],
              [
                14166121.01257768,
                4367754.78987472
              ],
              [
                14166121.61312018,
                4367755.56271185
              ],
              [
                14166122.21487074,
                4367756.33460062
              ],
              [
                14166122.81782785,
                4367757.10553911
              ],
              [
                14166123.42199005,
                4367757.87552541
              ],
              [
                14166124.02735583,
                4367758.64455764
              ],
              [
                14166124.63392371,
                4367759.4126339
              ],
              [
                14166125.24169217,
                4367760.17975228
              ],
              [
                14166125.85065974,
                4367760.94591089
              ],
              [
                14166126.4608249,
                4367761.71110785
              ],
              [
                14166127.07218614,
                4367762.47534126
              ],
              [
                14166127.68474197,
                4367763.23860924
              ],
              [
                14166128.29849086,
                4367764.00090991
              ],
              [
                14166128.91343131,
                4367764.76224138
              ],
              [
                14166129.5295618,
                4367765.52260178
              ],
              [
                14166130.1468808,
                4367766.28198922
              ],
              [
                14166130.7653868,
                4367767.04040184
              ],
              [
                14166131.38507826,
                4367767.79783776
              ],
              [
                14166132.00595367,
                4367768.55429511
              ],
              [
                14166132.62801148,
                4367769.30977203
              ],
              [
                14166133.25125017,
                4367770.06426666
              ],
              [
                14166133.87566819,
                4367770.81777712
              ],
              [
                14166134.501264,
                4367771.57030156
              ],
              [
                14166135.12803606,
                4367772.32183813
              ],
              [
                14166135.75598282,
                4367773.07238496
              ],
              [
                14166136.38510274,
                4367773.82194021
              ],
              [
                14166137.01539427,
                4367774.57050203
              ],
              [
                14166137.64685584,
                4367775.31806856
              ],
              [
                14166138.2794859,
                4367776.06463797
              ],
              [
                14166138.91328289,
                4367776.8102084
              ],
              [
                14166139.54824524,
                4367777.55477804
              ],
              [
                14166140.18437139,
                4367778.29834502
              ],
              [
                14166140.82165977,
                4367779.04090753
              ],
              [
                14166141.46010881,
                4367779.78246371
              ],
              [
                14166142.09971693,
                4367780.52301176
              ],
              [
                14166142.74048255,
                4367781.26254983
              ],
              [
                14166143.38240409,
                4367782.00107611
              ],
              [
                14166144.02547997,
                4367782.73858876
              ],
              [
                14166144.6697086,
                4367783.47508598
              ],
              [
                14166145.31508839,
                4367784.21056594
              ],
              [
                14166145.96161775,
                4367784.94502683
              ],
              [
                14166146.60929509,
                4367785.67846683
              ],
              [
                14166147.2581188,
                4367786.41088413
              ],
              [
                14166147.90808729,
                4367787.14227693
              ],
              [
                14166148.55919895,
                4367787.87264343
              ],
              [
                14166149.21145218,
                4367788.60198181
              ],
              [
                14166149.86484536,
                4367789.33029029
              ],
              [
                14166150.51937688,
                4367790.05756705
              ],
              [
                14166151.17504514,
                4367790.78381031
              ],
              [
                14166151.8318485,
                4367791.50901828
              ],
              [
                14166152.48978536,
                4367792.23318917
              ],
              [
                14166153.14885408,
                4367792.95632118
              ],
              [
                14166153.80905304,
                4367793.67841253
              ],
              [
                14166154.47038062,
                4367794.39946145
              ],
              [
                14166155.13283518,
                4367795.11946614
              ],
              [
                14166155.79641507,
                4367795.83842484
              ],
              [
                14166156.46111868,
                4367796.55633577
              ],
              [
                14166157.12694436,
                4367797.27319716
              ],
              [
                14166157.79389046,
                4367797.98900724
              ],
              [
                14166158.46195535,
                4367798.70376424
              ],
              [
                14166159.13113737,
                4367799.4174664
              ],
              [
                14166159.80143486,
                4367800.13011196
              ],
              [
                14166160.47284619,
                4367800.84169915
              ],
              [
                14166161.14536968,
                4367801.55222623
              ],
              [
                14166161.81900368,
                4367802.26169144
              ],
              [
                14166162.49374654,
                4367802.97009302
              ],
              [
                14166163.16959657,
                4367803.67742923
              ],
              [
                14166163.84655213,
                4367804.38369833
              ],
              [
                14166164.52461153,
                4367805.08889857
              ],
              [
                14166165.2037731,
                4367805.79302821
              ],
              [
                14166165.88403516,
                4367806.4960855
              ],
              [
                14166166.56539605,
                4367807.19806873
              ],
              [
                14166167.24785408,
                4367807.89897615
              ],
              [
                14166167.93140756,
                4367808.59880604
              ],
              [
                14166168.6160548,
                4367809.29755666
              ],
              [
                14166169.30179412,
                4367809.9952263
              ],
              [
                14166169.98862384,
                4367810.69181323
              ],
              [
                14166170.67654224,
                4367811.38731573
              ],
              [
                14166171.36554763,
                4367812.08173208
              ],
              [
                14166172.05563832,
                4367812.77506058
              ],
              [
                14166172.7468126,
                4367813.46729951
              ],
              [
                14166173.43906876,
                4367814.15844716
              ],
              [
                14166174.1324051,
                4367814.84850183
              ],
              [
                14166174.82681991,
                4367815.53746181
              ],
              [
                14166175.52231147,
                4367816.2253254
              ],
              [
                14166176.21887807,
                4367816.91209091
              ],
              [
                14166176.91651799,
                4367817.59775664
              ],
              [
                14166177.6152295,
                4367818.28232089
              ],
              [
                14166178.31501089,
                4367818.96578199
              ],
              [
                14166179.01586043,
                4367819.64813824
              ],
              [
                14166179.71777638,
                4367820.32938796
              ],
              [
                14166180.42075701,
                4367821.00952945
              ],
              [
                14166181.1248006,
                4367821.68856107
              ],
              [
                14166181.82990541,
                4367822.36648111
              ],
              [
                14166182.53606968,
                4367823.04328791
              ],
              [
                14166183.24329168,
                4367823.7189798
              ],
              [
                14166183.95156968,
                4367824.39355511
              ],
              [
                14166184.66090191,
                4367825.06701218
              ],
              [
                14166185.37128663,
                4367825.73934934
              ],
              [
                14166186.08272208,
                4367826.41056494
              ],
              [
                14166186.79520652,
                4367827.08065731
              ],
              [
                14166187.50873818,
                4367827.7496248
              ],
              [
                14166188.2233153,
                4367828.41746578
              ],
              [
                14166188.93893612,
                4367829.08417857
              ],
              [
                14166189.65559887,
                4367829.74976155
              ],
              [
                14166190.37330178,
                4367830.41421306
              ],
              [
                14166191.0920431,
                4367831.07753147
              ],
              [
                14166191.81182102,
                4367831.73971514
              ],
              [
                14166192.5326338,
                4367832.40076243
              ],
              [
                14166193.25447963,
                4367833.06067172
              ],
              [
                14166193.97735676,
                4367833.71944137
              ],
              [
                14166194.70126338,
                4367834.37706977
              ],
              [
                14166195.42619772,
                4367835.03355527
              ],
              [
                14166196.15215798,
                4367835.68889628
              ],
              [
                14166196.87914238,
                4367836.34309117
              ],
              [
                14166197.60714912,
                4367836.99613832
              ],
              [
                14166198.3361764,
                4367837.64803612
              ],
              [
                14166199.06622243,
                4367838.29878297
              ],
              [
                14166199.7972854,
                4367838.94837724
              ],
              [
                14166200.52936352,
                4367839.59681736
              ],
              [
                14166201.26245497,
                4367840.24410171
              ],
              [
                14166201.99655794,
                4367840.8902287
              ],
              [
                14166202.73167062,
                4367841.53519673
              ],
              [
                14166203.46779121,
                4367842.17900421
              ],
              [
                14166204.20491788,
                4367842.82164955
              ],
              [
                14166204.94304881,
                4367843.46313116
              ],
              [
                14166205.68218218,
                4367844.10344747
              ],
              [
                14166206.42231618,
                4367844.74259689
              ],
              [
                14166207.16344897,
                4367845.38057784
              ],
              [
                14166207.90557873,
                4367846.01738875
              ],
              [
                14166208.64870361,
                4367846.65302805
              ],
              [
                14166209.3928218,
                4367847.28749417
              ],
              [
                14166210.13793145,
                4367847.92078554
              ],
              [
                14166210.88403072,
                4367848.5529006
              ],
              [
                14166211.63111778,
                4367849.18383779
              ],
              [
                14166212.37919078,
                4367849.81359555
              ],
              [
                14166213.12824787,
                4367850.44217234
              ],
              [
                14166213.87828721,
                4367851.06956659
              ],
              [
                14166214.62930695,
                4367851.69577675
              ],
              [
                14166215.38130522,
                4367852.3208013
              ],
              [
                14166216.13428019,
                4367852.94463866
              ],
              [
                14166216.88822999,
                4367853.56728733
              ],
              [
                14166217.64315275,
                4367854.18874574
              ],
              [
                14166218.39904662,
                4367854.80901238
              ],
              [
                14166219.15590972,
                4367855.42808571
              ],
              [
                14166219.91374021,
                4367856.04596419
              ],
              [
                14166220.67253619,
                4367856.66264632
              ],
              [
                14166221.43229581,
                4367857.27813056
              ],
              [
                14166222.19301717,
                4367857.89241539
              ],
              [
                14166222.95469843,
                4367858.5054993
              ],
              [
                14166223.71733767,
                4367859.11738078
              ],
              [
                14166224.48093305,
                4367859.72805832
              ],
              [
                14166225.24548265,
                4367860.3375304
              ],
              [
                14166226.01098459,
                4367860.94579553
              ],
              [
                14166226.777437,
                4367861.5528522
              ],
              [
                14166227.54483797,
                4367862.15869892
              ],
              [
                14166228.31318562,
                4367862.76333419
              ],
              [
                14166229.08247804,
                4367863.36675652
              ],
              [
                14166229.85271334,
                4367863.96896441
              ],
              [
                14166230.62388962,
                4367864.56995639
              ],
              [
                14166231.39600498,
                4367865.16973096
              ],
              [
                14166232.1690575,
                4367865.76828665
              ],
              [
                14166232.9430453,
                4367866.36562198
              ],
              [
                14166233.71796643,
                4367866.96173549
              ],
              [
                14166234.49381902,
                4367867.55662569
              ],
              [
                14166235.27060112,
                4367868.15029111
              ],
              [
                14166236.04831085,
                4367868.7427303
              ],
              [
                14166236.82694625,
                4367869.33394178
              ],
              [
                14166237.60650543,
                4367869.92392411
              ],
              [
                14166238.38698646,
                4367870.51267582
              ],
              [
                14166239.1683874,
                4367871.10019547
              ],
              [
                14166239.95070634,
                4367871.68648159
              ],
              [
                14166240.73394134,
                4367872.27153275
              ],
              [
                14166241.51809046,
                4367872.8553475
              ],
              [
                14166242.30315178,
                4367873.4379244
              ],
              [
                14166243.08912335,
                4367874.01926201
              ],
              [
                14166243.87600325,
                4367874.5993589
              ],
              [
                14166244.66378951,
                4367875.17821364
              ],
              [
                14166245.45248021,
                4367875.75582479
              ],
              [
                14166246.2420734,
                4367876.33219093
              ],
              [
                14166247.03256712,
                4367876.90731064
              ],
              [
                14166247.82395942,
                4367877.4811825
              ],
              [
                14166248.61624837,
                4367878.05380509
              ],
              [
                14166249.40943199,
                4367878.62517701
              ],
              [
                14166250.20350833,
                4367879.19529683
              ],
              [
                14166250.99847543,
                4367879.76416315
              ],
              [
                14166251.79433133,
                4367880.33177457
              ],
              [
                14166252.59107407,
                4367880.89812969
              ],
              [
                14166253.38870168,
                4367881.46322711
              ],
              [
                14166254.18721219,
                4367882.02706543
              ],
              [
                14166254.98660363,
                4367882.58964327
              ],
              [
                14166255.78687404,
                4367883.15095923
              ],
              [
                14166256.58802142,
                4367883.71101193
              ],
              [
                14166257.39004382,
                4367884.26979998
              ],
              [
                14166258.19293924,
                4367884.82732202
              ],
              [
                14166258.99670571,
                4367885.38357665
              ],
              [
                14166259.80134125,
                4367885.93856251
              ],
              [
                14166260.60684386,
                4367886.49227824
              ],
              [
                14166261.41321156,
                4367887.04472246
              ],
              [
                14166262.22044237,
                4367887.5958938
              ],
              [
                14166263.02853428,
                4367888.14579092
              ],
              [
                14166263.83748531,
                4367888.69441244
              ],
              [
                14166264.64729345,
                4367889.24175702
              ],
              [
                14166265.45795672,
                4367889.78782331
              ],
              [
                14166266.26947311,
                4367890.33260997
              ],
              [
                14166267.08184061,
                4367890.87611562
              ],
              [
                14166267.89505723,
                4367891.41833896
              ],
              [
                14166268.70912096,
                4367891.95927863
              ],
              [
                14166269.52402978,
                4367892.49893329
              ],
              [
                14166270.33978169,
                4367893.03730163
              ],
              [
                14166271.15637467,
                4367893.5743823
              ],
              [
                14166271.97380672,
                4367894.11017399
              ],
              [
                14166272.7920758,
                4367894.64467537
              ],
              [
                14166273.6111799,
                4367895.17788512
              ],
              [
                14166274.43111701,
                4367895.70980192
              ],
              [
                14166275.2518851,
                4367896.24042447
              ],
              [
                14166276.07348213,
                4367896.76975145
              ],
              [
                14166276.8959061,
                4367897.29778156
              ],
              [
                14166277.71915496,
                4367897.82451349
              ],
              [
                14166278.54322668,
                4367898.34994594
              ],
              [
                14166279.36811924,
                4367898.87407762
              ],
              [
                14166280.19383059,
                4367899.39690723
              ],
              [
                14166281.0203587,
                4367899.91843348
              ],
              [
                14166281.84770152,
                4367900.43865509
              ],
              [
                14166282.67585702,
                4367900.95757077
              ],
              [
                14166283.50482316,
                4367901.47517924
              ],
              [
                14166284.33459788,
                4367901.99147923
              ],
              [
                14166285.16517914,
                4367902.50646945
              ],
              [
                14166285.9965649,
                4367903.02014864
              ],
              [
                14166286.82875309,
                4367903.53251553
              ],
              [
                14166287.66174167,
                4367904.04356886
              ],
              [
                14166288.49552858,
                4367904.55330735
              ],
              [
                14166289.33011176,
                4367905.06172977
              ],
              [
                14166290.16548916,
                4367905.56883484
              ],
              [
                14166291.0016587,
                4367906.07462133
              ],
              [
                14166291.83861834,
                4367906.57908798
              ],
              [
                14166292.67636599,
                4367907.08223353
              ],
              [
                14166293.5148996,
                4367907.58405677
              ],
              [
                14166294.3542171,
                4367908.08455644
              ],
              [
                14166295.19431641,
                4367908.58373131
              ],
              [
                14166296.03519546,
                4367909.08158015
              ],
              [
                14166296.87685219,
                4367909.57810172
              ],
              [
                14166297.71928451,
                4367910.07329482
              ],
              [
                14166298.56249033,
                4367910.5671582
              ],
              [
                14166299.40646758,
                4367911.05969065
              ],
              [
                14166300.25121419,
                4367911.55089096
              ],
              [
                14166301.09672806,
                4367912.04075792
              ],
              [
                14166301.9430071,
                4367912.52929032
              ],
              [
                14166302.79004923,
                4367913.01648694
              ],
              [
                14166303.63785236,
                4367913.50234659
              ],
              [
                14166304.48641441,
                4367913.98686807
              ],
              [
                14166305.33573326,
                4367914.47005018
              ],
              [
                14166306.18580682,
                4367914.95189173
              ],
              [
                14166307.03663301,
                4367915.43239153
              ],
              [
                14166307.88820972,
                4367915.9115484
              ],
              [
                14166308.74053484,
                4367916.38936114
              ],
              [
                14166309.59360628,
                4367916.86582859
              ],
              [
                14166310.44742193,
                4367917.34094957
              ],
              [
                14166311.30197968,
                4367917.8147229
              ],
              [
                14166312.15727743,
                4367918.28714742
              ],
              [
                14166313.01331306,
                4367918.75822195
              ],
              [
                14166313.87008446,
                4367919.22794534
              ],
              [
                14166314.72758952,
                4367919.69631642
              ],
              [
                14166315.58582612,
                4367920.16333405
              ],
              [
                14166316.44479214,
                4367920.62899707
              ],
              [
                14166317.30448547,
                4367921.09330432
              ],
              [
                14166318.16490398,
                4367921.55625467
              ],
              [
                14166319.02604555,
                4367922.01784696
              ],
              [
                14166319.88790804,
                4367922.47808007
              ],
              [
                14166320.75048935,
                4367922.93695285
              ],
              [
                14166321.61378734,
                4367923.39446417
              ],
              [
                14166322.47779987,
                4367923.85061291
              ],
              [
                14166323.34252482,
                4367924.30539794
              ],
              [
                14166324.20796005,
                4367924.75881812
              ],
              [
                14166325.07410343,
                4367925.21087236
              ],
              [
                14166325.94095282,
                4367925.66155952
              ],
              [
                14166326.80850607,
                4367926.1108785
              ],
              [
                14166327.67676106,
                4367926.55882819
              ],
              [
                14166328.54571564,
                4367927.00540748
              ],
              [
                14166329.41536765,
                4367927.45061527
              ],
              [
                14166330.28571496,
                4367927.89445047
              ],
              [
                14166331.15675542,
                4367928.33691197
              ],
              [
                14166332.02848688,
                4367928.77799868
              ],
              [
                14166332.90090719,
                4367929.21770952
              ],
              [
                14166333.77401419,
                4367929.6560434
              ],
              [
                14166334.64780573,
                4367930.09299924
              ],
              [
                14166335.52227966,
                4367930.52857596
              ],
              [
                14166336.39743381,
                4367930.96277249
              ],
              [
                14166337.27326604,
                4367931.39558774
              ],
              [
                14166338.14977416,
                4367931.82702066
              ],
              [
                14166339.02695603,
                4367932.25707018
              ],
              [
                14166339.90480947,
                4367932.68573525
              ],
              [
                14166340.78333233,
                4367933.11301478
              ],
              [
                14166341.66252243,
                4367933.53890775
              ],
              [
                14166342.5423776,
                4367933.96341309
              ],
              [
                14166343.42289569,
                4367934.38652976
              ],
              [
                14166344.3040745,
                4367934.80825671
              ],
              [
                14166345.18591186,
                4367935.2285929
              ],
              [
                14166346.0684056,
                4367935.6475373
              ],
              [
                14166346.95155354,
                4367936.06508887
              ],
              [
                14166347.83535351,
                4367936.48124657
              ],
              [
                14166348.71980332,
                4367936.8960094
              ],
              [
                14166349.60490079,
                4367937.3093763
              ],
              [
                14166350.49064373,
                4367937.72134628
              ],
              [
                14166351.37702996,
                4367938.13191831
              ],
              [
                14166352.2640573,
                4367938.54109138
              ],
              [
                14166353.15172354,
                4367938.94886448
              ],
              [
                14166354.04002651,
                4367939.35523659
              ],
              [
                14166354.928964,
                4367939.76020673
              ],
              [
                14166355.81853384,
                4367940.16377389
              ],
              [
                14166356.70873382,
                4367940.56593707
              ],
              [
                14166357.59956174,
                4367940.96669528
              ],
              [
                14166358.4910154,
                4367941.36604753
              ],
              [
                14166359.38309262,
                4367941.76399284
              ],
              [
                14166360.27579117,
                4367942.16053022
              ],
              [
                14166361.16910887,
                4367942.5556587
              ],
              [
                14166362.06304351,
                4367942.9493773
              ],
              [
                14166362.95759288,
                4367943.34168504
              ],
              [
                14166363.85275477,
                4367943.73258097
              ],
              [
                14166364.74852698,
                4367944.1220641
              ],
              [
                14166365.64490729,
                4367944.5101335
              ],
              [
                14166366.5418935,
                4367944.89678819
              ],
              [
                14166367.43948338,
                4367945.28202722
              ],
              [
                14166368.33767473,
                4367945.66584964
              ],
              [
                14166369.23646532,
                4367946.04825451
              ],
              [
                14166370.13585295,
                4367946.42924087
              ],
              [
                14166371.03583538,
                4367946.80880779
              ],
              [
                14166371.93641041,
                4367947.18695434
              ],
              [
                14166372.8375758,
                4367947.56367957
              ],
              [
                14166373.73932934,
                4367947.93898257
              ],
              [
                14166374.64166879,
                4367948.31286239
              ],
              [
                14166375.54459193,
                4367948.68531813
              ],
              [
                14166376.44809654,
                4367949.05634886
              ],
              [
                14166377.35218038,
                4367949.42595366
              ],
              [
                14166378.25684122,
                4367949.79413163
              ],
              [
                14166379.16207683,
                4367950.16088184
              ],
              [
                14166380.06788498,
                4367950.52620341
              ],
              [
                14166380.97426343,
                4367950.89009542
              ],
              [
                14166381.88120994,
                4367951.25255699
              ],
              [
                14166382.78872227,
                4367951.6135872
              ],
              [
                14166383.6967982,
                4367951.97318518
              ],
              [
                14166384.60543547,
                4367952.33135004
              ],
              [
                14166385.51463184,
                4367952.68808089
              ],
              [
                14166386.42438507,
                4367953.04337684
              ],
              [
                14166387.33469292,
                4367953.39723704
              ],
              [
                14166388.24555314,
                4367953.74966059
              ],
              [
                14166389.15696347,
                4367954.10064664
              ],
              [
                14166390.06892167,
                4367954.4501943
              ],
              [
                14166390.9814255,
                4367954.79830273
              ],
              [
                14166391.8944727,
                4367955.14497107
              ],
              [
                14166392.80806101,
                4367955.49019845
              ],
              [
                14166393.72218818,
                4367955.83398402
              ],
              [
                14166394.63685196,
                4367956.17632694
              ],
              [
                14166395.55205008,
                4367956.51722637
              ],
              [
                14166396.4677803,
                4367956.85668145
              ],
              [
                14166397.38404034,
                4367957.19469135
              ],
              [
                14166398.30082796,
                4367957.53125524
              ],
              [
                14166399.21814088,
                4367957.8663723
              ],
              [
                14166400.13597684,
                4367958.20004168
              ],
              [
                14166401.05433359,
                4367958.53226256
              ],
              [
                14166401.97320883,
                4367958.86303413
              ],
              [
                14166402.89260033,
                4367959.19235557
              ],
              [
                14166403.81250581,
                4367959.52022607
              ],
              [
                14166404.73292298,
                4367959.84664482
              ],
              [
                14166405.65384959,
                4367960.17161101
              ],
              [
                14166406.57528336,
                4367960.49512384
              ],
              [
                14166407.49722202,
                4367960.81718251
              ],
              [
                14166408.41966329,
                4367961.13778623
              ],
              [
                14166409.3426049,
                4367961.4569342
              ],
              [
                14166410.26604456,
                4367961.77462564
              ],
              [
                14166411.18998,
                4367962.09085977
              ],
              [
                14166412.11440895,
                4367962.4056358
              ],
              [
                14166413.0393291,
                4367962.71895295
              ],
              [
                14166413.9647382,
                4367963.03081046
              ],
              [
                14166414.89063395,
                4367963.34120755
              ],
              [
                14166415.81701406,
                4367963.65014345
              ],
              [
                14166416.74387626,
                4367963.95761741
              ],
              [
                14166417.67121825,
                4367964.26362867
              ],
              [
                14166418.59903774,
                4367964.56817647
              ],
              [
                14166419.52733245,
                4367964.87126005
              ],
              [
                14166420.45610009,
                4367965.17287868
              ],
              [
                14166421.38533835,
                4367965.4730316
              ],
              [
                14166422.31504496,
                4367965.77171808
              ],
              [
                14166423.24521761,
                4367966.06893737
              ],
              [
                14166424.17585401,
                4367966.36468875
              ],
              [
                14166425.10695186,
                4367966.65897149
              ],
              [
                14166426.03850887,
                4367966.95178485
              ],
              [
                14166426.97052273,
                4367967.24312811
              ],
              [
                14166427.90299116,
                4367967.53300056
              ],
              [
                14166428.83591183,
                4367967.82140149
              ],
              [
                14166429.76928246,
                4367968.10833017
              ],
              [
                14166430.70310074,
                4367968.3937859
              ],
              [
                14166431.63736437,
                4367968.67776798
              ],
              [
                14166432.57207103,
                4367968.96027571
              ],
              [
                14166433.50721843,
                4367969.24130838
              ],
              [
                14166434.44280425,
                4367969.5208653
              ],
              [
                14166435.3788262,
                4367969.79894579
              ],
              [
                14166436.31528194,
                4367970.07554916
              ],
              [
                14166437.25216918,
                4367970.35067472
              ],
              [
                14166438.18948561,
                4367970.6243218
              ],
              [
                14166439.12722891,
                4367970.89648972
              ],
              [
                14166440.06539676,
                4367971.16717781
              ],
              [
                14166441.00398686,
                4367971.43638539
              ],
              [
                14166441.94299688,
                4367971.70411182
              ],
              [
                14166442.88242451,
                4367971.97035642
              ],
              [
                14166443.82226743,
                4367972.23511854
              ],
              [
                14166444.76252332,
                4367972.49839752
              ],
              [
                14166445.70318985,
                4367972.76019272
              ],
              [
                14166446.64426472,
                4367973.02050349
              ],
              [
                14166447.58574559,
                4367973.27932918
              ],
              [
                14166448.52763015,
                4367973.53666916
              ],
              [
                14166449.46991606,
                4367973.7925228
              ],
              [
                14166450.41260101,
                4367974.04688945
              ],
              [
                14166451.35568266,
                4367974.2997685
              ],
              [
                14166452.29915869,
                4367974.55115931
              ],
              [
                14166453.24302678,
                4367974.80106127
              ],
              [
                14166454.18728458,
                4367975.04947377
              ],
              [
                14166455.13192978,
                4367975.29639619
              ],
              [
                14166456.07696004,
                4367975.54182791
              ],
              [
                14166457.02237302,
                4367975.78576833
              ],
              [
                14166457.9681664,
                4367976.02821686
              ],
              [
                14166458.91433784,
                4367976.26917289
              ],
              [
                14166459.86088501,
                4367976.50863582
              ],
              [
                14166460.80780557,
                4367976.74660508
              ],
              [
                14166461.75509718,
                4367976.98308006
              ],
              [
                14166462.70275751,
                4367977.21806019
              ],
              [
                14166463.65078422,
                4367977.45154488
              ],
              [
                14166464.59917496,
                4367977.68353356
              ],
              [
                14166465.5479274,
                4367977.91402567
              ],
              [
                14166466.4970392,
                4367978.14302061
              ],
              [
                14166467.446508,
                4367978.37051784
              ],
              [
                14166468.39633149,
                4367978.5965168
              ],
              [
                14166469.3465073,
                4367978.82101691
              ],
              [
                14166470.29703308,
                4367979.04401764
              ],
              [
                14166471.24790651,
                4367979.26551842
              ],
              [
                14166472.19912522,
                4367979.48551871
              ],
              [
                14166473.15068687,
                4367979.70401798
              ],
              [
                14166474.10258913,
                4367979.92101567
              ],
              [
                14166475.05482962,
                4367980.13651126
              ],
              [
                14166476.00740601,
                4367980.35050421
              ],
              [
                14166476.96031595,
                4367980.562994
              ],
              [
                14166477.91355707,
                4367980.77398009
              ],
              [
                14166478.86712704,
                4367980.98346197
              ],
              [
                14166479.82102349,
                4367981.19143913
              ],
              [
                14166480.77524408,
                4367981.39791104
              ],
              [
                14166481.72978644,
                4367981.6028772
              ],
              [
                14166482.68464823,
                4367981.80633711
              ],
              [
                14166483.63982708,
                4367982.00829025
              ],
              [
                14166484.59532064,
                4367982.20873614
              ],
              [
                14166485.55112656,
                4367982.40767428
              ],
              [
                14166486.50724246,
                4367982.60510417
              ],
              [
                14166487.463666,
                4367982.80102533
              ],
              [
                14166488.42039481,
                4367982.99543728
              ],
              [
                14166489.37742653,
                4367983.18833953
              ],
              [
                14166490.3347588,
                4367983.37973162
              ],
              [
                14166491.29238925,
                4367983.56961305
              ],
              [
                14166492.25031554,
                4367983.75798338
              ],
              [
                14166493.20853527,
                4367983.94484213
              ],
              [
                14166494.16704611,
                4367984.13018885
              ],
              [
                14166495.12584567,
                4367984.31402306
              ],
              [
                14166496.0849316,
                4367984.49634433
              ],
              [
                14166497.04430153,
                4367984.67715221
              ],
              [
                14166498.00395308,
                4367984.85644623
              ],
              [
                14166498.96388389,
                4367985.03422597
              ],
              [
                14166499.9240916,
                4367985.21049098
              ],
              [
                14166500.88457383,
                4367985.38524083
              ],
              [
                14166501.84532822,
                4367985.55847509
              ],
              [
                14166502.80635238,
                4367985.73019333
              ],
              [
                14166503.76764395,
                4367985.90039512
              ],
              [
                14166504.72920056,
                4367986.06908005
              ],
              [
                14166505.69101983,
                4367986.23624769
              ],
              [
                14166506.6530994,
                4367986.40189764
              ],
              [
                14166507.61543688,
                4367986.5660295
              ],
              [
                14166508.57802991,
                4367986.72864284
              ],
              [
                14166509.54087609,
                4367986.88973728
              ],
              [
                14166510.50397307,
                4367987.0493124
              ],
              [
                14166511.46731846,
                4367987.20736783
              ],
              [
                14166512.43090989,
                4367987.36390317
              ],
              [
                14166513.39474498,
                4367987.51891803
              ],
              [
                14166514.35882134,
                4367987.67241204
              ],
              [
                14166515.32313661,
                4367987.8243848
              ],
              [
                14166516.2876884,
                4367987.97483595
              ],
              [
                14166517.25247432,
                4367988.12376512
              ],
              [
                14166518.21749201,
                4367988.27117193
              ],
              [
                14166519.18273907,
                4367988.41705603
              ],
              [
                14166520.14821313,
                4367988.56141705
              ],
              [
                14166521.1139118,
                4367988.70425464
              ],
              [
                14166522.0798327,
                4367988.84556844
              ],
              [
                14166523.04597345,
                4367988.98535811
              ],
              [
                14166524.01233166,
                4367989.12362331
              ],
              [
                14166524.97890495,
                4367989.26036367
              ],
              [
                14166525.94569093,
                4367989.39557889
              ],
              [
                14166526.91268721,
                4367989.52926861
              ],
              [
                14166527.87989142,
                4367989.66143251
              ],
              [
                14166528.84730115,
                4367989.79207026
              ],
              [
                14166529.81491404,
                4367989.92118155
              ],
              [
                14166530.78272767,
                4367990.04876604
              ],
              [
                14166531.75073968,
                4367990.17482343
              ],
              [
                14166532.71894768,
                4367990.29935341
              ],
              [
                14166533.68734926,
                4367990.42235566
              ],
              [
                14166534.65594204,
                4367990.54382989
              ],
              [
                14166535.62472363,
                4367990.66377579
              ],
              [
                14166536.59369164,
                4367990.78219307
              ],
              [
                14166537.56284368,
                4367990.89908144
              ],
              [
                14166538.53217735,
                4367991.0144406
              ],
              [
                14166539.50169028,
                4367991.12827027
              ],
              [
                14166540.47138005,
                4367991.24057019
              ],
              [
                14166541.44124428,
                4367991.35134005
              ],
              [
                14166542.41128058,
                4367991.46057959
              ],
              [
                14166543.38148655,
                4367991.56828855
              ],
              [
                14166544.3518598,
                4367991.67446665
              ],
              [
                14166545.32239793,
                4367991.77911363
              ],
              [
                14166546.29309855,
                4367991.88222924
              ],
              [
                14166547.26395926,
                4367991.98381322
              ],
              [
                14166548.23497767,
                4367992.08386533
              ],
              [
                14166549.20615138,
                4367992.1823853
              ],
              [
                14166550.17747799,
                4367992.27937291
              ],
              [
                14166551.14895511,
                4367992.3748279
              ],
              [
                14166552.12058033,
                4367992.46875006
              ],
              [
                14166553.09235127,
                4367992.56113913
              ],
              [
                14166554.06426552,
                4367992.65199489
              ],
              [
                14166555.03632069,
                4367992.74131714
              ],
              [
                14166556.00851437,
                4367992.82910563
              ],
              [
                14166556.98084416,
                4367992.91536015
              ],
              [
                14166557.95330767,
                4367993.00008049
              ],
              [
                14166558.9259025,
                4367993.08326645
              ],
              [
                14166559.89862625,
                4367993.16491781
              ],
              [
                14166560.87147651,
                4367993.24503438
              ],
              [
                14166561.84445089,
                4367993.32361595
              ],
              [
                14166562.81754698,
                4367993.40066234
              ],
              [
                14166563.79076239,
                4367993.47617336
              ],
              [
                14166564.7640947,
                4367993.5501488
              ],
              [
                14166565.73754153,
                4367993.6225885
              ],
              [
                14166566.71110046,
                4367993.69349228
              ],
              [
                14166567.6847691,
                4367993.76285995
              ],
              [
                14166568.65854503,
                4367993.83069136
              ],
              [
                14166569.63242587,
                4367993.89698633
              ],
              [
                14166570.6064092,
                4367993.96174469
              ],
              [
                14166571.58049262,
                4367994.02496629
              ],
              [
                14166572.55467373,
                4367994.08665098
              ],
              [
                14166573.52895012,
                4367994.14679859
              ],
              [
                14166574.5033194,
                4367994.20540899
              ],
              [
                14166575.47777914,
                4367994.26248202
              ],
              [
                14166576.45232696,
                4367994.31801755
              ],
              [
                14166577.42696044,
                4367994.37201544
              ],
              [
                14166578.40167718,
                4367994.42447555
              ],
              [
                14166579.37647477,
                4367994.47539776
              ],
              [
                14166580.35135081,
                4367994.52478194
              ],
              [
                14166581.32630289,
                4367994.57262796
              ],
              [
                14166582.30132861,
                4367994.61893572
              ],
              [
                14166583.27642556,
                4367994.66370509
              ],
              [
                14166584.25159134,
                4367994.70693597
              ],
              [
                14166585.22682353,
                4367994.74862825
              ],
              [
                14166586.20211973,
                4367994.78878182
              ],
              [
                14166587.17747754,
                4367994.82739659
              ],
              [
                14166588.15289454,
                4367994.86447246
              ],
              [
                14166589.12836833,
                4367994.90000934
              ],
              [
                14166590.10389651,
                4367994.93400714
              ],
              [
                14166591.07947666,
                4367994.96646578
              ],
              [
                14166592.05510637,
                4367994.99738518
              ],
              [
                14166593.03078325,
                4367995.02676526
              ],
              [
                14166594.00650488,
                4367995.05460595
              ],
              [
                14166594.98226885,
                4367995.08090718
              ],
              [
                14166595.95807275,
                4367995.10566889
              ],
              [
                14166596.93391419,
                4367995.12889101
              ],
              [
                14166597.90979075,
                4367995.15057349
              ],
              [
                14166598.88570001,
                4367995.17071627
              ],
              [
                14166599.86163958,
                4367995.1893193
              ],
              [
                14166600.83760704,
                4367995.20638255
              ],
              [
                14166601.81359999,
                4367995.22190596
              ],
              [
                14166602.78961602,
                4367995.23588949
              ],
              [
                14166603.76565271,
                4367995.24833312
              ],
              [
                14166604.74170767,
                4367995.25923681
              ],
              [
                14166605.71777847,
                4367995.26860054
              ],
              [
                14166606.69386272,
                4367995.27642428
              ],
              [
                14166607.669958,
                4367995.28270802
              ],
              [
                14166608.64606191,
                4367995.28745173
              ],
              [
                14166609.62217203,
                4367995.2906554
              ],
              [
                14166610.59828596,
                4367995.29231904
              ],
              [
                14166611.57440129,
                4367995.29244263
              ],
              [
                14166612.55051561,
                4367995.29102617
              ],
              [
                14166613.5266265,
                4367995.28806966
              ],
              [
                14166614.50273157,
                4367995.28357313
              ],
              [
                14166615.47882841,
                4367995.27753656
              ],
              [
                14166616.45491459,
                4367995.26995999
              ],
              [
                14166617.43098772,
                4367995.26084343
              ],
              [
                14166618.40704539,
                4367995.2501869
              ],
              [
                14166619.38308518,
                4367995.23799042
              ],
              [
                14166620.35910469,
                4367995.22425404
              ],
              [
                14166621.33510152,
                4367995.20897778
              ],
              [
                14166622.31107324,
                4367995.19216167
              ],
              [
                14166623.28701746,
                4367995.17380577
              ],
              [
                14166624.26293176,
                4367995.15391011
              ],
              [
                14166625.23881373,
                4367995.13247475
              ],
              [
                14166626.21466099,
                4367995.10949974
              ],
              [
                14166627.19047109,
                4367995.08498512
              ],
              [
                14166628.16624165,
                4367995.05893098
              ],
              [
                14166629.14197025,
                4367995.03133737
              ],
              [
                14166630.11765449,
                4367995.00220435
              ],
              [
                14166631.09329195,
                4367994.97153201
              ],
              [
                14166632.06888023,
                4367994.93932041
              ],
              [
                14166633.04441693,
                4367994.90556963
              ],
              [
                14166634.01989963,
                4367994.87027976
              ],
              [
                14166634.99532593,
                4367994.83345089
              ],
              [
                14166635.97069341,
                4367994.79508311
              ],
              [
                14166636.94599969,
                4367994.75517651
              ],
              [
                14166637.92124234,
                4367994.71373118
              ],
              [
                14166638.89641896,
                4367994.67074724
              ],
              [
                14166639.87152714,
                4367994.62622479
              ],
              [
                14166640.84656448,
                4367994.58016393
              ],
              [
                14166641.82152857,
                4367994.53256478
              ],
              [
                14166642.796417,
                4367994.48342746
              ],
              [
                14166643.77122738,
                4367994.4327521
              ],
              [
                14166644.74595728,
                4367994.3805388
              ],
              [
                14166645.72060431,
                4367994.32678772
              ],
              [
                14166646.69516607,
                4367994.27149897
              ],
              [
                14166647.66964014,
                4367994.2146727
              ],
              [
                14166648.64402413,
                4367994.15630903
              ],
              [
                14166649.61831562,
                4367994.09640813
              ],
              [
                14166650.59251222,
                4367994.03497012
              ],
              [
                14166651.56661151,
                4367993.97199518
              ],
              [
                14166652.5406111,
                4367993.90748345
              ],
              [
                14166653.51450858,
                4367993.84143509
              ],
              [
                14166654.48830156,
                4367993.77385027
              ],
              [
                14166655.46198761,
                4367993.70472915
              ],
              [
                14166656.43556435,
                4367993.6340719
              ],
              [
                14166657.40902937,
                4367993.5618787
              ],
              [
                14166658.38238026,
                4367993.48814972
              ],
              [
                14166659.35561463,
                4367993.41288514
              ],
              [
                14166660.32873008,
                4367993.33608517
              ],
              [
                14166661.30172419,
                4367993.25774997
              ],
              [
                14166662.27459458,
                4367993.17787975
              ],
              [
                14166663.24733883,
                4367993.0964747
              ],
              [
                14166664.21995456,
                4367993.01353503
              ],
              [
                14166665.19243936,
                4367992.92906093
              ],
              [
                14166666.16479082,
                4367992.84305262
              ],
              [
                14166667.13700655,
                4367992.75551031
              ],
              [
                14166668.10908415,
                4367992.66643422
              ],
              [
                14166669.08102123,
                4367992.57582455
              ],
              [
                14166670.05281538,
                4367992.48368155
              ],
              [
                14166671.0244642,
                4367992.39000544
              ],
              [
                14166671.9959653,
                4367992.29479644
              ],
              [
                14166672.96731628,
                4367992.19805479
              ],
              [
                14166673.93851474,
                4367992.09978074
              ],
              [
                14166674.90955829,
                4367991.99997451
              ],
              [
                14166675.88044453,
                4367991.89863637
              ],
              [
                14166676.85117106,
                4367991.79576656
              ],
              [
                14166677.82173548,
                4367991.69136533
              ],
              [
                14166678.79213541,
                4367991.58543295
              ],
              [
                14166679.76236844,
                4367991.47796967
              ],
              [
                14166680.7324322,
                4367991.36897575
              ],
              [
                14166681.70232426,
                4367991.25845148
              ],
              [
                14166682.67204226,
                4367991.14639711
              ],
              [
                14166683.64158378,
                4367991.03281293
              ],
              [
                14166684.61094645,
                4367990.91769922
              ],
              [
                14166685.58012786,
                4367990.80105626
              ],
              [
                14166686.54912563,
                4367990.68288433
              ],
              [
                14166687.51793737,
                4367990.56318374
              ],
              [
                14166688.48656067,
                4367990.44195478
              ],
              [
                14166689.45499317,
                4367990.31919774
              ],
              [
                14166690.42323245,
                4367990.19491293
              ],
              [
                14166691.39127614,
                4367990.06910065
              ],
              [
                14166692.35912185,
                4367989.94176122
              ],
              [
                14166693.32676718,
                4367989.81289495
              ],
              [
                14166694.29420975,
                4367989.68250216
              ],
              [
                14166695.26144717,
                4367989.55058317
              ],
              [
                14166696.22847706,
                4367989.4171383
              ],
              [
                14166697.19529702,
                4367989.28216789
              ],
              [
                14166698.16190467,
                4367989.14567227
              ],
              [
                14166699.12829764,
                4367989.00765177
              ],
              [
                14166700.09447352,
                4367988.86810674
              ],
              [
                14166701.06042994,
                4367988.72703752
              ],
              [
                14166702.02616451,
                4367988.58444446
              ],
              [
                14166702.99167485,
                4367988.4403279
              ],
              [
                14166703.95695859,
                4367988.29468822
              ],
              [
                14166704.92201332,
                4367988.14752576
              ],
              [
                14166705.88683668,
                4367987.99884088
              ],
              [
                14166706.85142628,
                4367987.84863397
              ],
              [
                14166707.81577975,
                4367987.69690538
              ],
              [
                14166708.7798947,
                4367987.54365549
              ],
              [
                14166709.74376875,
                4367987.38888468
              ],
              [
                14166710.70739952,
                4367987.23259333
              ],
              [
                14166711.67078464,
                4367987.07478183
              ],
              [
                14166712.63392174,
                4367986.91545056
              ],
              [
                14166713.59680842,
                4367986.75459992
              ],
              [
                14166714.55944231,
                4367986.59223031
              ],
              [
                14166715.52182106,
                4367986.42834213
              ],
              [
                14166716.48394226,
                4367986.26293579
              ],
              [
                14166717.44580356,
                4367986.09601168
              ],
              [
                14166718.40740257,
                4367985.92757022
              ],
              [
                14166719.36873693,
                4367985.75761183
              ],
              [
                14166720.32980425,
                4367985.58613693
              ],
              [
                14166721.29060219,
                4367985.41314594
              ],
              [
                14166722.25112834,
                4367985.23863929
              ],
              [
                14166723.21138036,
                4367985.0626174
              ],
              [
                14166724.17135587,
                4367984.88508072
              ],
              [
                14166725.1310525,
                4367984.70602968
              ],
              [
                14166726.09046787,
                4367984.52546472
              ],
              [
                14166727.04959963,
                4367984.3433863
              ],
              [
                14166728.00844541,
                4367984.15979485
              ],
              [
                14166728.96700283,
                4367983.97469083
              ],
              [
                14166729.92526955,
                4367983.7880747
              ],
              [
                14166730.88324319,
                4367983.59994692
              ],
              [
                14166731.84092138,
                4367983.41030795
              ],
              [
                14166732.79830176,
                4367983.21915826
              ],
              [
                14166733.75538198,
                4367983.02649833
              ],
              [
                14166734.71215966,
                4367982.83232863
              ],
              [
                14166735.66863245,
                4367982.63664963
              ],
              [
                14166736.62479799,
                4367982.43946182
              ],
              [
                14166737.58065391,
                4367982.24076569
              ],
              [
                14166738.53619787,
                4367982.04056173
              ],
              [
                14166739.49142749,
                4367981.83885043
              ],
              [
                14166740.44634043,
                4367981.63563229
              ],
              [
                14166741.40093432,
                4367981.43090782
              ],
              [
                14166742.35520681,
                4367981.22467751
              ],
              [
                14166743.30915555,
                4367981.01694187
              ],
              [
                14166744.26277818,
                4367980.80770142
              ],
              [
                14166745.21607235,
                4367980.59695668
              ],
              [
                14166746.16903571,
                4367980.38470817
              ],
              [
                14166747.1216659,
                4367980.1709564
              ],
              [
                14166748.07396057,
                4367979.95570191
              ],
              [
                14166749.02591737,
                4367979.73894523
              ],
              [
                14166749.97753396,
                4367979.52068689
              ],
              [
                14166750.92880798,
                4367979.30092744
              ],
              [
                14166751.8797371,
                4367979.0796674
              ],
              [
                14166752.83031895,
                4367978.85690734
              ],
              [
                14166753.7805512,
                4367978.6326478
              ],
              [
                14166754.7304315,
                4367978.40688933
              ],
              [
                14166755.6799575,
                4367978.17963249
              ],
              [
                14166756.62912687,
                4367977.95087785
              ],
              [
                14166757.57793726,
                4367977.72062596
              ],
              [
                14166758.52638633,
                4367977.48887739
              ],
              [
                14166759.47447173,
                4367977.25563272
              ],
              [
                14166760.42219114,
                4367977.02089253
              ],
              [
                14166761.3695422,
                4367976.78465738
              ],
              [
                14166762.31652259,
                4367976.54692788
              ],
              [
                14166763.26312996,
                4367976.30770459
              ],
              [
                14166764.20936198,
                4367976.06698811
              ],
              [
                14166765.15521632,
                4367975.82477904
              ],
              [
                14166766.10069064,
                4367975.58107798
              ],
              [
                14166767.0457826,
                4367975.33588552
              ],
              [
                14166767.99048988,
                4367975.08920227
              ],
              [
                14166768.93481014,
                4367974.84102884
              ],
              [
                14166769.87874105,
                4367974.59136584
              ],
              [
                14166770.82228029,
                4367974.34021389
              ],
              [
                14166771.76542551,
                4367974.08757361
              ],
              [
                14166772.70817442,
                4367973.83344563
              ],
              [
                14166773.65052466,
                4367973.57783056
              ],
              [
                14166774.59247391,
                4367973.32072904
              ],
              [
                14166775.53401986,
                4367973.0621417
              ],
              [
                14166776.47516017,
                4367972.80206919
              ],
              [
                14166777.41589253,
                4367972.54051214
              ],
              [
                14166778.35621461,
                4367972.27747121
              ],
              [
                14166779.29612409,
                4367972.01294703
              ],
              [
                14166780.23561866,
                4367971.74694026
              ],
              [
                14166781.17469599,
                4367971.47945157
              ],
              [
                14166782.11335377,
                4367971.2104816
              ],
              [
                14166783.05158968,
                4367970.94003103
              ],
              [
                14166783.98940141,
                4367970.66810052
              ],
              [
                14166784.92678664,
                4367970.39469074
              ],
              [
                14166785.86374305,
                4367970.11980236
              ],
              [
                14166786.80026834,
                4367969.84343608
              ],
              [
                14166787.7363602,
                4367969.56559255
              ],
              [
                14166788.67201631,
                4367969.28627248
              ],
              [
                14166789.60723436,
                4367969.00547656
              ],
              [
                14166790.54201206,
                4367968.72320547
              ],
              [
                14166791.47634709,
                4367968.43945991
              ],
              [
                14166792.41023713,
                4367968.15424059
              ],
              [
                14166793.3436799,
                4367967.8675482
              ],
              [
                14166794.27667309,
                4367967.57938345
              ],
              [
                14166795.20921439,
                4367967.28974707
              ],
              [
                14166796.14130151,
                4367966.99863975
              ],
              [
                14166797.07293214,
                4367966.70606221
              ],
              [
                14166798.00410398,
                4367966.4120152
              ],
              [
                14166798.93481474,
                4367966.11649941
              ],
              [
                14166799.86506212,
                4367965.8195156
              ],
              [
                14166800.79484382,
                4367965.52106448
              ],
              [
                14166801.72415755,
                4367965.2211468
              ],
              [
                14166802.65300101,
                4367964.9197633
              ],
              [
                14166803.58137193,
                4367964.61691471
              ],
              [
                14166804.50926799,
                4367964.3126018
              ],
              [
                14166805.43668692,
                4367964.0068253
              ],
              [
                14166806.36362642,
                4367963.69958597
              ],
              [
                14166807.29008421,
                4367963.39088458
              ],
              [
                14166808.21605799,
                4367963.08072188
              ],
              [
                14166809.1415455,
                4367962.76909864
              ],
              [
                14166810.06654443,
                4367962.45601563
              ],
              [
                14166810.99105251,
                4367962.14147361
              ],
              [
                14166811.91506747,
                4367961.82547338
              ],
              [
                14166812.83858701,
                4367961.5080157
              ],
              [
                14166813.76160885,
                4367961.18910137
              ],
              [
                14166814.68413073,
                4367960.86873116
              ],
              [
                14166815.60615036,
                4367960.54690587
              ],
              [
                14166816.52766547,
                4367960.2236263
              ],
              [
                14166817.44867378,
                4367959.89889323
              ],
              [
                14166818.36917303,
                4367959.57270747
              ],
              [
                14166819.28916093,
                4367959.24506984
              ],
              [
                14166820.20863523,
                4367958.91598113
              ],
              [
                14166821.12759364,
                4367958.58544216
              ],
              [
                14166822.04603391,
                4367958.25345375
              ],
              [
                14166822.96395376,
                4367957.92001671
              ],
              [
                14166823.88135094,
                4367957.58513186
              ],
              [
                14166824.79822318,
                4367957.24880004
              ],
              [
                14166825.7145682,
                4367956.91102207
              ],
              [
                14166826.63038376,
                4367956.57179879
              ],
              [
                14166827.5456676,
                4367956.23113103
              ],
              [
                14166828.46041745,
                4367955.88901964
              ],
              [
                14166829.37463106,
                4367955.54546545
              ],
              [
                14166830.28830616,
                4367955.20046933
              ],
              [
                14166831.20144051,
                4367954.85403212
              ],
              [
                14166832.11403187,
                4367954.50615467
              ],
              [
                14166833.02607795,
                4367954.15683784
              ],
              [
                14166833.93757653,
                4367953.80608249
              ],
              [
                14166834.84852535,
                4367953.45388951
              ],
              [
                14166835.75892217,
                4367953.10025973
              ],
              [
                14166836.66876473,
                4367952.74519405
              ],
              [
                14166837.57805079,
                4367952.38869335
              ],
              [
                14166838.4867781,
                4367952.03075848
              ],
              [
                14166839.39494444,
                4367951.67139035
              ],
              [
                14166840.30254754,
                4367951.31058985
              ],
              [
                14166841.20958519,
                4367950.94835785
              ],
              [
                14166842.11605512,
                4367950.58469525
              ],
              [
                14166843.02195512,
                4367950.21960296
              ],
              [
                14166843.92728293,
                4367949.85308187
              ],
              [
                14166844.83203634,
                4367949.48513289
              ],
              [
                14166845.7362131,
                4367949.11575693
              ],
              [
                14166846.639811,
                4367948.74495488
              ],
              [
                14166847.54282778,
                4367948.37272769
              ],
              [
                14166848.44526123,
                4367947.99907625
              ],
              [
                14166849.34710912,
                4367947.6240015
              ],
              [
                14166850.24836923,
                4367947.24750436
              ],
              [
                14166851.14903932,
                4367946.86958576
              ],
              [
                14166852.04911719,
                4367946.49024662
              ],
              [
                14166852.9486006,
                4367946.1094879
              ],
              [
                14166853.84748733,
                4367945.72731053
              ],
              [
                14166854.74577518,
                4367945.34371544
              ],
              [
                14166855.64346192,
                4367944.95870359
              ],
              [
                14166856.54054533,
                4367944.57227593
              ],
              [
                14166857.43702321,
                4367944.18443341
              ],
              [
                14166858.33289333,
                4367943.79517699
              ],
              [
                14166859.2281535,
                4367943.40450763
              ],
              [
                14166860.1228015,
                4367943.01242629
              ],
              [
                14166861.01683512,
                4367942.61893395
              ],
              [
                14166861.91025216,
                4367942.22403156
              ],
              [
                14166862.80305041,
                4367941.82772012
              ],
              [
                14166863.69522767,
                4367941.43000059
              ],
              [
                14166864.58678174,
                4367941.03087396
              ],
              [
                14166865.47771041,
                4367940.63034121
              ],
              [
                14166866.36801149,
                4367940.22840332
              ],
              [
                14166867.25768278,
                4367939.82506131
              ],
              [
                14166868.1467221,
                4367939.42031615
              ],
              [
                14166869.03512723,
                4367939.01416885
              ],
              [
                14166869.92289599,
                4367938.60662041
              ],
              [
                14166870.81002619,
                4367938.19767183
              ],
              [
                14166871.69651564,
                4367937.78732414
              ],
              [
                14166872.58236216,
                4367937.37557833
              ],
              [
                14166873.46756354,
                4367936.96243542
              ],
              [
                14166874.35211763,
                4367936.54789643
              ],
              [
                14166875.23602221,
                4367936.1319624
              ],
              [
                14166876.11927514,
                4367935.71463434
              ],
              [
                14166877.0018742,
                4367935.29591328
              ],
              [
                14166877.88381724,
                4367934.87580026
              ],
              [
                14166878.76510207,
                4367934.45429631
              ],
              [
                14166879.64572652,
                4367934.03140248
              ],
              [
                14166880.52568841,
                4367933.60711981
              ],
              [
                14166881.40498558,
                4367933.18144934
              ],
              [
                14166882.28361586,
                4367932.75439212
              ],
              [
                14166883.16157707,
                4367932.32594922
              ],
              [
                14166884.03886705,
                4367931.89612168
              ],
              [
                14166884.91548364,
                4367931.46491058
              ],
              [
                14166885.79142467,
                4367931.03231697
              ],
              [
                14166886.66668797,
                4367930.59834191
              ],
              [
                14166887.5412714,
                4367930.16298649
              ],
              [
                14166888.4151728,
                4367929.72625178
              ],
              [
                14166889.28838999,
                4367929.28813885
              ],
              [
                14166890.16092084,
                4367928.84864878
              ],
              [
                14166891.03276319,
                4367928.40778267
              ],
              [
                14166891.90391488,
                4367927.96554159
              ],
              [
                14166892.77437377,
                4367927.52192664
              ],
              [
                14166893.64413771,
                4367927.07693892
              ],
              [
                14166894.51320454,
                4367926.63057952
              ],
              [
                14166895.38157214,
                4367926.18284954
              ],
              [
                14166896.24923835,
                4367925.7337501
              ],
              [
                14166897.11620104,
                4367925.28328229
              ],
              [
                14166897.98245806,
                4367924.83144723
              ],
              [
                14166898.84800728,
                4367924.37824604
              ],
              [
                14166899.71284656,
                4367923.92367983
              ],
              [
                14166900.57697376,
                4367923.46774973
              ],
              [
                14166901.44038676,
                4367923.01045686
              ],
              [
                14166902.30308342,
                4367922.55180235
              ],
              [
                14166903.16506162,
                4367922.09178733
              ],
              [
                14166904.02631922,
                4367921.63041294
              ],
              [
                14166904.88685411,
                4367921.16768031
              ],
              [
                14166905.74666416,
                4367920.70359059
              ],
              [
                14166906.60574724,
                4367920.23814493
              ],
              [
                14166907.46410124,
                4367919.77134447
              ],
              [
                14166908.32172404,
                4367919.30319035
              ],
              [
                14166909.17861352,
                4367918.83368376
              ],
              [
                14166910.03476757,
                4367918.36282583
              ],
              [
                14166910.89018407,
                4367917.89061773
              ],
              [
                14166911.74486092,
                4367917.41706063
              ],
              [
                14166912.59879601,
                4367916.94215568
              ],
              [
                14166913.45198722,
                4367916.46590409
              ],
              [
                14166914.30443246,
                4367915.988307
              ],
              [
                14166915.15612961,
                4367915.5093656
              ],
              [
                14166916.00707659,
                4367915.02908108
              ],
              [
                14166916.85727128,
                4367914.54745461
              ],
              [
                14166917.70671159,
                4367914.0644874
              ],
              [
                14166918.55539543,
                4367913.58018062
              ],
              [
                14166919.40332069,
                4367913.09453548
              ],
              [
                14166920.2504853,
                4367912.60755317
              ],
              [
                14166921.09688715,
                4367912.1192349
              ],
              [
                14166921.94252415,
                4367911.62958187
              ],
              [
                14166922.78739423,
                4367911.13859528
              ],
              [
                14166923.63149529,
                4367910.64627637
              ],
              [
                14166924.47482526,
                4367910.15262632
              ],
              [
                14166925.31738205,
                4367909.65764637
              ],
              [
                14166926.15916359,
                4367909.16133773
              ],
              [
                14166927.00016779,
                4367908.66370164
              ],
              [
                14166927.84039257,
                4367908.16473932
              ],
              [
                14166928.67983588,
                4367907.664452
              ],
              [
                14166929.51849564,
                4367907.16284091
              ],
              [
                14166930.35636977,
                4367906.6599073
              ],
              [
                14166931.19345621,
                4367906.15565241
              ],
              [
                14166932.02975289,
                4367905.65007747
              ],
              [
                14166932.86525775,
                4367905.14318374
              ],
              [
                14166933.69996873,
                4367904.63497247
              ],
              [
                14166934.53388377,
                4367904.12544491
              ],
              [
                14166935.36700081,
                4367903.61460233
              ],
              [
                14166936.19931779,
                4367903.10244597
              ],
              [
                14166937.03083266,
                4367902.58897711
              ],
              [
                14166937.86154337,
                4367902.07419701
              ],
              [
                14166938.69144787,
                4367901.55810695
              ],
              [
                14166939.52054411,
                4367901.0407082
              ],
              [
                14166940.34883005,
                4367900.52200202
              ],
              [
                14166941.17630364,
                4367900.00198971
              ],
              [
                14166942.00296283,
                4367899.48067255
              ],
              [
                14166942.8288056,
                4367898.95805183
              ],
              [
                14166943.6538299,
                4367898.43412882
              ],
              [
                14166944.47803369,
                4367897.90890484
              ],
              [
                14166945.30141495,
                4367897.38238117
              ],
              [
                14166946.12397163,
                4367896.85455911
              ],
              [
                14166946.94570172,
                4367896.32543997
              ],
              [
                14166947.76660318,
                4367895.79502505
              ],
              [
                14166948.58667398,
                4367895.26331567
              ],
              [
                14166949.40591211,
                4367894.73031312
              ],
              [
                14166950.22431554,
                4367894.19601874
              ],
              [
                14166951.04188225,
                4367893.66043383
              ],
              [
                14166951.85861023,
                4367893.12355972
              ],
              [
                14166952.67449746,
                4367892.58539774
              ],
              [
                14166953.48954192,
                4367892.04594921
              ],
              [
                14166954.3037416,
                4367891.50521546
              ],
              [
                14166955.11709451,
                4367890.96319783
              ],
              [
                14166955.92959862,
                4367890.41989766
              ],
              [
                14166956.74125194,
                4367889.87531629
              ],
              [
                14166957.55205246,
                4367889.32945506
              ],
              [
                14166958.36199817,
                4367888.78231531
              ],
              [
                14166959.17108709,
                4367888.23389841
              ],
              [
                14166959.97931722,
                4367887.6842057
              ],
              [
                14166960.78668655,
                4367887.13323854
              ],
              [
                14166961.59319311,
                4367886.58099828
              ],
              [
                14166962.39883488,
                4367886.0274863
              ],
              [
                14166963.20360991,
                4367885.47270396
              ],
              [
                14166964.00751619,
                4367884.91665263
              ],
              [
                14166964.81055173,
                4367884.35933368
              ],
              [
                14166965.61271457,
                4367883.80074848
              ],
              [
                14166966.41400272,
                4367883.24089841
              ],
              [
                14166967.2144142,
                4367882.67978487
              ],
              [
                14166968.01394703,
                4367882.11740922
              ],
              [
                14166968.81259925,
                4367881.55377286
              ],
              [
                14166969.61036889,
                4367880.98887719
              ],
              [
                14166970.40725397,
                4367880.42272358
              ],
              [
                14166971.20325253,
                4367879.85531345
              ],
              [
                14166971.9983626,
                4367879.28664819
              ],
              [
                14166972.79258223,
                4367878.71672921
              ],
              [
                14166973.58590945,
                4367878.1455579
              ],
              [
                14166974.37834231,
                4367877.57313569
              ],
              [
                14166975.16987884,
                4367876.99946399
              ],
              [
                14166975.9605171,
                4367876.4245442
              ],
              [
                14166976.75025514,
                4367875.84837776
              ],
              [
                14166977.53909101,
                4367875.27096607
              ],
              [
                14166978.32702275,
                4367874.69231057
              ],
              [
                14166979.11404843,
                4367874.11241269
              ],
              [
                14166979.90016611,
                4367873.53127386
              ],
              [
                14166980.68537384,
                4367872.9488955
              ],
              [
                14166981.46966969,
                4367872.36527906
              ],
              [
                14166982.25305172,
                4367871.78042598
              ],
              [
                14166983.035518,
                4367871.1943377
              ],
              [
                14166983.8170666,
                4367870.60701567
              ],
              [
                14166984.59769558,
                4367870.01846133
              ],
              [
                14166985.37740303,
                4367869.42867615
              ],
              [
                14166986.15618702,
                4367868.83766158
              ],
              [
                14166986.93404562,
                4367868.24541906
              ],
              [
                14166987.71097693,
                4367867.65195007
              ],
              [
                14166988.48697901,
                4367867.05725608
              ],
              [
                14166989.26204996,
                4367866.46133854
              ],
              [
                14166990.03618786,
                4367865.86419893
              ],
              [
                14166990.80939081,
                4367865.26583873
              ],
              [
                14166991.58165689,
                4367864.6662594
              ],
              [
                14166992.35298421,
                4367864.06546244
              ],
              [
                14166993.12337084,
                4367863.46344932
              ],
              [
                14166993.89281491,
                4367862.86022153
              ],
              [
                14166994.6613145,
                4367862.25578055
              ],
              [
                14166995.42886773,
                4367861.65012789
              ],
              [
                14166996.19547269,
                4367861.04326502
              ],
              [
                14166996.96112749,
                4367860.43519346
              ],
              [
                14166997.72583025,
                4367859.8259147
              ],
              [
                14166998.48957908,
                4367859.21543025
              ],
              [
                14166999.25237209,
                4367858.60374161
              ],
              [
                14167000.01420741,
                4367857.99085029
              ],
              [
                14167000.77508314,
                4367857.37675781
              ],
              [
                14167001.53499743,
                4367856.76146568
              ],
              [
                14167002.29394838,
                4367856.14497542
              ],
              [
                14167003.05193413,
                4367855.52728855
              ],
              [
                14167003.80895281,
                4367854.9084066
              ],
              [
                14167004.56500254,
                4367854.28833108
              ],
              [
                14167005.32008147,
                4367853.66706354
              ],
              [
                14167006.07418773,
                4367853.04460551
              ],
              [
                14167006.82731946,
                4367852.42095852
              ],
              [
                14167007.57947479,
                4367851.79612412
              ],
              [
                14167008.33065188,
                4367851.17010383
              ],
              [
                14167009.08084888,
                4367850.54289922
              ],
              [
                14167009.83006392,
                4367849.91451182
              ],
              [
                14167010.57829517,
                4367849.2849432
              ],
              [
                14167011.32554077,
                4367848.65419489
              ],
              [
                14167012.07179889,
                4367848.02226846
              ],
              [
                14167012.81706766,
                4367847.38916547
              ],
              [
                14167013.56134528,
                4367846.75488749
              ],
              [
                14167014.30462989,
                4367846.11943606
              ],
              [
                14167015.04691965,
                4367845.48281278
              ],
              [
                14167015.78821276,
                4367844.8450192
              ],
              [
                14167016.52850735,
                4367844.2060569
              ],
              [
                14167017.26780163,
                4367843.56592745
              ],
              [
                14167018.00609375,
                4367842.92463244
              ],
              [
                14167018.74338189,
                4367842.28217346
              ],
              [
                14167019.47966425,
                4367841.63855207
              ],
              [
                14167020.214939,
                4367840.99376988
              ],
              [
                14167020.94920431,
                4367840.34782848
              ],
              [
                14167021.6824584,
                4367839.70072945
              ],
              [
                14167022.41469945,
                4367839.05247441
              ],
              [
                14167023.14592564,
                4367838.40306493
              ],
              [
                14167023.87613518,
                4367837.75250264
              ],
              [
                14167024.60532627,
                4367837.10078913
              ],
              [
                14167025.33349709,
                4367836.44792601
              ],
              [
                14167026.06064586,
                4367835.7939149
              ],
              [
                14167026.78677078,
                4367835.13875741
              ],
              [
                14167027.51187007,
                4367834.48245515
              ],
              [
                14167028.23594193,
                4367833.82500974
              ],
              [
                14167028.95898458,
                4367833.16642282
              ],
              [
                14167029.68099622,
                4367832.506696
              ],
              [
                14167030.40197509,
                4367831.84583091
              ],
              [
                14167031.12191939,
                4367831.18382918
              ],
              [
                14167031.84082736,
                4367830.52069245
              ],
              [
                14167032.55869722,
                4367829.85642235
              ],
              [
                14167033.2755272,
                4367829.19102052
              ],
              [
                14167033.99131553,
                4367828.52448861
              ],
              [
                14167034.70606045,
                4367827.85682826
              ],
              [
                14167035.41976018,
                4367827.18804111
              ],
              [
                14167036.13241298,
                4367826.51812882
              ],
              [
                14167036.84401707,
                4367825.84709305
              ],
              [
                14167037.55457071,
                4367825.17493544
              ],
              [
                14167038.26407214,
                4367824.50165766
              ],
              [
                14167038.97251962,
                4367823.82726137
              ],
              [
                14167039.67991139,
                4367823.15174823
              ],
              [
                14167040.38624571,
                4367822.4751199
              ],
              [
                14167041.09152083,
                4367821.79737807
              ],
              [
                14167041.79573501,
                4367821.1185244
              ],
              [
                14167042.49888653,
                4367820.43856057
              ],
              [
                14167043.20097363,
                4367819.75748825
              ],
              [
                14167043.9019946,
                4367819.07530913
              ],
              [
                14167044.6019477,
                4367818.39202489
              ],
              [
                14167045.3008312,
                4367817.70763722
              ],
              [
                14167045.99864338,
                4367817.02214781
              ],
              [
                14167046.69538251,
                4367816.33555834
              ],
              [
                14167047.39104689,
                4367815.64787051
              ],
              [
                14167048.08563478,
                4367814.95908602
              ],
              [
                14167048.77914448,
                4367814.26920657
              ],
              [
                14167049.47157428,
                4367813.57823387
              ],
              [
                14167050.16292247,
                4367812.88616961
              ],
              [
                14167050.85318734,
                4367812.1930155
              ],
              [
                14167051.54236718,
                4367811.49877326
              ],
              [
                14167052.23046031,
                4367810.80344461
              ],
              [
                14167052.91746501,
                4367810.10703124
              ],
              [
                14167053.60337961,
                4367809.40953489
              ],
              [
                14167054.28820239,
                4367808.71095728
              ],
              [
                14167054.97193168,
                4367808.01130012
              ],
              [
                14167055.65456578,
                4367807.31056516
              ],
              [
                14167056.33610302,
                4367806.60875411
              ],
              [
                14167057.01654171,
                4367805.9058687
              ],
              [
                14167057.69588017,
                4367805.20191068
              ],
              [
                14167058.37411672,
                4367804.49688178
              ],
              [
                14167059.0512497,
                4367803.79078374
              ],
              [
                14167059.72727742,
                4367803.0836183
              ],
              [
                14167060.40219823,
                4367802.37538721
              ],
              [
                14167061.07601046,
                4367801.66609221
              ],
              [
                14167061.74871244,
                4367800.95573506
              ],
              [
                14167062.42030252,
                4367800.24431751
              ],
              [
                14167063.09077904,
                4367799.53184132
              ],
              [
                14167063.76014033,
                4367798.81830824
              ],
              [
                14167064.42838477,
                4367798.10372003
              ],
              [
                14167065.09551068,
                4367797.38807847
              ],
              [
                14167065.76151644,
                4367796.67138531
              ],
              [
                14167066.42640039,
                4367795.95364231
              ],
              [
                14167067.09016089,
                4367795.23485127
              ],
              [
                14167067.75279631,
                4367794.51501394
              ],
              [
                14167068.41430501,
                4367793.79413211
              ],
              [
                14167069.07468535,
                4367793.07220755
              ],
              [
                14167069.73393572,
                4367792.34924205
              ],
              [
                14167070.39205448,
                4367791.62523739
              ],
              [
                14167071.04904001,
                4367790.90019536
              ],
              [
                14167071.70489069,
                4367790.17411774
              ],
              [
                14167072.3596049,
                4367789.44700633
              ],
              [
                14167073.01318102,
                4367788.71886292
              ],
              [
                14167073.66561745,
                4367787.98968932
              ],
              [
                14167074.31691256,
                4367787.25948731
              ],
              [
                14167074.96706477,
                4367786.5282587
              ],
              [
                14167075.61607245,
                4367785.7960053
              ],
              [
                14167076.26393401,
                4367785.06272891
              ],
              [
                14167076.91064786,
                4367784.32843135
              ],
              [
                14167077.55621239,
                4367783.59311442
              ],
              [
                14167078.20062601,
                4367782.85677994
              ],
              [
                14167078.84388713,
                4367782.11942973
              ],
              [
                14167079.48599417,
                4367781.38106561
              ],
              [
                14167080.12694555,
                4367780.6416894
              ],
              [
                14167080.76673967,
                4367779.90130292
              ],
              [
                14167081.40537496,
                4367779.159908
              ],
              [
                14167082.04284985,
                4367778.41750647
              ],
              [
                14167082.67916277,
                4367777.67410017
              ],
              [
                14167083.31431213,
                4367776.92969092
              ],
              [
                14167083.94829638,
                4367776.18428057
              ],
              [
                14167084.58111395,
                4367775.43787095
              ],
              [
                14167085.21276329,
                4367774.69046391
              ],
              [
                14167085.84324282,
                4367773.94206129
              ],
              [
                14167086.472551,
                4367773.19266494
              ],
              [
                14167087.10068628,
                4367772.44227671
              ],
              [
                14167087.72764709,
                4367771.69089844
              ],
              [
                14167088.35343191,
                4367770.93853201
              ],
              [
                14167088.97803917,
                4367770.18517925
              ],
              [
                14167089.60146736,
                4367769.43084203
              ],
              [
                14167090.22371491,
                4367768.67552222
              ],
              [
                14167090.8447803,
                4367767.91922167
              ],
              [
                14167091.46466199,
                4367767.16194225
              ],
              [
                14167092.08335847,
                4367766.40368584
              ],
              [
                14167092.70086819,
                4367765.6444543
              ],
              [
                14167093.31718964,
                4367764.8842495
              ],
              [
                14167093.9323213,
                4367764.12307333
              ],
              [
                14167094.54626164,
                4367763.36092765
              ],
              [
                14167095.15900916,
                4367762.59781436
              ],
              [
                14167095.77056234,
                4367761.83373534
              ],
              [
                14167096.38091967,
                4367761.06869247
              ],
              [
                14167096.99007965,
                4367760.30268763
              ],
              [
                14167097.59804077,
                4367759.53572272
              ],
              [
                14167098.20480154,
                4367758.76779964
              ],
              [
                14167098.81036045,
                4367757.99892028
              ],
              [
                14167099.41471602,
                4367757.22908653
              ],
              [
                14167100.01786674,
                4367756.4583003
              ],
              [
                14167100.61981114,
                4367755.68656348
              ],
              [
                14167101.22054774,
                4367754.91387798
              ],
              [
                14167101.82007503,
                4367754.14024572
              ],
              [
                14167102.41839156,
                4367753.36566859
              ],
              [
                14167103.01549583,
                4367752.59014851
              ],
              [
                14167103.61138638,
                4367751.8136874
              ],
              [
                14167104.20606174,
                4367751.03628716
              ],
              [
                14167104.79952044,
                4367750.25794973
              ],
              [
                14167105.39176101,
                4367749.47867701
              ],
              [
                14167105.98278201,
                4367748.69847093
              ],
              [
                14167106.57258195,
                4367747.91733343
              ],
              [
                14167107.1611594,
                4367747.13526642
              ],
              [
                14167107.7485129,
                4367746.35227183
              ],
              [
                14167108.334641,
                4367745.5683516
              ],
              [
                14167108.91954225,
                4367744.78350767
              ],
              [
                14167109.50321522,
                4367743.99774196
              ],
              [
                14167110.08565846,
                4367743.21105643
              ],
              [
                14167110.66687052,
                4367742.423453
              ],
              [
                14167111.24684999,
                4367741.63493363
              ],
              [
                14167111.82559543,
                4367740.84550026
              ],
              [
                14167112.40310542,
                4367740.05515484
              ],
              [
                14167112.97937851,
                4367739.26389932
              ],
              [
                14167113.5544133,
                4367738.47173565
              ],
              [
                14167114.12820837,
                4367737.67866578
              ],
              [
                14167114.7007623,
                4367736.88469168
              ],
              [
                14167115.27207368,
                4367736.0898153
              ],
              [
                14167115.84214109,
                4367735.29403861
              ],
              [
                14167116.41096314,
                4367734.49736357
              ],
              [
                14167116.97853842,
                4367733.69979214
              ],
              [
                14167117.54486552,
                4367732.90132629
              ],
              [
                14167118.10994305,
                4367732.101968
              ],
              [
                14167118.67376962,
                4367731.30171923
              ],
              [
                14167119.23634384,
                4367730.50058197
              ],
              [
                14167119.79766432,
                4367729.69855819
              ],
              [
                14167120.35772966,
                4367728.89564986
              ],
              [
                14167120.9165385,
                4367728.09185897
              ],
              [
                14167121.47408946,
                4367727.28718751
              ],
              [
                14167122.03038114,
                4367726.48163746
              ],
              [
                14167122.5854122,
                4367725.6752108
              ],
              [
                14167123.13918124,
                4367724.86790952
              ],
              [
                14167123.69168692,
                4367724.05973563
              ],
              [
                14167124.24292787,
                4367723.25069112
              ],
              [
                14167124.79290271,
                4367722.44077797
              ],
              [
                14167125.34161011,
                4367721.62999819
              ],
              [
                14167125.8890487,
                4367720.81835378
              ],
              [
                14167126.43521714,
                4367720.00584675
              ],
              [
                14167126.98011408,
                4367719.1924791
              ],
              [
                14167127.52373816,
                4367718.37825282
              ],
              [
                14167128.06608806,
                4367717.56316995
              ],
              [
                14167128.60716244,
                4367716.74723248
              ],
              [
                14167129.14695995,
                4367715.93044243
              ],
              [
                14167129.68547927,
                4367715.11280182
              ],
              [
                14167130.22271907,
                4367714.29431266
              ],
              [
                14167130.75867802,
                4367713.47497698
              ],
              [
                14167131.2933548,
                4367712.65479679
              ],
              [
                14167131.82674809,
                4367711.83377412
              ],
              [
                14167132.35885658,
                4367711.011911
              ],
              [
                14167132.88967896,
                4367710.18920945
              ],
              [
                14167133.4192139,
                4367709.36567151
              ],
              [
                14167133.94746011,
                4367708.5412992
              ],
              [
                14167134.47441629,
                4367707.71609456
              ],
              [
                14167135.00008113,
                4367706.89005964
              ],
              [
                14167135.52445334,
                4367706.06319646
              ],
              [
                14167136.04753162,
                4367705.23550707
              ],
              [
                14167136.56931468,
                4367704.4069935
              ],
              [
                14167137.08980124,
                4367703.57765781
              ],
              [
                14167137.60899001,
                4367702.74750204
              ],
              [
                14167138.12687971,
                4367701.91652825
              ],
              [
                14167138.64346907,
                4367701.08473847
              ],
              [
                14167139.1587568,
                4367700.25213476
              ],
              [
                14167139.67274164,
                4367699.41871919
              ],
              [
                14167140.18542232,
                4367698.58449379
              ],
              [
                14167140.69679757,
                4367697.74946065
              ],
              [
                14167141.20686614,
                4367696.9136218
              ],
              [
                14167141.71562676,
                4367696.07697932
              ],
              [
                14167142.22307818,
                4367695.23953528
              ],
              [
                14167142.72921915,
                4367694.40129173
              ],
              [
                14167143.23404841,
                4367693.56225075
              ],
              [
                14167143.73756473,
                4367692.72241441
              ],
              [
                14167144.23976686,
                4367691.88178478
              ],
              [
                14167144.74065357,
                4367691.04036392
              ],
              [
                14167145.24022361,
                4367690.19815394
              ],
              [
                14167145.73847575,
                4367689.3551569
              ],
              [
                14167146.23540877,
                4367688.51137486
              ],
              [
                14167146.73102144,
                4367687.66680994
              ],
              [
                14167147.22531253,
                4367686.8214642
              ],
              [
                14167147.71828083,
                4367685.97533974
              ],
              [
                14167148.20992512,
                4367685.12843863
              ],
              [
                14167148.70024419,
                4367684.28076298
              ],
              [
                14167149.18923683,
                4367683.43231487
              ],
              [
                14167149.67690183,
                4367682.58309639
              ],
              [
                14167150.16323799,
                4367681.73310965
              ],
              [
                14167150.64824411,
                4367680.88235674
              ],
              [
                14167151.13191899,
                4367680.03083975
              ],
              [
                14167151.61426144,
                4367679.1785608
              ],
              [
                14167152.09527027,
                4367678.32552198
              ],
              [
                14167152.57494429,
                4367677.4717254
              ],
              [
                14167153.05328232,
                4367676.61717317
              ],
              [
                14167153.53028318,
                4367675.7618674
              ],
              [
                14167154.00594569,
                4367674.90581019
              ],
              [
                14167154.48026869,
                4367674.04900365
              ],
              [
                14167154.95325099,
                4367673.19144991
              ],
              [
                14167155.42489144,
                4367672.33315108
              ],
              [
                14167155.89518886,
                4367671.47410928
              ],
              [
                14167156.3641421,
                4367670.61432662
              ],
              [
                14167156.83175001,
                4367669.75380523
              ],
              [
                14167157.29801142,
                4367668.89254724
              ],
              [
                14167157.76292519,
                4367668.03055476
              ],
              [
                14167158.22649017,
                4367667.16782993
              ],
              [
                14167158.68870522,
                4367666.30437487
              ],
              [
                14167159.1495692,
                4367665.44019172
              ],
              [
                14167159.60908097,
                4367664.57528261
              ],
              [
                14167160.06723939,
                4367663.70964967
              ],
              [
                14167160.52404334,
                4367662.84329504
              ],
              [
                14167160.97949169,
                4367661.97622085
              ],
              [
                14167161.43358332,
                4367661.10842925
              ],
              [
                14167161.8863171,
                4367660.23992237
              ],
              [
                14167162.33769192,
                4367659.37070238
              ],
              [
                14167162.78770667,
                4367658.50077139
              ],
              [
                14167163.23636023,
                4367657.63013157
              ],
              [
                14167163.6836515,
                4367656.75878506
              ],
              [
                14167164.12957938,
                4367655.88673401
              ],
              [
                14167164.57414276,
                4367655.01398058
              ],
              [
                14167165.01734056,
                4367654.14052691
              ],
              [
                14167165.45917166,
                4367653.26637516
              ],
              [
                14167165.899635,
                4367652.3915275
              ],
              [
                14167166.33872946,
                4367651.51598607
              ],
              [
                14167166.77645399,
                4367650.63975305
              ],
              [
                14167167.21280749,
                4367649.76283059
              ],
              [
                14167167.6477889,
                4367648.88522085
              ],
              [
                14167168.08139713,
                4367648.00692601
              ],
              [
                14167168.51363111,
                4367647.12794823
              ],
              [
                14167168.94448979,
                4367646.24828967
              ],
              [
                14167169.37397209,
                4367645.36795251
              ],
              [
                14167169.80207696,
                4367644.48693893
              ],
              [
                14167170.22880335,
                4367643.60525109
              ],
              [
                14167170.65415019,
                4367642.72289117
              ],
              [
                14167171.07811645,
                4367641.83986136
              ],
              [
                14167171.50070107,
                4367640.95616382
              ],
              [
                14167171.921903,
                4367640.07180074
              ],
              [
                14167172.34172123,
                4367639.1867743
              ],
              [
                14167172.7601547,
                4367638.30108669
              ],
              [
                14167173.17720239,
                4367637.41474009
              ],
              [
                14167173.59286326,
                4367636.52773668
              ],
              [
                14167174.0071363,
                4367635.64007868
              ],
              [
                14167174.42002047,
                4367634.75176824
              ],
              [
                14167174.83151477,
                4367633.86280757
              ],
              [
                14167175.24161817,
                4367632.97319887
              ],
              [
                14167175.65032967,
                4367632.08294433
              ],
              [
                14167176.05764824,
                4367631.19204614
              ],
              [
                14167176.4635729,
                4367630.30050651
              ],
              [
                14167176.86810265,
                4367629.40832763
              ],
              [
                14167177.27123647,
                4367628.51551171
              ],
              [
                14167177.67297338,
                4367627.62206095
              ],
              [
                14167178.07331239,
                4367626.72797756
              ],
              [
                14167178.47225251,
                4367625.83326373
              ],
              [
                14167178.86979276,
                4367624.93792168
              ],
              [
                14167179.26593214,
                4367624.04195362
              ],
              [
                14167179.6606697,
                4367623.14536177
              ],
              [
                14167180.05400445,
                4367622.24814832
              ],
              [
                14167180.44593542,
                4367621.3503155
              ],
              [
                14167180.83646165,
                4367620.45186552
              ],
              [
                14167181.22558217,
                4367619.55280061
              ],
              [
                14167181.61329602,
                4367618.65312296
              ],
              [
                14167181.99960226,
                4367617.75283482
              ],
              [
                14167182.38449991,
                4367616.85193839
              ],
              [
                14167182.76798804,
                4367615.95043591
              ],
              [
                14167183.1500657,
                4367615.0483296
              ],
              [
                14167183.53073195,
                4367614.14562167
              ],
              [
                14167183.90998584,
                4367613.24231438
              ],
              [
                14167184.28782645,
                4367612.33840992
              ],
              [
                14167184.66425284,
                4367611.43391055
              ],
              [
                14167185.03926407,
                4367610.5288185
              ],
              [
                14167185.41285924,
                4367609.62313599
              ],
              [
                14167185.78503741,
                4367608.71686526
              ],
              [
                14167186.15579766,
                4367607.81000855
              ],
              [
                14167186.52513909,
                4367606.90256809
              ],
              [
                14167186.89306078,
                4367605.99454613
              ],
              [
                14167187.25956183,
                4367605.0859449
              ],
              [
                14167187.62464132,
                4367604.17676665
              ],
              [
                14167187.98829836,
                4367603.26701363
              ],
              [
                14167188.35053206,
                4367602.35668807
              ],
              [
                14167188.71134151,
                4367601.44579222
              ],
              [
                14167189.07072584,
                4367600.53432833
              ],
              [
                14167189.42868415,
                4367599.62229866
              ],
              [
                14167189.78521555,
                4367598.70970544
              ],
              [
                14167190.14031918,
                4367597.79655094
              ],
              [
                14167190.49399415,
                4367596.8828374
              ],
              [
                14167190.84623959,
                4367595.96856709
              ],
              [
                14167191.19705464,
                4367595.05374225
              ],
              [
                14167191.54643842,
                4367594.13836514
              ],
              [
                14167191.89439008,
                4367593.22243803
              ],
              [
                14167192.24090876,
                4367592.30596317
              ],
              [
                14167192.5859936,
                4367591.38894283
              ],
              [
                14167192.92964376,
                4367590.47137926
              ],
              [
                14167193.27185837,
                4367589.55327475
              ],
              [
                14167193.61263661,
                4367588.63463153
              ],
              [
                14167193.95197763,
                4367587.71545189
              ],
              [
                14167194.28988059,
                4367586.79573809
              ],
              [
                14167194.62634466,
                4367585.87549241
              ],
              [
                14167194.96136901,
                4367584.95471711
              ],
              [
                14167195.29495281,
                4367584.03341447
              ],
              [
                14167195.62709525,
                4367583.11158675
              ],
              [
                14167195.95779549,
                4367582.18923624
              ],
              [
                14167196.28705273,
                4367581.26636521
              ],
              [
                14167196.61486616,
                4367580.34297594
              ],
              [
                14167196.94123496,
                4367579.4190707
              ],
              [
                14167197.26615833,
                4367578.49465178
              ],
              [
                14167197.58963547,
                4367577.56972146
              ],
              [
                14167197.91166557,
                4367576.64428202
              ],
              [
                14167198.23224786,
                4367575.71833574
              ],
              [
                14167198.55138153,
                4367574.79188491
              ],
              [
                14167198.8690658,
                4367573.86493181
              ],
              [
                14167199.18529989,
                4367572.93747874
              ],
              [
                14167199.50008301,
                4367572.00952797
              ],
              [
                14167199.81341439,
                4367571.08108181
              ],
              [
                14167200.12529325,
                4367570.15214253
              ],
              [
                14167200.43571884,
                4367569.22271244
              ],
              [
                14167200.74469037,
                4367568.29279384
              ],
              [
                14167201.0522071,
                4367567.362389
              ],
              [
                14167201.35826825,
                4367566.43150022
              ],
              [
                14167201.66287308,
                4367565.50012982
              ],
              [
                14167201.96602084,
                4367564.56828008
              ],
              [
                14167202.26771078,
                4367563.6359533
              ],
              [
                14167202.56794215,
                4367562.70315178
              ],
              [
                14167202.8667142,
                4367561.76987783
              ],
              [
                14167203.16402622,
                4367560.83613375
              ],
              [
                14167203.45987746,
                4367559.90192185
              ],
              [
                14167203.75426719,
                4367558.96724441
              ],
              [
                14167204.04719469,
                4367558.03210377
              ],
              [
                14167204.33865923,
                4367557.09650221
              ],
              [
                14167204.6286601,
                4367556.16044206
              ],
              [
                14167204.91719657,
                4367555.22392562
              ],
              [
                14167205.20426795,
                4367554.2869552
              ],
              [
                14167205.48987352,
                4367553.34953311
              ],
              [
                14167205.77401258,
                4367552.41166167
              ],
              [
                14167206.05668442,
                4367551.4733432
              ],
              [
                14167206.33788835,
                4367550.53457999
              ],
              [
                14167206.61762367,
                4367549.59537439
              ],
              [
                14167206.8958897,
                4367548.65572869
              ],
              [
                14167207.17268575,
                4367547.71564523
              ],
              [
                14167207.44801114,
                4367546.77512631
              ],
              [
                14167207.72186518,
                4367545.83417426
              ],
              [
                14167207.99424721,
                4367544.89279141
              ],
              [
                14167208.26515654,
                4367543.95098007
              ],
              [
                14167208.53459252,
                4367543.00874257
              ],
              [
                14167208.80255448,
                4367542.06608123
              ],
              [
                14167209.06904175,
                4367541.12299839
              ],
              [
                14167209.33405368,
                4367540.17949636
              ],
              [
                14167209.59758962,
                4367539.23557748
              ],
              [
                14167209.85964892,
                4367538.29124408
              ],
              [
                14167210.12023093,
                4367537.34649848
              ],
              [
                14167210.379335,
                4367536.40134301
              ],
              [
                14167210.6369605,
                4367535.45578002
              ],
              [
                14167210.8931068,
                4367534.50981183
              ],
              [
                14167211.14777326,
                4367533.56344077
              ],
              [
                14167211.40095925,
                4367532.61666919
              ],
              [
                14167211.65266415,
                4367531.66949942
              ],
              [
                14167211.90288734,
                4367530.72193379
              ],
              [
                14167212.1516282,
                4367529.77397464
              ],
              [
                14167212.39888612,
                4367528.82562432
              ],
              [
                14167212.64466048,
                4367527.87688516
              ],
              [
                14167212.88895069,
                4367526.92775951
              ],
              [
                14167213.13175614,
                4367525.9782497
              ],
              [
                14167213.37307624,
                4367525.02835808
              ],
              [
                14167213.61291037,
                4367524.078087
              ],
              [
                14167213.85125797,
                4367523.12743879
              ],
              [
                14167214.08811843,
                4367522.17641581
              ],
              [
                14167214.32349117,
                4367521.22502039
              ],
              [
                14167214.55737561,
                4367520.2732549
              ],
              [
                14167214.78977119,
                4367519.32112167
              ],
              [
                14167215.02067731,
                4367518.36862306
              ],
              [
                14167215.25009342,
                4367517.41576142
              ],
              [
                14167215.47801894,
                4367516.46253909
              ],
              [
                14167215.70445333,
                4367515.50895844
              ],
              [
                14167215.929396,
                4367514.5550218
              ],
              [
                14167216.15284643,
                4367513.60073155
              ],
              [
                14167216.37480404,
                4367512.64609003
              ],
              [
                14167216.5952683,
                4367511.6910996
              ],
              [
                14167216.81423866,
                4367510.73576261
              ],
              [
                14167217.03171458,
                4367509.78008142
              ],
              [
                14167217.24769553,
                4367508.82405839
              ],
              [
                14167217.46218097,
                4367507.86769589
              ],
              [
                14167217.67517037,
                4367506.91099626
              ],
              [
                14167217.88666321,
                4367505.95396187
              ],
              [
                14167218.09665896,
                4367504.99659508
              ],
              [
                14167218.30515712,
                4367504.03889825
              ],
              [
                14167218.51215716,
                4367503.08087375
              ],
              [
                14167218.71765857,
                4367502.12252395
              ],
              [
                14167218.92166085,
                4367501.1638512
              ],
              [
                14167219.12416351,
                4367500.20485787
              ],
              [
                14167219.32516602,
                4367499.24554633
              ],
              [
                14167219.52466791,
                4367498.28591894
              ],
              [
                14167219.72266867,
                4367497.32597808
              ],
              [
                14167219.91916782,
                4367496.3657261
              ],
              [
                14167220.11416488,
                4367495.40516539
              ],
              [
                14167220.30765936,
                4367494.44429831
              ],
              [
                14167220.4996508,
                4367493.48312723
              ],
              [
                14167220.6901387,
                4367492.52165453
              ],
              [
                14167220.87912261,
                4367491.55988257
              ],
              [
                14167221.06660206,
                4367490.59781373
              ],
              [
                14167221.25257659,
                4367489.63545039
              ],
              [
                14167221.43704573,
                4367488.67279492
              ],
              [
                14167221.62000905,
                4367487.70984968
              ],
              [
                14167221.80146607,
                4367486.74661707
              ],
              [
                14167221.98141635,
                4367485.78309945
              ],
              [
                14167222.15985946,
                4367484.81929922
              ],
              [
                14167222.33679495,
                4367483.85521873
              ],
              [
                14167222.51222238,
                4367482.89086037
              ],
              [
                14167222.68614134,
                4367481.92622653
              ],
              [
                14167222.85855136,
                4367480.96131957
              ],
              [
                14167223.02945206,
                4367479.9961419
              ],
              [
                14167223.19884299,
                4367479.03069586
              ],
              [
                14167223.36672374,
                4367478.06498387
              ],
              [
                14167223.5330939,
                4367477.09900831
              ],
              [
                14167223.69795305,
                4367476.13277154
              ],
              [
                14167223.8613008,
                4367475.16627595
              ],
              [
                14167224.02313673,
                4367474.19952394
              ],
              [
                14167224.18346045,
                4367473.23251789
              ],
              [
                14167224.34227156,
                4367472.26526018
              ],
              [
                14167224.49956967,
                4367471.2977532
              ],
              [
                14167224.6553544,
                4367470.32999935
              ],
              [
                14167224.80962536,
                4367469.36200099
              ],
              [
                14167224.96238217,
                4367468.39376053
              ],
              [
                14167225.11362445,
                4367467.42528035
              ],
              [
                14167225.26335184,
                4367466.45656285
              ],
              [
                14167225.41156395,
                4367465.48761041
              ],
              [
                14167225.55826043,
                4367464.51842542
              ],
              [
                14167225.70344092,
                4367463.54901028
              ],
              [
                14167225.84710505,
                4367462.57936738
              ],
              [
                14167225.98925248,
                4367461.60949911
              ],
              [
                14167226.12988284,
                4367460.63940786
              ],
              [
                14167226.26899581,
                4367459.66909603
              ],
              [
                14167226.40659103,
                4367458.69856601
              ],
              [
                14167226.54266816,
                4367457.7278202
              ],
              [
                14167226.67722687,
                4367456.75686099
              ],
              [
                14167226.81026682,
                4367455.78569078
              ],
              [
                14167226.9417877,
                4367454.81431196
              ],
              [
                14167227.07178917,
                4367453.84272693
              ],
              [
                14167227.20027092,
                4367452.87093809
              ],
              [
                14167227.32723262,
                4367451.89894784
              ],
              [
                14167227.45267397,
                4367450.92675857
              ],
              [
                14167227.57659466,
                4367449.95437269
              ],
              [
                14167227.69899437,
                4367448.98179259
              ],
              [
                14167227.81987281,
                4367448.00902067
              ],
              [
                14167227.93922969,
                4367447.03605934
              ],
              [
                14167228.0570647,
                4367446.06291098
              ],
              [
                14167228.17337756,
                4367445.08957802
              ],
              [
                14167228.28816798,
                4367444.11606284
              ],
              [
                14167228.40143568,
                4367443.14236785
              ],
              [
                14167228.51318038,
                4367442.16849545
              ],
              [
                14167228.6234018,
                4367441.19444805
              ],
              [
                14167228.73209967,
                4367440.22022804
              ],
              [
                14167228.83927372,
                4367439.24583784
              ],
              [
                14167228.9449237,
                4367438.27127984
              ],
              [
                14167229.04904933,
                4367437.29655646
              ],
              [
                14167229.15165037,
                4367436.32167009
              ],
              [
                14167229.25272655,
                4367435.34662314
              ],
              [
                14167229.35227764,
                4367434.37141802
              ],
              [
                14167229.45030338,
                4367433.39605713
              ],
              [
                14167229.54680354,
                4367432.42054289
              ],
              [
                14167229.64177788,
                4367431.44487769
              ],
              [
                14167229.73522616,
                4367430.46906395
              ],
              [
                14167229.82714815,
                4367429.49310407
              ],
              [
                14167229.91754362,
                4367428.51700046
              ],
              [
                14167230.00641236,
                4367427.54075553
              ],
              [
                14167230.09375415,
                4367426.56437169
              ],
              [
                14167230.17956877,
                4367425.58785135
              ],
              [
                14167230.263856,
                4367424.61119691
              ],
              [
                14167230.34661564,
                4367423.6344108
              ],
              [
                14167230.42784749,
                4367422.6574954
              ],
              [
                14167230.50755135,
                4367421.68045315
              ],
              [
                14167230.58572702,
                4367420.70328645
              ],
              [
                14167230.66237431,
                4367419.7259977
              ],
              [
                14167230.73749302,
                4367418.74858933
              ],
              [
                14167230.81108298,
                4367417.77106374
              ],
              [
                14167230.88314401,
                4367416.79342334
              ],
              [
                14167230.95367592,
                4367415.81567055
              ],
              [
                14167231.02267854,
                4367414.83780779
              ],
              [
                14167231.09015171,
                4367413.85983745
              ],
              [
                14167231.15609525,
                4367412.88176196
              ],
              [
                14167231.22050901,
                4367411.90358373
              ],
              [
                14167231.28339282,
                4367410.92530517
              ],
              [
                14167231.34474654,
                4367409.9469287
              ],
              [
                14167231.40457,
                4367408.96845672
              ],
              [
                14167231.46286306,
                4367407.98989167
              ],
              [
                14167231.51962559,
                4367407.01123594
              ],
              [
                14167231.57485744,
                4367406.03249196
              ],
              [
                14167231.62855846,
                4367405.05366214
              ],
              [
                14167231.68072854,
                4367404.07474889
              ],
              [
                14167231.73136755,
                4367403.09575463
              ],
              [
                14167231.78047536,
                4367402.11668178
              ],
              [
                14167231.82805184,
                4367401.13753275
              ],
              [
                14167231.87409688,
                4367400.15830995
              ],
              [
                14167231.91861037,
                4367399.17901581
              ],
              [
                14167231.9615922,
                4367398.19965274
              ],
              [
                14167232.00304226,
                4367397.22022316
              ],
              [
                14167232.04296046,
                4367396.24072948
              ],
              [
                14167232.08134669,
                4367395.26117412
              ],
              [
                14167232.11820085,
                4367394.2815595
              ],
              [
                14167232.15352287,
                4367393.30188803
              ],
              [
                14167232.18731264,
                4367392.32216213
              ],
              [
                14167232.21957009,
                4367391.34238422
              ],
              [
                14167232.25029515,
                4367390.36255672
              ],
              [
                14167232.27948772,
                4367389.38268204
              ],
              [
                14167232.30714776,
                4367388.40276261
              ],
              [
                14167232.33327517,
                4367387.42280083
              ],
              [
                14167232.35786991,
                4367386.44279913
              ],
              [
                14167232.3809319,
                4367385.46275992
              ],
              [
                14167232.4024611,
                4367384.48268563
              ],
              [
                14167232.42245745,
                4367383.50257867
              ],
              [
                14167232.4409209,
                4367382.52244147
              ],
              [
                14167232.45785141,
                4367381.54227643
              ],
              [
                14167232.47324894,
                4367380.56208598
              ],
              [
                14167232.48711344,
                4367379.58187253
              ],
              [
                14167232.49944489,
                4367378.60163851
              ],
              [
                14167232.51024325,
                4367377.62138633
              ],
              [
                14167232.5195085,
                4367376.64111842
              ],
              [
                14167232.52724062,
                4367375.66083718
              ],
              [
                14167232.53343958,
                4367374.68054505
              ],
              [
                14167232.53810537,
                4367373.70024443
              ],
              [
                14167232.54123799,
                4367372.71993775
              ]
            ]
          ]
        ]
      },
      "geometry_name": "ag_geom",
      "properties": {
        "nm_kor": "세종2청사",
        "nm_eng": null,
        "oper_inst": "세종청사관리본부",
        "telno": "044-200-1397"
      },
      "bbox": [
        14165989.78640157,
        4366747.1214802,
        14167232.54290366,
        4367995.29244263
      ]
    },
    {
      "type": "Feature",
      "id": "lt_c_aispca.3",
      "geometry": {
        "type": "MultiPolygon",
        "coordinates": [
          [
            [
              [
                14168256.21183184,
                4370028.16995119
              ],
              [
                14168256.21484721,
                4370026.20885031
              ],
              [
                14168256.21479544,
                4370024.24774744
              ],
              [
                14168256.21167653,
                4370022.28664743
              ],
              [
                14168256.2054905,
                4370020.32555511
              ],
              [
                14168256.19623735,
                4370018.36447532
              ],
              [
                14168256.18391712,
                4370016.40341291
              ],
              [
                14168256.16852983,
                4370014.44237271
              ],
              [
                14168256.15007554,
                4370012.48135955
              ],
              [
                14168256.12855427,
                4370010.52037828
              ],
              [
                14168256.1039661,
                4370008.55943374
              ],
              [
                14168256.07631107,
                4370006.59853077
              ],
              [
                14168256.04558927,
                4370004.63767419
              ],
              [
                14168256.01180077,
                4370002.67686886
              ],
              [
                14168255.97494564,
                4370000.7161196
              ],
              [
                14168255.93502399,
                4369998.75543126
              ],
              [
                14168255.89203592,
                4369996.79480868
              ],
              [
                14168255.84598154,
                4369994.83425669
              ],
              [
                14168255.79686095,
                4369992.87378013
              ],
              [
                14168255.74467428,
                4369990.91338383
              ],
              [
                14168255.68942166,
                4369988.95307264
              ],
              [
                14168255.63110324,
                4369986.99285139
              ],
              [
                14168255.56971915,
                4369985.03272491
              ],
              [
                14168255.50526955,
                4369983.07269805
              ],
              [
                14168255.4377546,
                4369981.11277564
              ],
              [
                14168255.36717447,
                4369979.15296252
              ],
              [
                14168255.29352933,
                4369977.19326351
              ],
              [
                14168255.21681937,
                4369975.23368346
              ],
              [
                14168255.13704478,
                4369973.2742272
              ],
              [
                14168255.05420575,
                4369971.31489957
              ],
              [
                14168254.9683025,
                4369969.35570539
              ],
              [
                14168254.87933523,
                4369967.39664951
              ],
              [
                14168254.78730417,
                4369965.43773676
              ],
              [
                14168254.69220955,
                4369963.47897197
              ],
              [
                14168254.5940516,
                4369961.52035997
              ],
              [
                14168254.49283056,
                4369959.5619056
              ],
              [
                14168254.38854669,
                4369957.60361369
              ],
              [
                14168254.28120025,
                4369955.64548906
              ],
              [
                14168254.17079151,
                4369953.68753656
              ],
              [
                14168254.05732073,
                4369951.72976101
              ],
              [
                14168253.9407882,
                4369949.77216725
              ],
              [
                14168253.8211942,
                4369947.81476009
              ],
              [
                14168253.69853905,
                4369945.85754438
              ],
              [
                14168253.57282303,
                4369943.90052494
              ],
              [
                14168253.44404646,
                4369941.94370659
              ],
              [
                14168253.31220966,
                4369939.98709418
              ],
              [
                14168253.17731296,
                4369938.03069252
              ],
              [
                14168253.0393567,
                4369936.07450645
              ],
              [
                14168252.8983412,
                4369934.11854078
              ],
              [
                14168252.75426683,
                4369932.16280035
              ],
              [
                14168252.60713395,
                4369930.20728997
              ],
              [
                14168252.4569429,
                4369928.25201448
              ],
              [
                14168252.30369408,
                4369926.2969787
              ],
              [
                14168252.14738785,
                4369924.34218746
              ],
              [
                14168251.9880246,
                4369922.38764557
              ],
              [
                14168251.82560474,
                4369920.43335785
              ],
              [
                14168251.66012866,
                4369918.47932914
              ],
              [
                14168251.49159677,
                4369916.52556424
              ],
              [
                14168251.3200095,
                4369914.57206799
              ],
              [
                14168251.14536725,
                4369912.6188452
              ],
              [
                14168250.96767047,
                4369910.66590069
              ],
              [
                14168250.7869196,
                4369908.71323928
              ],
              [
                14168250.60311508,
                4369906.76086578
              ],
              [
                14168250.41625738,
                4369904.80878502
              ],
              [
                14168250.22634694,
                4369902.85700181
              ],
              [
                14168250.03338426,
                4369900.90552096
              ],
              [
                14168249.83736979,
                4369898.95434729
              ],
              [
                14168249.63830402,
                4369897.00348561
              ],
              [
                14168249.43618745,
                4369895.05294074
              ],
              [
                14168249.23102059,
                4369893.10271749
              ],
              [
                14168249.02280393,
                4369891.15282068
              ],
              [
                14168248.811538,
                4369889.2032551
              ],
              [
                14168248.5972233,
                4369887.25402558
              ],
              [
                14168248.37986039,
                4369885.30513691
              ],
              [
                14168248.15944979,
                4369883.35659392
              ],
              [
                14168247.93599205,
                4369881.4084014
              ],
              [
                14168247.70948772,
                4369879.46056416
              ],
              [
                14168247.47993736,
                4369877.51308702
              ],
              [
                14168247.24734155,
                4369875.56597477
              ],
              [
                14168247.01170085,
                4369873.61923222
              ],
              [
                14168246.77301585,
                4369871.67286416
              ],
              [
                14168246.53128714,
                4369869.72687541
              ],
              [
                14168246.28651532,
                4369867.78127076
              ],
              [
                14168246.03870098,
                4369865.83605502
              ],
              [
                14168245.78784477,
                4369863.89123298
              ],
              [
                14168245.53394727,
                4369861.94680945
              ],
              [
                14168245.27700913,
                4369860.00278921
              ],
              [
                14168245.01703098,
                4369858.05917707
              ],
              [
                14168244.75401347,
                4369856.11597782
              ],
              [
                14168244.48795723,
                4369854.17319624
              ],
              [
                14168244.21886295,
                4369852.23083716
              ],
              [
                14168243.94673127,
                4369850.28890534
              ],
              [
                14168243.67156287,
                4369848.34740557
              ],
              [
                14168243.39335843,
                4369846.40634267
              ],
              [
                14168243.11211865,
                4369844.4657214
              ],
              [
                14168242.8278442,
                4369842.52554655
              ],
              [
                14168242.54053581,
                4369840.58582293
              ],
              [
                14168242.25019418,
                4369838.64655531
              ],
              [
                14168241.95682002,
                4369836.70774846
              ],
              [
                14168241.66041406,
                4369834.76940719
              ],
              [
                14168241.36097705,
                4369832.83153626
              ],
              [
                14168241.05850971,
                4369830.89414047
              ],
              [
                14168240.75301279,
                4369828.95722459
              ],
              [
                14168240.44448704,
                4369827.02079339
              ],
              [
                14168240.13293325,
                4369825.08485167
              ],
              [
                14168239.81835216,
                4369823.14940418
              ],
              [
                14168239.50074457,
                4369821.21445572
              ],
              [
                14168239.18011124,
                4369819.28001104
              ],
              [
                14168238.85645299,
                4369817.34607494
              ],
              [
                14168238.52977061,
                4369815.41265216
              ],
              [
                14168238.2000649,
                4369813.47974749
              ],
              [
                14168237.86733668,
                4369811.54736569
              ],
              [
                14168237.53158677,
                4369809.61551154
              ],
              [
                14168237.19281602,
                4369807.6841898
              ],
              [
                14168236.85102524,
                4369805.75340523
              ],
              [
                14168236.50621528,
                4369803.82316259
              ],
              [
                14168236.15838701,
                4369801.89346665
              ],
              [
                14168235.80754127,
                4369799.96432217
              ],
              [
                14168235.45367894,
                4369798.03573391
              ],
              [
                14168235.09680089,
                4369796.10770663
              ],
              [
                14168234.736908,
                4369794.18024508
              ],
              [
                14168234.37400116,
                4369792.25335402
              ],
              [
                14168234.00808127,
                4369790.32703819
              ],
              [
                14168233.63914923,
                4369788.40130236
              ],
              [
                14168233.26720596,
                4369786.47615128
              ],
              [
                14168232.89225237,
                4369784.5515897
              ],
              [
                14168232.5142894,
                4369782.62762235
              ],
              [
                14168232.13331796,
                4369780.704254
              ],
              [
                14168231.74933902,
                4369778.78148937
              ],
              [
                14168231.36235351,
                4369776.85933323
              ],
              [
                14168230.97236239,
                4369774.93779031
              ],
              [
                14168230.57936663,
                4369773.01686535
              ],
              [
                14168230.1833672,
                4369771.09656308
              ],
              [
                14168229.78436507,
                4369769.17688825
              ],
              [
                14168229.38236123,
                4369767.2578456
              ],
              [
                14168228.97735668,
                4369765.33943986
              ],
              [
                14168228.56935241,
                4369763.42167575
              ],
              [
                14168228.15834944,
                4369761.50455802
              ],
              [
                14168227.74434878,
                4369759.58809138
              ],
              [
                14168227.32735145,
                4369757.67228058
              ],
              [
                14168226.90735849,
                4369755.75713034
              ],
              [
                14168226.48437092,
                4369753.84264537
              ],
              [
                14168226.05838981,
                4369751.92883041
              ],
              [
                14168225.62941619,
                4369750.01569017
              ],
              [
                14168225.19745112,
                4369748.10322937
              ],
              [
                14168224.7624957,
                4369746.19145274
              ],
              [
                14168224.32455096,
                4369744.28036499
              ],
              [
                14168223.88361802,
                4369742.36997083
              ],
              [
                14168223.43969794,
                4369740.46027497
              ],
              [
                14168222.99279183,
                4369738.55128214
              ],
              [
                14168222.54290079,
                4369736.64299703
              ],
              [
                14168222.09002595,
                4369734.73542436
              ],
              [
                14168221.6341684,
                4369732.82856883
              ],
              [
                14168221.17532929,
                4369730.92243515
              ],
              [
                14168220.71350974,
                4369729.01702801
              ],
              [
                14168220.24871089,
                4369727.11235212
              ],
              [
                14168219.7809339,
                4369725.20841218
              ],
              [
                14168219.31017992,
                4369723.30521289
              ],
              [
                14168218.8364501,
                4369721.40275893
              ],
              [
                14168218.35974564,
                4369719.501055
              ],
              [
                14168217.88006769,
                4369717.6001058
              ],
              [
                14168217.39741745,
                4369715.69991601
              ],
              [
                14168216.9117961,
                4369713.80049033
              ],
              [
                14168216.42320485,
                4369711.90183343
              ],
              [
                14168215.93164491,
                4369710.00395001
              ],
              [
                14168215.43711748,
                4369708.10684474
              ],
              [
                14168214.93962379,
                4369706.2105223
              ],
              [
                14168214.43916508,
                4369704.31498737
              ],
              [
                14168213.93574257,
                4369702.42024464
              ],
              [
                14168213.4293575,
                4369700.52629876
              ],
              [
                14168212.92001114,
                4369698.63315442
              ],
              [
                14168212.40770474,
                4369696.74081628
              ],
              [
                14168211.89243956,
                4369694.84928902
              ],
              [
                14168211.37421688,
                4369692.95857729
              ],
              [
                14168210.85303797,
                4369691.06868577
              ],
              [
                14168210.32890412,
                4369689.17961912
              ],
              [
                14168209.80181664,
                4369687.29138199
              ],
              [
                14168209.27177682,
                4369685.40397905
              ],
              [
                14168208.73878596,
                4369683.51741494
              ],
              [
                14168208.20284539,
                4369681.63169434
              ],
              [
                14168207.66395643,
                4369679.74682188
              ],
              [
                14168207.12212042,
                4369677.86280221
              ],
              [
                14168206.57733868,
                4369675.97963999
              ],
              [
                14168206.02961257,
                4369674.09733986
              ],
              [
                14168205.47894344,
                4369672.21590645
              ],
              [
                14168204.92533265,
                4369670.33534444
              ],
              [
                14168204.36878155,
                4369668.45565842
              ],
              [
                14168203.80929155,
                4369666.57685307
              ],
              [
                14168203.246864,
                4369664.69893299
              ],
              [
                14168202.6815003,
                4369662.82190284
              ],
              [
                14168202.11320186,
                4369660.94576723
              ],
              [
                14168201.54197006,
                4369659.0705308
              ],
              [
                14168200.96780633,
                4369657.19619818
              ],
              [
                14168200.39071207,
                4369655.32277398
              ],
              [
                14168199.81068873,
                4369653.45026283
              ],
              [
                14168199.22773772,
                4369651.57866934
              ],
              [
                14168198.64186048,
                4369649.70799814
              ],
              [
                14168198.05305848,
                4369647.83825385
              ],
              [
                14168197.46133315,
                4369645.96944106
              ],
              [
                14168196.86668596,
                4369644.1015644
              ],
              [
                14168196.26911838,
                4369642.23462846
              ],
              [
                14168195.66863189,
                4369640.36863786
              ],
              [
                14168195.06522796,
                4369638.5035972
              ],
              [
                14168194.4589081,
                4369636.63951108
              ],
              [
                14168193.84967378,
                4369634.7763841
              ],
              [
                14168193.23752653,
                4369632.91422084
              ],
              [
                14168192.62246785,
                4369631.05302592
              ],
              [
                14168192.00449926,
                4369629.19280392
              ],
              [
                14168191.38362228,
                4369627.33355942
              ],
              [
                14168190.75983846,
                4369625.47529703
              ],
              [
                14168190.13314933,
                4369623.6180213
              ],
              [
                14168189.50355644,
                4369621.76173684
              ],
              [
                14168188.87106134,
                4369619.90644822
              ],
              [
                14168188.23566559,
                4369618.05216001
              ],
              [
                14168187.59737077,
                4369616.19887679
              ],
              [
                14168186.95617844,
                4369614.34660314
              ],
              [
                14168186.31209021,
                4369612.49534361
              ],
              [
                14168185.66510764,
                4369610.64510279
              ],
              [
                14168185.01523235,
                4369608.79588523
              ],
              [
                14168184.36246594,
                4369606.94769549
              ],
              [
                14168183.70681001,
                4369605.10053813
              ],
              [
                14168183.04826619,
                4369603.25441771
              ],
              [
                14168182.3868361,
                4369601.40933879
              ],
              [
                14168181.72252138,
                4369599.56530591
              ],
              [
                14168181.05532367,
                4369597.72232363
              ],
              [
                14168180.38524462,
                4369595.88039649
              ],
              [
                14168179.71228588,
                4369594.03952903
              ],
              [
                14168179.0364491,
                4369592.1997258
              ],
              [
                14168178.35773597,
                4369590.36099133
              ],
              [
                14168177.67614815,
                4369588.52333016
              ],
              [
                14168176.99168733,
                4369586.68674683
              ],
              [
                14168176.30435521,
                4369584.85124585
              ],
              [
                14168175.61415347,
                4369583.01683177
              ],
              [
                14168174.92108381,
                4369581.18350911
              ],
              [
                14168174.22514797,
                4369579.35128238
              ],
              [
                14168173.52634764,
                4369577.52015611
              ],
              [
                14168172.82468456,
                4369575.69013481
              ],
              [
                14168172.12016045,
                4369573.86122301
              ],
              [
                14168171.41277707,
                4369572.03342521
              ],
              [
                14168170.70253615,
                4369570.20674591
              ],
              [
                14168169.98943945,
                4369568.38118964
              ],
              [
                14168169.27348873,
                4369566.55676088
              ],
              [
                14168168.55468575,
                4369564.73346414
              ],
              [
                14168167.8330323,
                4369562.91130392
              ],
              [
                14168167.10853015,
                4369561.09028471
              ],
              [
                14168166.38118109,
                4369559.27041101
              ],
              [
                14168165.65098692,
                4369557.45168729
              ],
              [
                14168164.91794944,
                4369555.63411806
              ],
              [
                14168164.18207047,
                4369553.81770779
              ],
              [
                14168163.44335181,
                4369552.00246097
              ],
              [
                14168162.7017953,
                4369550.18838207
              ],
              [
                14168161.95740276,
                4369548.37547556
              ],
              [
                14168161.21017602,
                4369546.56374592
              ],
              [
                14168160.46011695,
                4369544.75319762
              ],
              [
                14168159.70722738,
                4369542.94383513
              ],
              [
                14168158.95150918,
                4369541.1356629
              ],
              [
                14168158.19296421,
                4369539.3286854
              ],
              [
                14168157.43159435,
                4369537.52290709
              ],
              [
                14168156.66740147,
                4369535.71833241
              ],
              [
                14168155.90038746,
                4369533.91496582
              ],
              [
                14168155.13055421,
                4369532.11281177
              ],
              [
                14168154.35790364,
                4369530.31187471
              ],
              [
                14168153.58243764,
                4369528.51215907
              ],
              [
                14168152.80415812,
                4369526.7136693
              ],
              [
                14168152.02306702,
                4369524.91640983
              ],
              [
                14168151.23916625,
                4369523.1203851
              ],
              [
                14168150.45245776,
                4369521.32559953
              ],
              [
                14168149.66294348,
                4369519.53205756
              ],
              [
                14168148.87062537,
                4369517.7397636
              ],
              [
                14168148.07550538,
                4369515.94872209
              ],
              [
                14168147.27758547,
                4369514.15893743
              ],
              [
                14168146.47686761,
                4369512.37041404
              ],
              [
                14168145.67335379,
                4369510.58315633
              ],
              [
                14168144.86704598,
                4369508.79716872
              ],
              [
                14168144.05794618,
                4369507.0124556
              ],
              [
                14168143.24605638,
                4369505.22902139
              ],
              [
                14168142.43137858,
                4369503.44687047
              ],
              [
                14168141.6139148,
                4369501.66600724
              ],
              [
                14168140.79366706,
                4369499.88643611
              ],
              [
                14168139.97063738,
                4369498.10816145
              ],
              [
                14168139.1448278,
                4369496.33118766
              ],
              [
                14168138.31624034,
                4369494.55551911
              ],
              [
                14168137.48487706,
                4369492.78116019
              ],
              [
                14168136.65074001,
                4369491.00811527
              ],
              [
                14168135.81383125,
                4369489.23638873
              ],
              [
                14168134.97415284,
                4369487.46598494
              ],
              [
                14168134.13170687,
                4369485.69690826
              ],
              [
                14168133.2864954,
                4369483.92916307
              ],
              [
                14168132.43852052,
                4369482.16275371
              ],
              [
                14168131.58778433,
                4369480.39768454
              ],
              [
                14168130.73428893,
                4369478.63395993
              ],
              [
                14168129.87803642,
                4369476.87158421
              ],
              [
                14168129.01902892,
                4369475.11056175
              ],
              [
                14168128.15726856,
                4369473.35089687
              ],
              [
                14168127.29275744,
                4369471.59259393
              ],
              [
                14168126.42549772,
                4369469.83565725
              ],
              [
                14168125.55549152,
                4369468.08009118
              ],
              [
                14168124.68274101,
                4369466.32590004
              ],
              [
                14168123.80724832,
                4369464.57308816
              ],
              [
                14168122.92901564,
                4369462.82165986
              ],
              [
                14168122.04804511,
                4369461.07161947
              ],
              [
                14168121.16433892,
                4369459.3229713
              ],
              [
                14168120.27789925,
                4369457.57571966
              ],
              [
                14168119.38872829,
                4369455.82986886
              ],
              [
                14168118.49682823,
                4369454.08542321
              ],
              [
                14168117.60220127,
                4369452.34238702
              ],
              [
                14168116.70484962,
                4369450.60076458
              ],
              [
                14168115.8047755,
                4369448.86056019
              ],
              [
                14168114.90198113,
                4369447.12177813
              ],
              [
                14168113.99646874,
                4369445.3844227
              ],
              [
                14168113.08824055,
                4369443.64849819
              ],
              [
                14168112.17729882,
                4369441.91400888
              ],
              [
                14168111.2636458,
                4369440.18095904
              ],
              [
                14168110.34728373,
                4369438.44935295
              ],
              [
                14168109.42821488,
                4369436.71919488
              ],
              [
                14168108.50644152,
                4369434.9904891
              ],
              [
                14168107.58196593,
                4369433.26323987
              ],
              [
                14168106.65479038,
                4369431.53745146
              ],
              [
                14168105.72491717,
                4369429.81312811
              ],
              [
                14168104.79234858,
                4369428.09027409
              ],
              [
                14168103.85708693,
                4369426.36889363
              ],
              [
                14168102.91913451,
                4369424.648991
              ],
              [
                14168101.97849366,
                4369422.93057043
              ],
              [
                14168101.03516668,
                4369421.21363616
              ],
              [
                14168100.0891559,
                4369419.49819241
              ],
              [
                14168099.14046368,
                4369417.78424344
              ],
              [
                14168098.18909233,
                4369416.07179346
              ],
              [
                14168097.23504421,
                4369414.36084669
              ],
              [
                14168096.27832167,
                4369412.65140737
              ],
              [
                14168095.31892709,
                4369410.9434797
              ],
              [
                14168094.35686282,
                4369409.23706789
              ],
              [
                14168093.39213124,
                4369407.53217615
              ],
              [
                14168092.42473473,
                4369405.8288087
              ],
              [
                14168091.45467569,
                4369404.12696973
              ],
              [
                14168090.48195649,
                4369402.42666344
              ],
              [
                14168089.50657955,
                4369400.72789402
              ],
              [
                14168088.52854727,
                4369399.03066566
              ],
              [
                14168087.54786207,
                4369397.33498255
              ],
              [
                14168086.56452636,
                4369395.64084888
              ],
              [
                14168085.57854258,
                4369393.94826882
              ],
              [
                14168084.58991316,
                4369392.25724654
              ],
              [
                14168083.59864053,
                4369390.56778623
              ],
              [
                14168082.60472714,
                4369388.87989203
              ],
              [
                14168081.60817546,
                4369387.19356812
              ],
              [
                14168080.60898793,
                4369385.50881866
              ],
              [
                14168079.60716703,
                4369383.82564779
              ],
              [
                14168078.60271521,
                4369382.14405969
              ],
              [
                14168077.59563498,
                4369380.46405848
              ],
              [
                14168076.58592881,
                4369378.78564832
              ],
              [
                14168075.57359919,
                4369377.10883334
              ],
              [
                14168074.55864862,
                4369375.43361768
              ],
              [
                14168073.54107961,
                4369373.76000548
              ],
              [
                14168072.52089466,
                4369372.08800086
              ],
              [
                14168071.49809631,
                4369370.41760794
              ],
              [
                14168070.47268706,
                4369368.74883084
              ],
              [
                14168069.44466945,
                4369367.08167369
              ],
              [
                14168068.41404603,
                4369365.41614058
              ],
              [
                14168067.38081933,
                4369363.75223564
              ],
              [
                14168066.3449919,
                4369362.08996297
              ],
              [
                14168065.30656629,
                4369360.42932666
              ],
              [
                14168064.26554508,
                4369358.7703308
              ],
              [
                14168063.22193083,
                4369357.11297951
              ],
              [
                14168062.17572612,
                4369355.45727685
              ],
              [
                14168061.12693353,
                4369353.80322692
              ],
              [
                14168060.07555564,
                4369352.15083379
              ],
              [
                14168059.02159506,
                4369350.50010154
              ],
              [
                14168057.96505438,
                4369348.85103424
              ],
              [
                14168056.90593621,
                4369347.20363595
              ],
              [
                14168055.84424317,
                4369345.55791076
              ],
              [
                14168054.77997788,
                4369343.9138627
              ],
              [
                14168053.71314295,
                4369342.27149583
              ],
              [
                14168052.64374104,
                4369340.63081422
              ],
              [
                14168051.57177476,
                4369338.9918219
              ],
              [
                14168050.49724678,
                4369337.3545229
              ],
              [
                14168049.42015974,
                4369335.71892129
              ],
              [
                14168048.3405163,
                4369334.08502108
              ],
              [
                14168047.25831913,
                4369332.45282632
              ],
              [
                14168046.17357089,
                4369330.82234102
              ],
              [
                14168045.08627426,
                4369329.1935692
              ],
              [
                14168043.99643194,
                4369327.56651489
              ],
              [
                14168042.9040466,
                4369325.94118208
              ],
              [
                14168041.80912093,
                4369324.31757481
              ],
              [
                14168040.71165766,
                4369322.69569707
              ],
              [
                14168039.61165948,
                4369321.07555285
              ],
              [
                14168038.5091291,
                4369319.45714616
              ],
              [
                14168037.40406926,
                4369317.84048098
              ],
              [
                14168036.29648266,
                4369316.22556131
              ],
              [
                14168035.18637207,
                4369314.61239113
              ],
              [
                14168034.0737402,
                4369313.00097442
              ],
              [
                14168032.9585898,
                4369311.39131514
              ],
              [
                14168031.84092363,
                4369309.78341728
              ],
              [
                14168030.72074445,
                4369308.17728479
              ],
              [
                14168029.59805502,
                4369306.57292164
              ],
              [
                14168028.4728581,
                4369304.97033179
              ],
              [
                14168027.34515649,
                4369303.36951918
              ],
              [
                14168026.21495296,
                4369301.77048778
              ],
              [
                14168025.0822503,
                4369300.1732415
              ],
              [
                14168023.94705129,
                4369298.57778431
              ],
              [
                14168022.80935876,
                4369296.98412013
              ],
              [
                14168021.66917551,
                4369295.3922529
              ],
              [
                14168020.52650434,
                4369293.80218654
              ],
              [
                14168019.38134808,
                4369292.21392497
              ],
              [
                14168018.23370955,
                4369290.62747212
              ],
              [
                14168017.08359159,
                4369289.04283188
              ],
              [
                14168015.93099704,
                4369287.46000818
              ],
              [
                14168014.77592873,
                4369285.87900491
              ],
              [
                14168013.61838953,
                4369284.29982598
              ],
              [
                14168012.45838228,
                4369282.72247527
              ],
              [
                14168011.29590985,
                4369281.14695669
              ],
              [
                14168010.13097511,
                4369279.57327411
              ],
              [
                14168008.96358094,
                4369278.00143142
              ],
              [
                14168007.7937302,
                4369276.4314325
              ],
              [
                14168006.6214258,
                4369274.8632812
              ],
              [
                14168005.44667062,
                4369273.29698142
              ],
              [
                14168004.26946756,
                4369271.73253699
              ],
              [
                14168003.08981953,
                4369270.1699518
              ],
              [
                14168001.90772944,
                4369268.60922968
              ],
              [
                14168000.72320021,
                4369267.05037449
              ],
              [
                14167999.53623475,
                4369265.49339008
              ],
              [
                14167998.34683601,
                4369263.93828028
              ],
              [
                14167997.1550069,
                4369262.38504893
              ],
              [
                14167995.96075038,
                4369260.83369985
              ],
              [
                14167994.76406939,
                4369259.28423688
              ],
              [
                14167993.5649669,
                4369257.73666384
              ],
              [
                14167992.36344584,
                4369256.19098454
              ],
              [
                14167991.15950919,
                4369254.6472028
              ],
              [
                14167989.95315993,
                4369253.10532243
              ],
              [
                14167988.74440102,
                4369251.56534722
              ],
              [
                14167987.53323544,
                4369250.02728098
              ],
              [
                14167986.3196662,
                4369248.49112749
              ],
              [
                14167985.10369629,
                4369246.95689055
              ],
              [
                14167983.88532869,
                4369245.42457394
              ],
              [
                14167982.66456643,
                4369243.89418144
              ],
              [
                14167981.44141251,
                4369242.36571682
              ],
              [
                14167980.21586995,
                4369240.83918386
              ],
              [
                14167978.98794178,
                4369239.31458632
              ],
              [
                14167977.75763103,
                4369237.79192795
              ],
              [
                14167976.52494072,
                4369236.27121253
              ],
              [
                14167975.28987391,
                4369234.75244379
              ],
              [
                14167974.05243364,
                4369233.23562547
              ],
              [
                14167972.81262297,
                4369231.72076133
              ],
              [
                14167971.57044496,
                4369230.2078551
              ],
              [
                14167970.32590266,
                4369228.6969105
              ],
              [
                14167969.07899916,
                4369227.18793128
              ],
              [
                14167967.82973752,
                4369225.68092114
              ],
              [
                14167966.57812083,
                4369224.1758838
              ],
              [
                14167965.32415218,
                4369222.67282298
              ],
              [
                14167964.06783467,
                4369221.17174238
              ],
              [
                14167962.80917139,
                4369219.67264571
              ],
              [
                14167961.54816545,
                4369218.17553666
              ],
              [
                14167960.28481996,
                4369216.68041892
              ],
              [
                14167959.01913804,
                4369215.18729619
              ],
              [
                14167957.75112281,
                4369213.69617214
              ],
              [
                14167956.48077741,
                4369212.20705046
              ],
              [
                14167955.20810496,
                4369210.7199348
              ],
              [
                14167953.9331086,
                4369209.23482886
              ],
              [
                14167952.65579149,
                4369207.75173627
              ],
              [
                14167951.37615677,
                4369206.27066071
              ],
              [
                14167950.09420761,
                4369204.79160582
              ],
              [
                14167948.80994716,
                4369203.31457526
              ],
              [
                14167947.52337859,
                4369201.83957266
              ],
              [
                14167946.23450508,
                4369200.36660167
              ],
              [
                14167944.94332982,
                4369198.89566591
              ],
              [
                14167943.64985598,
                4369197.42676902
              ],
              [
                14167942.35408675,
                4369195.95991461
              ],
              [
                14167941.05602534,
                4369194.49510631
              ],
              [
                14167939.75567495,
                4369193.03234773
              ],
              [
                14167938.45303878,
                4369191.57164247
              ],
              [
                14167937.14812006,
                4369190.11299414
              ],
              [
                14167935.840922,
                4369188.65640634
              ],
              [
                14167934.53144782,
                4369187.20188265
              ],
              [
                14167933.21970076,
                4369185.74942666
              ],
              [
                14167931.90568405,
                4369184.29904196
              ],
              [
                14167930.58940094,
                4369182.85073212
              ],
              [
                14167929.27085467,
                4369181.40450072
              ],
              [
                14167927.9500485,
                4369179.96035132
              ],
              [
                14167926.62698569,
                4369178.51828749
              ],
              [
                14167925.30166951,
                4369177.07831277
              ],
              [
                14167923.97410321,
                4369175.64043074
              ],
              [
                14167922.64429008,
                4369174.20464491
              ],
              [
                14167921.3122334,
                4369172.77095884
              ],
              [
                14167919.97793645,
                4369171.33937607
              ],
              [
                14167918.64140254,
                4369169.90990012
              ],
              [
                14167917.30263494,
                4369168.48253452
              ],
              [
                14167915.96163699,
                4369167.0572828
              ],
              [
                14167914.61841197,
                4369165.63414845
              ],
              [
                14167913.27296319,
                4369164.21313501
              ],
              [
                14167911.925294,
                4369162.79424597
              ],
              [
                14167910.5754077,
                4369161.37748482
              ],
              [
                14167909.22330763,
                4369159.96285506
              ],
              [
                14167907.86899713,
                4369158.55036019
              ],
              [
                14167906.51247952,
                4369157.14000369
              ],
              [
                14167905.15375818,
                4369155.73178903
              ],
              [
                14167903.79283645,
                4369154.32571968
              ],
              [
                14167902.42971767,
                4369152.92179912
              ],
              [
                14167901.06440522,
                4369151.52003081
              ],
              [
                14167899.69690248,
                4369150.1204182
              ],
              [
                14167898.3272128,
                4369148.72296474
              ],
              [
                14167896.95533957,
                4369147.32767389
              ],
              [
                14167895.58128617,
                4369145.93454908
              ],
              [
                14167894.20505601,
                4369144.54359375
              ],
              [
                14167892.82665246,
                4369143.15481133
              ],
              [
                14167891.44607894,
                4369141.76820524
              ],
              [
                14167890.06333885,
                4369140.38377891
              ],
              [
                14167888.67843559,
                4369139.00153575
              ],
              [
                14167887.2913726,
                4369137.62147916
              ],
              [
                14167885.90215328,
                4369136.24361255
              ],
              [
                14167884.51078108,
                4369134.86793932
              ],
              [
                14167883.11725941,
                4369133.49446286
              ],
              [
                14167881.72159172,
                4369132.12318656
              ],
              [
                14167880.32378146,
                4369130.7541138
              ],
              [
                14167878.92383207,
                4369129.38724796
              ],
              [
                14167877.52174701,
                4369128.02259241
              ],
              [
                14167876.11752973,
                4369126.6601505
              ],
              [
                14167874.7111837,
                4369125.29992561
              ],
              [
                14167873.30271239,
                4369123.94192109
              ],
              [
                14167871.89211928,
                4369122.58614029
              ],
              [
                14167870.47940784,
                4369121.23258654
              ],
              [
                14167869.06458157,
                4369119.88126319
              ],
              [
                14167867.64764395,
                4369118.53217358
              ],
              [
                14167866.22859847,
                4369117.18532102
              ],
              [
                14167864.80744865,
                4369115.84070884
              ],
              [
                14167863.38419798,
                4369114.49834036
              ],
              [
                14167861.95884998,
                4369113.15821888
              ],
              [
                14167860.53140817,
                4369111.82034772
              ],
              [
                14167859.10187606,
                4369110.48473016
              ],
              [
                14167857.67025719,
                4369109.15136951
              ],
              [
                14167856.23655508,
                4369107.82026905
              ],
              [
                14167854.80077327,
                4369106.49143207
              ],
              [
                14167853.36291532,
                4369105.16486183
              ],
              [
                14167851.92298475,
                4369103.84056163
              ],
              [
                14167850.48098514,
                4369102.51853471
              ],
              [
                14167849.03692002,
                4369101.19878434
              ],
              [
                14167847.59079297,
                4369099.88131378
              ],
              [
                14167846.14260756,
                4369098.56612627
              ],
              [
                14167844.69236736,
                4369097.25322505
              ],
              [
                14167843.24007594,
                4369095.94261338
              ],
              [
                14167841.7857369,
                4369094.63429446
              ],
              [
                14167840.32935381,
                4369093.32827155
              ],
              [
                14167838.87093027,
                4369092.02454784
              ],
              [
                14167837.41046988,
                4369090.72312657
              ],
              [
                14167835.94797624,
                4369089.42401093
              ],
              [
                14167834.48345297,
                4369088.12720414
              ],
              [
                14167833.01690367,
                4369086.83270939
              ],
              [
                14167831.54833196,
                4369085.54052987
              ],
              [
                14167830.07774147,
                4369084.25066878
              ],
              [
                14167828.60513583,
                4369082.96312928
              ],
              [
                14167827.13051866,
                4369081.67791456
              ],
              [
                14167825.65389361,
                4369080.39502778
              ],
              [
                14167824.17526431,
                4369079.11447211
              ],
              [
                14167822.69463443,
                4369077.83625071
              ],
              [
                14167821.21200761,
                4369076.56036673
              ],
              [
                14167819.7273875,
                4369075.28682332
              ],
              [
                14167818.24077778,
                4369074.01562361
              ],
              [
                14167816.7521821,
                4369072.74677075
              ],
              [
                14167815.26160415,
                4369071.48026785
              ],
              [
                14167813.76904759,
                4369070.21611805
              ],
              [
                14167812.27451613,
                4369068.95432446
              ],
              [
                14167810.77801342,
                4369067.69489019
              ],
              [
                14167809.27954318,
                4369066.43781836
              ],
              [
                14167807.7791091,
                4369065.18311205
              ],
              [
                14167806.27671488,
                4369063.93077436
              ],
              [
                14167804.77236422,
                4369062.68080839
              ],
              [
                14167803.26606085,
                4369061.43321721
              ],
              [
                14167801.75780846,
                4369060.1880039
              ],
              [
                14167800.2476108,
                4369058.94517153
              ],
              [
                14167798.73547158,
                4369057.70472317
              ],
              [
                14167797.22139453,
                4369056.46666187
              ],
              [
                14167795.70538339,
                4369055.2309907
              ],
              [
                14167794.18744189,
                4369053.99771269
              ],
              [
                14167792.66757379,
                4369052.76683088
              ],
              [
                14167791.14578284,
                4369051.53834832
              ],
              [
                14167789.62207278,
                4369050.31226803
              ],
              [
                14167788.09644738,
                4369049.08859304
              ],
              [
                14167786.5689104,
                4369047.86732636
              ],
              [
                14167785.03946561,
                4369046.64847101
              ],
              [
                14167783.50811678,
                4369045.43202999
              ],
              [
                14167781.97486769,
                4369044.2180063
              ],
              [
                14167780.43972213,
                4369043.00640293
              ],
              [
                14167778.90268388,
                4369041.79722287
              ],
              [
                14167777.36375673,
                4369040.59046911
              ],
              [
                14167775.82294449,
                4369039.38614462
              ],
              [
                14167774.28025094,
                4369038.18425237
              ],
              [
                14167772.7356799,
                4369036.98479533
              ],
              [
                14167771.18923519,
                4369035.78777645
              ],
              [
                14167769.6409206,
                4369034.59319868
              ],
              [
                14167768.09073997,
                4369033.40106497
              ],
              [
                14167766.53869711,
                4369032.21137826
              ],
              [
                14167764.98479586,
                4369031.02414149
              ],
              [
                14167763.42904006,
                4369029.83935757
              ],
              [
                14167761.87143353,
                4369028.65702944
              ],
              [
                14167760.31198013,
                4369027.47716001
              ],
              [
                14167758.75068369,
                4369026.29975219
              ],
              [
                14167757.18754807,
                4369025.12480888
              ],
              [
                14167755.62257713,
                4369023.95233297
              ],
              [
                14167754.05577473,
                4369022.78232737
              ],
              [
                14167752.48714474,
                4369021.61479495
              ],
              [
                14167750.91669101,
                4369020.44973861
              ],
              [
                14167749.34441744,
                4369019.2871612
              ],
              [
                14167747.77032789,
                4369018.12706559
              ],
              [
                14167746.19442626,
                4369016.96945465
              ],
              [
                14167744.61671642,
                4369015.81433123
              ],
              [
                14167743.03720227,
                4369014.66169818
              ],
              [
                14167741.45588771,
                4369013.51155834
              ],
              [
                14167739.87277664,
                4369012.36391455
              ],
              [
                14167738.28787296,
                4369011.21876964
              ],
              [
                14167736.70118059,
                4369010.07612642
              ],
              [
                14167735.11270344,
                4369008.93598773
              ],
              [
                14167733.52244542,
                4369007.79835637
              ],
              [
                14167731.93041047,
                4369006.66323515
              ],
              [
                14167730.3366025,
                4369005.53062686
              ],
              [
                14167728.74102546,
                4369004.4005343
              ],
              [
                14167727.14368327,
                4369003.27296026
              ],
              [
                14167725.54457988,
                4369002.14790752
              ],
              [
                14167723.94371923,
                4369001.02537884
              ],
              [
                14167722.34110528,
                4368999.905377
              ],
              [
                14167720.73674197,
                4368998.78790477
              ],
              [
                14167719.13063327,
                4368997.67296489
              ],
              [
                14167717.52278312,
                4368996.56056011
              ],
              [
                14167715.91319552,
                4368995.45069319
              ],
              [
                14167714.30187442,
                4368994.34336685
              ],
              [
                14167712.6888238,
                4368993.23858383
              ],
              [
                14167711.07404763,
                4368992.13634685
              ],
              [
                14167709.45754991,
                4368991.03665863
              ],
              [
                14167707.83933461,
                4368989.93952188
              ],
              [
                14167706.21940575,
                4368988.8449393
              ],
              [
                14167704.5977673,
                4368987.75291361
              ],
              [
                14167702.97442327,
                4368986.66344748
              ],
              [
                14167701.34937766,
                4368985.5765436
              ],
              [
                14167699.72263448,
                4368984.49220466
              ],
              [
                14167698.09419776,
                4368983.41043334
              ],
              [
                14167696.46407149,
                4368982.33123228
              ],
              [
                14167694.83225972,
                4368981.25460417
              ],
              [
                14167693.19876645,
                4368980.18055165
              ],
              [
                14167691.56359572,
                4368979.10907737
              ],
              [
                14167689.92675156,
                4368978.04018397
              ],
              [
                14167688.28823802,
                4368976.9738741
              ],
              [
                14167686.64805914,
                4368975.91015038
              ],
              [
                14167685.00621895,
                4368974.84901542
              ],
              [
                14167683.36272152,
                4368973.79047186
              ],
              [
                14167681.71757089,
                4368972.73452229
              ],
              [
                14167680.07077113,
                4368971.68116933
              ],
              [
                14167678.4223263,
                4368970.63041558
              ],
              [
                14167676.77224045,
                4368969.58226361
              ],
              [
                14167675.12051767,
                4368968.53671602
              ],
              [
                14167673.46716204,
                4368967.49377538
              ],
              [
                14167671.81217762,
                4368966.45344427
              ],
              [
                14167670.1555685,
                4368965.41572526
              ],
              [
                14167668.49733877,
                4368964.38062089
              ],
              [
                14167666.83749252,
                4368963.34813373
              ],
              [
                14167665.17603384,
                4368962.31826632
              ],
              [
                14167663.51296683,
                4368961.2910212
              ],
              [
                14167661.8482956,
                4368960.2664009
              ],
              [
                14167660.18202425,
                4368959.24440795
              ],
              [
                14167658.51415689,
                4368958.22504487
              ],
              [
                14167656.84469763,
                4368957.20831417
              ],
              [
                14167655.17365061,
                4368956.19421837
              ],
              [
                14167653.50101992,
                4368955.18275995
              ],
              [
                14167651.82680971,
                4368954.17394142
              ],
              [
                14167650.15102411,
                4368953.16776526
              ],
              [
                14167648.47366725,
                4368952.16423396
              ],
              [
                14167646.79474325,
                4368951.16334999
              ],
              [
                14167645.11425628,
                4368950.16511581
              ],
              [
                14167643.43221047,
                4368949.16953389
              ],
              [
                14167641.74860998,
                4368948.17660668
              ],
              [
                14167640.06345894,
                4368947.18633664
              ],
              [
                14167638.37676154,
                4368946.1987262
              ],
              [
                14167636.68852191,
                4368945.2137778
              ],
              [
                14167634.99874424,
                4368944.23149386
              ],
              [
                14167633.30743268,
                4368943.25187682
              ],
              [
                14167631.61459141,
                4368942.27492908
              ],
              [
                14167629.92022461,
                4368941.30065306
              ],
              [
                14167628.22433645,
                4368940.32905115
              ],
              [
                14167626.52693112,
                4368939.36012576
              ],
              [
                14167624.8280128,
                4368938.39387927
              ],
              [
                14167623.1275857,
                4368937.43031407
              ],
              [
                14167621.425654,
                4368936.46943252
              ],
              [
                14167619.72222189,
                4368935.51123701
              ],
              [
                14167618.01729359,
                4368934.5557299
              ],
              [
                14167616.3108733,
                4368933.60291353
              ],
              [
                14167614.60296523,
                4368932.65279026
              ],
              [
                14167612.89357359,
                4368931.70536243
              ],
              [
                14167611.18270259,
                4368930.76063238
              ],
              [
                14167609.47035647,
                4368929.81860244
              ],
              [
                14167607.75653944,
                4368928.87927493
              ],
              [
                14167606.04125573,
                4368927.94265217
              ],
              [
                14167604.32450957,
                4368927.00873647
              ],
              [
                14167602.6063052,
                4368926.07753012
              ],
              [
                14167600.88664685,
                4368925.14903543
              ],
              [
                14167599.16553878,
                4368924.22325469
              ],
              [
                14167597.44298521,
                4368923.30019017
              ],
              [
                14167595.71899041,
                4368922.37984416
              ],
              [
                14167593.99355862,
                4368921.46221893
              ],
              [
                14167592.26669411,
                4368920.54731673
              ],
              [
                14167590.53840113,
                4368919.63513982
              ],
              [
                14167588.80868395,
                4368918.72569046
              ],
              [
                14167587.07754683,
                4368917.81897088
              ],
              [
                14167585.34499404,
                4368916.91498332
              ],
              [
                14167583.61102985,
                4368916.01373001
              ],
              [
                14167581.87565855,
                4368915.11521318
              ],
              [
                14167580.13888442,
                4368914.21943504
              ],
              [
                14167578.40071174,
                4368913.32639778
              ],
              [
                14167576.66114479,
                4368912.43610363
              ],
              [
                14167574.92018787,
                4368911.54855477
              ],
              [
                14167573.17784528,
                4368910.6637534
              ],
              [
                14167571.4341213,
                4368909.78170169
              ],
              [
                14167569.68902025,
                4368908.90240182
              ],
              [
                14167567.94254643,
                4368908.02585596
              ],
              [
                14167566.19470414,
                4368907.15206627
              ],
              [
                14167564.44549771,
                4368906.2810349
              ],
              [
                14167562.69493143,
                4368905.412764
              ],
              [
                14167560.94300963,
                4368904.54725572
              ],
              [
                14167559.18973664,
                4368903.68451219
              ],
              [
                14167557.43511678,
                4368902.82453552
              ],
              [
                14167555.67915437,
                4368901.96732785
              ],
              [
                14167553.92185374,
                4368901.1128913
              ],
              [
                14167552.16321924,
                4368900.26122795
              ],
              [
                14167550.40325521,
                4368899.41233993
              ],
              [
                14167548.64196597,
                4368898.56622931
              ],
              [
                14167546.87935588,
                4368897.72289819
              ],
              [
                14167545.11542928,
                4368896.88234864
              ],
              [
                14167543.35019053,
                4368896.04458275
              ],
              [
                14167541.58364399,
                4368895.20960256
              ],
              [
                14167539.815794,
                4368894.37741015
              ],
              [
                14167538.04664493,
                4368893.54800756
              ],
              [
                14167536.27620114,
                4368892.72139684
              ],
              [
                14167534.504467,
                4368891.89758003
              ],
              [
                14167532.73144689,
                4368891.07655916
              ],
              [
                14167530.95714517,
                4368890.25833625
              ],
              [
                14167529.18156622,
                4368889.44291333
              ],
              [
                14167527.40471442,
                4368888.6302924
              ],
              [
                14167525.62659416,
                4368887.82047546
              ],
              [
                14167523.84720982,
                4368887.01346451
              ],
              [
                14167522.06656579,
                4368886.20926156
              ],
              [
                14167520.28466646,
                4368885.40786856
              ],
              [
                14167518.50151623,
                4368884.60928751
              ],
              [
                14167516.7171195,
                4368883.81352036
              ],
              [
                14167514.93148067,
                4368883.02056909
              ],
              [
                14167513.14460414,
                4368882.23043565
              ],
              [
                14167511.35649433,
                4368881.44312199
              ],
              [
                14167509.56715563,
                4368880.65863005
              ],
              [
                14167507.77659247,
                4368879.87696175
              ],
              [
                14167505.98480926,
                4368879.09811904
              ],
              [
                14167504.19181043,
                4368878.32210383
              ],
              [
                14167502.39760039,
                4368877.54891804
              ],
              [
                14167500.60218358,
                4368876.77856356
              ],
              [
                14167498.80556441,
                4368876.0110423
              ],
              [
                14167497.00774733,
                4368875.24635616
              ],
              [
                14167495.20873676,
                4368874.48450702
              ],
              [
                14167493.40853715,
                4368873.72549675
              ],
              [
                14167491.60715293,
                4368872.96932723
              ],
              [
                14167489.80458855,
                4368872.21600033
              ],
              [
                14167488.00084847,
                4368871.46551789
              ],
              [
                14167486.19593711,
                4368870.71788178
              ],
              [
                14167484.38985894,
                4368869.97309384
              ],
              [
                14167482.58261841,
                4368869.23115589
              ],
              [
                14167480.77421999,
                4368868.49206977
              ],
              [
                14167478.96466812,
                4368867.75583731
              ],
              [
                14167477.15396728,
                4368867.02246032
              ],
              [
                14167475.34212193,
                4368866.2919406
              ],
              [
                14167473.52913655,
                4368865.56427996
              ],
              [
                14167471.71501559,
                4368864.8394802
              ],
              [
                14167469.89976355,
                4368864.11754309
              ],
              [
                14167468.08338489,
                4368863.39847043
              ],
              [
                14167466.26588409,
                4368862.68226398
              ],
              [
                14167464.44726564,
                4368861.96892551
              ],
              [
                14167462.62753403,
                4368861.25845677
              ],
              [
                14167460.80669374,
                4368860.55085953
              ],
              [
                14167458.98474927,
                4368859.84613552
              ],
              [
                14167457.16170511,
                4368859.14428648
              ],
              [
                14167455.33756575,
                4368858.44531415
              ],
              [
                14167453.51233571,
                4368857.74922024
              ],
              [
                14167451.68601947,
                4368857.05600648
              ],
              [
                14167449.85862154,
                4368856.36567456
              ],
              [
                14167448.03014644,
                4368855.67822621
              ],
              [
                14167446.20059867,
                4368854.9936631
              ],
              [
                14167444.36998274,
                4368854.31198693
              ],
              [
                14167442.53830317,
                4368853.63319938
              ],
              [
                14167440.70556448,
                4368852.95730212
              ],
              [
                14167438.8717712,
                4368852.28429683
              ],
              [
                14167437.03692783,
                4368851.61418515
              ],
              [
                14167435.20103892,
                4368850.94696873
              ],
              [
                14167433.36410897,
                4368850.28264924
              ],
              [
                14167431.52614254,
                4368849.6212283
              ],
              [
                14167429.68714415,
                4368848.96270755
              ],
              [
                14167427.84711834,
                4368848.3070886
              ],
              [
                14167426.00606965,
                4368847.65437308
              ],
              [
                14167424.16400262,
                4368847.00456259
              ],
              [
                14167422.32092179,
                4368846.35765875
              ],
              [
                14167420.4768317,
                4368845.71366313
              ],
              [
                14167418.63173691,
                4368845.07257733
              ],
              [
                14167416.78564198,
                4368844.43440294
              ],
              [
                14167414.93855144,
                4368843.79914152
              ],
              [
                14167413.09046987,
                4368843.16679464
              ],
              [
                14167411.24140181,
                4368842.53736386
              ],
              [
                14167409.39135184,
                4368841.91085073
              ],
              [
                14167407.5403245,
                4368841.2872568
              ],
              [
                14167405.68832437,
                4368840.66658361
              ],
              [
                14167403.83535601,
                4368840.04883268
              ],
              [
                14167401.98142401,
                4368839.43400554
              ],
              [
                14167400.12653292,
                4368838.8221037
              ],
              [
                14167398.27068733,
                4368838.21312867
              ],
              [
                14167396.41389181,
                4368837.60708197
              ],
              [
                14167394.55615095,
                4368837.00396507
              ],
              [
                14167392.69746931,
                4368836.40377947
              ],
              [
                14167390.83785151,
                4368835.80652664
              ],
              [
                14167388.97730211,
                4368835.21220806
              ],
              [
                14167387.1158257,
                4368834.6208252
              ],
              [
                14167385.25342689,
                4368834.0323795
              ],
              [
                14167383.39011025,
                4368833.44687244
              ],
              [
                14167381.5258804,
                4368832.86430544
              ],
              [
                14167379.66074192,
                4368832.28467994
              ],
              [
                14167377.79469942,
                4368831.70799738
              ],
              [
                14167375.9277575,
                4368831.13425917
              ],
              [
                14167374.05992077,
                4368830.56346673
              ],
              [
                14167372.19119382,
                4368829.99562147
              ],
              [
                14167370.32158128,
                4368829.43072478
              ],
              [
                14167368.45108776,
                4368828.86877807
              ],
              [
                14167366.57971786,
                4368828.30978271
              ],
              [
                14167364.70747621,
                4368827.75374009
              ],
              [
                14167362.83436742,
                4368827.20065156
              ],
              [
                14167360.96039611,
                4368826.65051852
              ],
              [
                14167359.08556691,
                4368826.10334229
              ],
              [
                14167357.20988443,
                4368825.55912424
              ],
              [
                14167355.33335331,
                4368825.01786571
              ],
              [
                14167353.45597818,
                4368824.47956803
              ],
              [
                14167351.57776366,
                4368823.94423252
              ],
              [
                14167349.69871439,
                4368823.41186051
              ],
              [
                14167347.81883501,
                4368822.88245332
              ],
              [
                14167345.93813015,
                4368822.35601224
              ],
              [
                14167344.05660444,
                4368821.83253858
              ],
              [
                14167342.17426254,
                4368821.31203362
              ],
              [
                14167340.29110908,
                4368820.79449865
              ],
              [
                14167338.4071487,
                4368820.27993495
              ],
              [
                14167336.52238606,
                4368819.76834378
              ],
              [
                14167334.63682581,
                4368819.2597264
              ],
              [
                14167332.7504726,
                4368818.75408408
              ],
              [
                14167330.86333107,
                4368818.25141804
              ],
              [
                14167328.97540589,
                4368817.75172955
              ],
              [
                14167327.0867017,
                4368817.25501982
              ],
              [
                14167325.19722318,
                4368816.76129009
              ],
              [
                14167323.30697497,
                4368816.27054156
              ],
              [
                14167321.41596175,
                4368815.78277546
              ],
              [
                14167319.52418818,
                4368815.29799297
              ],
              [
                14167317.63165891,
                4368814.81619531
              ],
              [
                14167315.73837863,
                4368814.33738365
              ],
              [
                14167313.844352,
                4368813.86155918
              ],
              [
                14167311.94958369,
                4368813.38872306
              ],
              [
                14167310.05407839,
                4368812.91887648
              ],
              [
                14167308.15784074,
                4368812.45202057
              ],
              [
                14167306.26087546,
                4368811.9881565
              ],
              [
                14167304.3631872,
                4368811.52728541
              ],
              [
                14167302.46478064,
                4368811.06940844
              ],
              [
                14167300.56566049,
                4368810.61452671
              ],
              [
                14167298.6658314,
                4368810.16264135
              ],
              [
                14167296.76529809,
                4368809.71375346
              ],
              [
                14167294.86406522,
                4368809.26786417
              ],
              [
                14167292.96213749,
                4368808.82497456
              ],
              [
                14167291.05951959,
                4368808.38508572
              ],
              [
                14167289.15621622,
                4368807.94819876
              ],
              [
                14167287.25223206,
                4368807.51431473
              ],
              [
                14167285.34757182,
                4368807.08343471
              ],
              [
                14167283.4422402,
                4368806.65555977
              ],
              [
                14167281.53624188,
                4368806.23069095
              ],
              [
                14167279.62958159,
                4368805.80882931
              ],
              [
                14167277.72226401,
                4368805.38997588
              ],
              [
                14167275.81429385,
                4368804.9741317
              ],
              [
                14167273.90567582,
                4368804.5612978
              ],
              [
                14167271.99641463,
                4368804.15147518
              ],
              [
                14167270.08651499,
                4368803.74466487
              ],
              [
                14167268.1759816,
                4368803.34086787
              ],
              [
                14167266.26481917,
                4368802.94008516
              ],
              [
                14167264.35303243,
                4368802.54231774
              ],
              [
                14167262.4406261,
                4368802.1475666
              ],
              [
                14167260.52760487,
                4368801.75583269
              ],
              [
                14167258.61397349,
                4368801.367117
              ],
              [
                14167256.69973665,
                4368800.98142047
              ],
              [
                14167254.7848991,
                4368800.59874406
              ],
              [
                14167252.86946554,
                4368800.21908872
              ],
              [
                14167250.9534407,
                4368799.84245537
              ],
              [
                14167249.03682932,
                4368799.46884495
              ],
              [
                14167247.11963611,
                4368799.09825837
              ],
              [
                14167245.20186581,
                4368798.73069656
              ],
              [
                14167243.28352315,
                4368798.36616042
              ],
              [
                14167241.36461285,
                4368798.00465084
              ],
              [
                14167239.44513966,
                4368797.64616872
              ],
              [
                14167237.52510831,
                4368797.29071495
              ],
              [
                14167235.60452352,
                4368796.93829039
              ],
              [
                14167233.68339004,
                4368796.58889592
              ],
              [
                14167231.76171262,
                4368796.2425324
              ],
              [
                14167229.83949599,
                4368795.89920068
              ],
              [
                14167227.91674488,
                4368795.55890162
              ],
              [
                14167225.99346404,
                4368795.22163604
              ],
              [
                14167224.06965822,
                4368794.88740478
              ],
              [
                14167222.14533216,
                4368794.55620866
              ],
              [
                14167220.22049061,
                4368794.22804851
              ],
              [
                14167218.29513832,
                4368793.90292513
              ],
              [
                14167216.36928003,
                4368793.58083932
              ],
              [
                14167214.44292049,
                4368793.26179187
              ],
              [
                14167212.51606446,
                4368792.94578358
              ],
              [
                14167210.58871669,
                4368792.63281522
              ],
              [
                14167208.66088194,
                4368792.32288757
              ],
              [
                14167206.73256495,
                4368792.01600138
              ],
              [
                14167204.80377048,
                4368791.71215741
              ],
              [
                14167202.8745033,
                4368791.41135642
              ],
              [
                14167200.94476816,
                4368791.11359915
              ],
              [
                14167199.01456982,
                4368790.81888632
              ],
              [
                14167197.08391304,
                4368790.52721868
              ],
              [
                14167195.15280259,
                4368790.23859692
              ],
              [
                14167193.22124322,
                4368789.95302178
              ],
              [
                14167191.2892397,
                4368789.67049394
              ],
              [
                14167189.3567968,
                4368789.39101411
              ],
              [
                14167187.42391929,
                4368789.11458298
              ],
              [
                14167185.49061192,
                4368788.84120123
              ],
              [
                14167183.55687948,
                4368788.57086953
              ],
              [
                14167181.62272671,
                4368788.30358855
              ],
              [
                14167179.68815842,
                4368788.03935895
              ],
              [
                14167177.75317936,
                4368787.77818137
              ],
              [
                14167175.81779429,
                4368787.52005648
              ],
              [
                14167173.88200801,
                4368787.26498489
              ],
              [
                14167171.94582528,
                4368787.01296724
              ],
              [
                14167170.00925088,
                4368786.76400415
              ],
              [
                14167168.07228958,
                4368786.51809623
              ],
              [
                14167166.13494616,
                4368786.2752441
              ],
              [
                14167164.19722541,
                4368786.03544834
              ],
              [
                14167162.2591321,
                4368785.79870956
              ],
              [
                14167160.32067101,
                4368785.56502833
              ],
              [
                14167158.38184693,
                4368785.33440523
              ],
              [
                14167156.44266462,
                4368785.10684083
              ],
              [
                14167154.50312889,
                4368784.88233569
              ],
              [
                14167152.5632445,
                4368784.66089036
              ],
              [
                14167150.62301626,
                4368784.4425054
              ],
              [
                14167148.68244894,
                4368784.22718132
              ],
              [
                14167146.74154732,
                4368784.01491869
              ],
              [
                14167144.80031621,
                4368783.805718
              ],
              [
                14167142.85876037,
                4368783.59957978
              ],
              [
                14167140.91688462,
                4368783.39650454
              ],
              [
                14167138.97469372,
                4368783.19649278
              ],
              [
                14167137.03219248,
                4368782.99954498
              ],
              [
                14167135.08938568,
                4368782.80566165
              ],
              [
                14167133.14627812,
                4368782.61484325
              ],
              [
                14167131.20287459,
                4368782.42709025
              ],
              [
                14167129.25917989,
                4368782.24240312
              ],
              [
                14167127.3151988,
                4368782.06078231
              ],
              [
                14167125.37093612,
                4368781.88222827
              ],
              [
                14167123.42639665,
                4368781.70674145
              ],
              [
                14167121.48158519,
                4368781.53432227
              ],
              [
                14167119.53650653,
                4368781.36497115
              ],
              [
                14167117.59116547,
                4368781.19868853
              ],
              [
                14167115.6455668,
                4368781.0354748
              ],
              [
                14167113.69971533,
                4368780.87533037
              ],
              [
                14167111.75361586,
                4368780.71825563
              ],
              [
                14167109.80727319,
                4368780.56425097
              ],
              [
                14167107.86069211,
                4368780.41331678
              ],
              [
                14167105.91387743,
                4368780.26545342
              ],
              [
                14167103.96683394,
                4368780.12066125
              ],
              [
                14167102.01956647,
                4368779.97894064
              ],
              [
                14167100.07207979,
                4368779.84029194
              ],
              [
                14167098.12437873,
                4368779.70471548
              ],
              [
                14167096.17646808,
                4368779.5722116
              ],
              [
                14167094.22835265,
                4368779.44278062
              ],
              [
                14167092.28003724,
                4368779.31642288
              ],
              [
                14167090.33152666,
                4368779.19313866
              ],
              [
                14167088.38282571,
                4368779.0729283
              ],
              [
                14167086.43393921,
                4368778.95579207
              ],
              [
                14167084.48487195,
                4368778.84173026
              ],
              [
                14167082.53562875,
                4368778.73074317
              ],
              [
                14167080.58621442,
                4368778.62283105
              ],
              [
                14167078.63663375,
                4368778.51799419
              ],
              [
                14167076.68689157,
                4368778.41623283
              ],
              [
                14167074.73699267,
                4368778.31754722
              ],
              [
                14167072.78694188,
                4368778.22193762
              ],
              [
                14167070.83674399,
                4368778.12940425
              ],
              [
                14167068.88640383,
                4368778.03994735
              ],
              [
                14167066.93592619,
                4368777.95356713
              ],
              [
                14167064.9853159,
                4368777.8702638
              ],
              [
                14167063.03457776,
                4368777.79003759
              ],
              [
                14167061.08371658,
                4368777.71288868
              ],
              [
                14167059.13273717,
                4368777.63881725
              ],
              [
                14167057.18164436,
                4368777.5678235
              ],
              [
                14167055.23044294,
                4368777.4999076
              ],
              [
                14167053.27913775,
                4368777.43506971
              ],
              [
                14167051.32773358,
                4368777.37331
              ],
              [
                14167049.37623523,
                4368777.31462862
              ],
              [
                14167047.42464756,
                4368777.25902571
              ],
              [
                14167045.47297534,
                4368777.20650142
              ],
              [
                14167043.5212234,
                4368777.15705585
              ],
              [
                14167041.56939656,
                4368777.11068916
              ],
              [
                14167039.61749963,
                4368777.06740143
              ],
              [
                14167037.66553743,
                4368777.0271928
              ],
              [
                14167035.71351475,
                4368776.99006334
              ],
              [
                14167033.76143644,
                4368776.95601316
              ],
              [
                14167031.80930728,
                4368776.92504233
              ],
              [
                14167029.85713212,
                4368776.89715094
              ],
              [
                14167027.90491575,
                4368776.87233905
              ],
              [
                14167025.95266299,
                4368776.85060673
              ],
              [
                14167024.00037866,
                4368776.83195402
              ],
              [
                14167022.04806757,
                4368776.81638097
              ],
              [
                14167020.09573455,
                4368776.80388763
              ],
              [
                14167018.1433844,
                4368776.79447401
              ],
              [
                14167016.19102193,
                4368776.78814016
              ],
              [
                14167014.23865198,
                4368776.78488608
              ],
              [
                14167012.28627934,
                4368776.78471177
              ],
              [
                14167010.33390884,
                4368776.78761724
              ],
              [
                14167008.3815453,
                4368776.79360249
              ],
              [
                14167006.42919352,
                4368776.8026675
              ],
              [
                14167004.47685832,
                4368776.81481223
              ],
              [
                14167002.52454452,
                4368776.83003668
              ],
              [
                14167000.57225695,
                4368776.84834079
              ],
              [
                14166998.62000039,
                4368776.86972452
              ],
              [
                14166996.66777969,
                4368776.89418783
              ],
              [
                14166994.71559964,
                4368776.92173064
              ],
              [
                14166992.76346507,
                4368776.9523529
              ],
              [
                14166990.81138079,
                4368776.98605452
              ],
              [
                14166988.85935162,
                4368777.02283543
              ],
              [
                14166986.90738237,
                4368777.06269553
              ],
              [
                14166984.95547785,
                4368777.10563472
              ],
              [
                14166983.00364288,
                4368777.1516529
              ],
              [
                14166981.05188228,
                4368777.20074996
              ],
              [
                14166979.10020085,
                4368777.25292577
              ],
              [
                14166977.14860341,
                4368777.3081802
              ],
              [
                14166975.19709479,
                4368777.36651312
              ],
              [
                14166973.24567978,
                4368777.42792439
              ],
              [
                14166971.29436319,
                4368777.49241385
              ],
              [
                14166969.34314986,
                4368777.55998134
              ],
              [
                14166967.39204459,
                4368777.6306267
              ],
              [
                14166965.44105218,
                4368777.70434976
              ],
              [
                14166963.49017746,
                4368777.78115033
              ],
              [
                14166961.53942523,
                4368777.86102822
              ],
              [
                14166959.58880031,
                4368777.94398324
              ],
              [
                14166957.63830751,
                4368778.03001517
              ],
              [
                14166955.68795163,
                4368778.11912382
              ],
              [
                14166953.7377375,
                4368778.21130896
              ],
              [
                14166951.78766991,
                4368778.30657036
              ],
              [
                14166949.83775368,
                4368778.40490778
              ],
              [
                14166947.88799362,
                4368778.50632099
              ],
              [
                14166945.93839454,
                4368778.61080973
              ],
              [
                14166943.98896125,
                4368778.71837376
              ],
              [
                14166942.03969855,
                4368778.82901279
              ],
              [
                14166940.09061125,
                4368778.94272655
              ],
              [
                14166938.14170417,
                4368779.05951478
              ],
              [
                14166936.1929821,
                4368779.17937718
              ],
              [
                14166934.24444986,
                4368779.30231346
              ],
              [
                14166932.29611225,
                4368779.4283233
              ],
              [
                14166930.34797407,
                4368779.55740641
              ],
              [
                14166928.40004013,
                4368779.68956246
              ],
              [
                14166926.45231524,
                4368779.82479113
              ],
              [
                14166924.50480421,
                4368779.96309207
              ],
              [
                14166922.55751182,
                4368780.10446497
              ],
              [
                14166920.61044289,
                4368780.24890945
              ],
              [
                14166918.66360222,
                4368780.39642517
              ],
              [
                14166916.71699462,
                4368780.54701177
              ],
              [
                14166914.77062487,
                4368780.70066887
              ],
              [
                14166912.82449779,
                4368780.85739609
              ],
              [
                14166910.87861817,
                4368781.01719305
              ],
              [
                14166908.93299082,
                4368781.18005936
              ],
              [
                14166906.98762053,
                4368781.3459946
              ],
              [
                14166905.04251209,
                4368781.51499838
              ],
              [
                14166903.09767033,
                4368781.68707027
              ],
              [
                14166901.15310001,
                4368781.86220986
              ],
              [
                14166899.20880594,
                4368782.0404167
              ],
              [
                14166897.26479293,
                4368782.22169036
              ],
              [
                14166895.32106575,
                4368782.4060304
              ],
              [
                14166893.37762921,
                4368782.59343636
              ],
              [
                14166891.43448811,
                4368782.78390777
              ],
              [
                14166889.49164723,
                4368782.97744417
              ],
              [
                14166887.54911136,
                4368783.17404508
              ],
              [
                14166885.6068853,
                4368783.37371002
              ],
              [
                14166883.66497384,
                4368783.57643849
              ],
              [
                14166881.72338176,
                4368783.78222999
              ],
              [
                14166879.78211386,
                4368783.99108401
              ],
              [
                14166877.84117492,
                4368784.20300005
              ],
              [
                14166875.90056974,
                4368784.41797757
              ],
              [
                14166873.9603031,
                4368784.63601605
              ],
              [
                14166872.02037978,
                4368784.85711495
              ],
              [
                14166870.08080457,
                4368785.08127373
              ],
              [
                14166868.14158225,
                4368785.30849183
              ],
              [
                14166866.20271761,
                4368785.53876869
              ],
              [
                14166864.26421543,
                4368785.77210374
              ],
              [
                14166862.32608049,
                4368786.00849642
              ],
              [
                14166860.38831757,
                4368786.24794612
              ],
              [
                14166858.45093145,
                4368786.49045228
              ],
              [
                14166856.51392691,
                4368786.73601428
              ],
              [
                14166854.57730873,
                4368786.98463153
              ],
              [
                14166852.64108168,
                4368787.2363034
              ],
              [
                14166850.70525054,
                4368787.49102928
              ],
              [
                14166848.76982009,
                4368787.74880855
              ],
              [
                14166846.83479509,
                4368788.00964056
              ],
              [
                14166844.90018033,
                4368788.27352467
              ],
              [
                14166842.96598057,
                4368788.54046022
              ],
              [
                14166841.03220058,
                4368788.81044658
              ],
              [
                14166839.09884513,
                4368789.08348306
              ],
              [
                14166837.165919,
                4368789.35956899
              ],
              [
                14166835.23342695,
                4368789.6387037
              ],
              [
                14166833.30137374,
                4368789.92088649
              ],
              [
                14166831.36976415,
                4368790.20611667
              ],
              [
                14166829.43860294,
                4368790.49439354
              ],
              [
                14166827.50789486,
                4368790.78571638
              ],
              [
                14166825.57764469,
                4368791.08008448
              ],
              [
                14166823.64785718,
                4368791.37749711
              ],
              [
                14166821.71853709,
                4368791.67795353
              ],
              [
                14166819.78968918,
                4368791.98145302
              ],
              [
                14166817.86131822,
                4368792.28799481
              ],
              [
                14166815.93342895,
                4368792.59757815
              ],
              [
                14166814.00602614,
                4368792.91020229
              ],
              [
                14166812.07911453,
                4368793.22586644
              ],
              [
                14166810.15269887,
                4368793.54456983
              ],
              [
                14166808.22678393,
                4368793.86631167
              ],
              [
                14166806.30137445,
                4368794.19109117
              ],
              [
                14166804.37647517,
                4368794.51890754
              ],
              [
                14166802.45209086,
                4368794.84975996
              ],
              [
                14166800.52822625,
                4368795.18364761
              ],
              [
                14166798.60488609,
                4368795.52056967
              ],
              [
                14166796.68207513,
                4368795.86052532
              ],
              [
                14166794.75979809,
                4368796.20351371
              ],
              [
                14166792.83805974,
                4368796.549534
              ],
              [
                14166790.91686481,
                4368796.89858533
              ],
              [
                14166788.99621803,
                4368797.25066684
              ],
              [
                14166787.07612414,
                4368797.60577768
              ],
              [
                14166785.1565879,
                4368797.96391695
              ],
              [
                14166783.23761401,
                4368798.32508378
              ],
              [
                14166781.31920722,
                4368798.68927727
              ],
              [
                14166779.40137226,
                4368799.05649654
              ],
              [
                14166777.48411387,
                4368799.42674066
              ],
              [
                14166775.56743676,
                4368799.80000874
              ],
              [
                14166773.65134567,
                4368800.17629985
              ],
              [
                14166771.73584532,
                4368800.55561306
              ],
              [
                14166769.82094045,
                4368800.93794743
              ],
              [
                14166767.90663575,
                4368801.32330203
              ],
              [
                14166765.99293599,
                4368801.7116759
              ],
              [
                14166764.07984585,
                4368802.10306809
              ],
              [
                14166762.16737007,
                4368802.49747763
              ],
              [
                14166760.25551335,
                4368802.89490355
              ],
              [
                14166758.34428042,
                4368803.29534486
              ],
              [
                14166756.43367599,
                4368803.69880059
              ],
              [
                14166754.52370477,
                4368804.10526973
              ],
              [
                14166752.61437148,
                4368804.51475129
              ],
              [
                14166750.70568082,
                4368804.92724425
              ],
              [
                14166748.79763751,
                4368805.3427476
              ],
              [
                14166746.89024624,
                4368805.76126031
              ],
              [
                14166744.98351172,
                4368806.18278136
              ],
              [
                14166743.07743866,
                4368806.60730969
              ],
              [
                14166741.17203175,
                4368807.03484427
              ],
              [
                14166739.2672957,
                4368807.46538404
              ],
              [
                14166737.36323521,
                4368807.89892793
              ],
              [
                14166735.45985498,
                4368808.33547489
              ],
              [
                14166733.55715968,
                4368808.77502383
              ],
              [
                14166731.65515403,
                4368809.21757367
              ],
              [
                14166729.75384271,
                4368809.66312332
              ],
              [
                14166727.85323041,
                4368810.11167168
              ],
              [
                14166725.95332182,
                4368810.56321764
              ],
              [
                14166724.05412163,
                4368811.0177601
              ],
              [
                14166722.15563451,
                4368811.47529792
              ],
              [
                14166720.25786516,
                4368811.93582998
              ],
              [
                14166718.36081826,
                4368812.39935515
              ],
              [
                14166716.46449847,
                4368812.86587228
              ],
              [
                14166714.56891049,
                4368813.33538023
              ],
              [
                14166712.67405898,
                4368813.80787783
              ],
              [
                14166710.77994863,
                4368814.28336391
              ],
              [
                14166708.8865841,
                4368814.76183732
              ],
              [
                14166706.99397006,
                4368815.24329687
              ],
              [
                14166705.10211118,
                4368815.72774136
              ],
              [
                14166703.21101213,
                4368816.21516961
              ],
              [
                14166701.32067757,
                4368816.70558042
              ],
              [
                14166699.43111217,
                4368817.19897257
              ],
              [
                14166697.54232058,
                4368817.69534485
              ],
              [
                14166695.65430747,
                4368818.19469603
              ],
              [
                14166693.76707749,
                4368818.69702488
              ],
              [
                14166691.88063529,
                4368819.20233017
              ],
              [
                14166689.99498554,
                4368819.71061065
              ],
              [
                14166688.11013288,
                4368820.22186506
              ],
              [
                14166686.22608196,
                4368820.73609215
              ],
              [
                14166684.34283742,
                4368821.25329064
              ],
              [
                14166682.46040392,
                4368821.77345927
              ],
              [
                14166680.5787861,
                4368822.29659674
              ],
              [
                14166678.69798859,
                4368822.82270177
              ],
              [
                14166676.81801604,
                4368823.35177306
              ],
              [
                14166674.93887309,
                4368823.88380932
              ],
              [
                14166673.06056436,
                4368824.41880921
              ],
              [
                14166671.1830945,
                4368824.95677143
              ],
              [
                14166669.30646813,
                4368825.49769465
              ],
              [
                14166667.43068988,
                4368826.04157754
              ],
              [
                14166665.55576438,
                4368826.58841875
              ],
              [
                14166663.68169625,
                4368827.13821693
              ],
              [
                14166661.80849013,
                4368827.69097074
              ],
              [
                14166659.93615062,
                4368828.2466788
              ],
              [
                14166658.06468234,
                4368828.80533975
              ],
              [
                14166656.19408992,
                4368829.36695221
              ],
              [
                14166654.32437796,
                4368829.93151479
              ],
              [
                14166652.45555108,
                4368830.49902611
              ],
              [
                14166650.58761389,
                4368831.06948477
              ],
              [
                14166648.72057099,
                4368831.64288934
              ],
              [
                14166646.854427,
                4368832.21923843
              ],
              [
                14166644.9891865,
                4368832.79853061
              ],
              [
                14166643.12485411,
                4368833.38076446
              ],
              [
                14166641.26143443,
                4368833.96593853
              ],
              [
                14166639.39893205,
                4368834.55405138
              ],
              [
                14166637.53735156,
                4368835.14510158
              ],
              [
                14166635.67669755,
                4368835.73908764
              ],
              [
                14166633.81697462,
                4368836.33600812
              ],
              [
                14166631.95818735,
                4368836.93586155
              ],
              [
                14166630.10034033,
                4368837.53864643
              ],
              [
                14166628.24343814,
                4368838.14436129
              ],
              [
                14166626.38748536,
                4368838.75300463
              ],
              [
                14166624.53248658,
                4368839.36457495
              ],
              [
                14166622.67844635,
                4368839.97907075
              ],
              [
                14166620.82536926,
                4368840.5964905
              ],
              [
                14166618.97325988,
                4368841.21683268
              ],
              [
                14166617.12212278,
                4368841.84009578
              ],
              [
                14166615.27196252,
                4368842.46627824
              ],
              [
                14166613.42278367,
                4368843.09537852
              ],
              [
                14166611.57459079,
                4368843.72739508
              ],
              [
                14166609.72738843,
                4368844.36232635
              ],
              [
                14166607.88118116,
                4368845.00017077
              ],
              [
                14166606.03597353,
                4368845.64092678
              ],
              [
                14166604.19177008,
                4368846.28459277
              ],
              [
                14166602.34857538,
                4368846.93116718
              ],
              [
                14166600.50639396,
                4368847.5806484
              ],
              [
                14166598.66523036,
                4368848.23303483
              ],
              [
                14166596.82508914,
                4368848.88832487
              ],
              [
                14166594.98597483,
                4368849.5465169
              ],
              [
                14166593.14789197,
                4368850.2076093
              ],
              [
                14166591.31084508,
                4368850.87160043
              ],
              [
                14166589.47483871,
                4368851.53848866
              ],
              [
                14166587.63987738,
                4368852.20827234
              ],
              [
                14166585.80596561,
                4368852.88094983
              ],
              [
                14166583.97310794,
                4368853.55651945
              ],
              [
                14166582.14130887,
                4368854.23497957
              ],
              [
                14166580.31057293,
                4368854.91632848
              ],
              [
                14166578.48090465,
                4368855.60056452
              ],
              [
                14166576.65230852,
                4368856.287686
              ],
              [
                14166574.82478906,
                4368856.97769122
              ],
              [
                14166572.99835078,
                4368857.67057849
              ],
              [
                14166571.17299819,
                4368858.36634608
              ],
              [
                14166569.34873578,
                4368859.0649923
              ],
              [
                14166567.52556805,
                4368859.76651541
              ],
              [
                14166565.70349951,
                4368860.47091369
              ],
              [
                14166563.88253464,
                4368861.1781854
              ],
              [
                14166562.06267795,
                4368861.88832879
              ],
              [
                14166560.24393391,
                4368862.60134211
              ],
              [
                14166558.42630702,
                4368863.31722361
              ],
              [
                14166556.60980175,
                4368864.03597152
              ],
              [
                14166554.7944226,
                4368864.75758407
              ],
              [
                14166552.98017403,
                4368865.48205948
              ],
              [
                14166551.16706052,
                4368866.20939596
              ],
              [
                14166549.35508655,
                4368866.93959172
              ],
              [
                14166547.54425658,
                4368867.67264495
              ],
              [
                14166545.73457509,
                4368868.40855386
              ],
              [
                14166543.92604653,
                4368869.14731662
              ],
              [
                14166542.11867537,
                4368869.88893142
              ],
              [
                14166540.31246606,
                4368870.63339642
              ],
              [
                14166538.50742306,
                4368871.38070979
              ],
              [
                14166536.70355082,
                4368872.1308697
              ],
              [
                14166534.9008538,
                4368872.88387427
              ],
              [
                14166533.09933644,
                4368873.63972167
              ],
              [
                14166531.29900318,
                4368874.39841002
              ],
              [
                14166529.49985846,
                4368875.15993746
              ],
              [
                14166527.70190673,
                4368875.92430211
              ],
              [
                14166525.90515241,
                4368876.69150208
              ],
              [
                14166524.10959994,
                4368877.46153548
              ],
              [
                14166522.31525375,
                4368878.23440042
              ],
              [
                14166520.52211827,
                4368879.01009498
              ],
              [
                14166518.73019792,
                4368879.78861726
              ],
              [
                14166516.93949711,
                4368880.56996533
              ],
              [
                14166515.15002027,
                4368881.35413727
              ],
              [
                14166513.3617718,
                4368882.14113115
              ],
              [
                14166511.57475613,
                4368882.93094502
              ],
              [
                14166509.78897766,
                4368883.72357693
              ],
              [
                14166508.00444079,
                4368884.51902494
              ],
              [
                14166506.22114993,
                4368885.31728707
              ],
              [
                14166504.43910947,
                4368886.11836137
              ],
              [
                14166502.65832382,
                4368886.92224585
              ],
              [
                14166500.87879735,
                4368887.72893854
              ],
              [
                14166499.10053448,
                4368888.53843745
              ],
              [
                14166497.32353957,
                4368889.35074056
              ],
              [
                14166495.54781701,
                4368890.1658459
              ],
              [
                14166493.77337119,
                4368890.98375145
              ],
              [
                14166492.00020648,
                4368891.80445518
              ],
              [
                14166490.22832726,
                4368892.62795508
              ],
              [
                14166488.45773789,
                4368893.45424911
              ],
              [
                14166486.68844274,
                4368894.28333524
              ],
              [
                14166484.92044618,
                4368895.11521143
              ],
              [
                14166483.15375258,
                4368895.94987561
              ],
              [
                14166481.38836627,
                4368896.78732574
              ],
              [
                14166479.62429164,
                4368897.62755975
              ],
              [
                14166477.86153301,
                4368898.47057556
              ],
              [
                14166476.10009475,
                4368899.3163711
              ],
              [
                14166474.3399812,
                4368900.16494428
              ],
              [
                14166472.58119669,
                4368901.01629302
              ],
              [
                14166470.82374557,
                4368901.8704152
              ],
              [
                14166469.06763217,
                4368902.72730873
              ],
              [
                14166467.31286083,
                4368903.58697148
              ],
              [
                14166465.55943588,
                4368904.44940136
              ],
              [
                14166463.80736163,
                4368905.31459621
              ],
              [
                14166462.05664241,
                4368906.18255391
              ],
              [
                14166460.30728255,
                4368907.05327233
              ],
              [
                14166458.55928635,
                4368907.92674931
              ],
              [
                14166456.81265812,
                4368908.8029827
              ],
              [
                14166455.06740218,
                4368909.68197034
              ],
              [
                14166453.32352284,
                4368910.56371006
              ],
              [
                14166451.58102438,
                4368911.44819969
              ],
              [
                14166449.83991112,
                4368912.33543704
              ],
              [
                14166448.10018734,
                4368913.22541993
              ],
              [
                14166446.36185734,
                4368914.11814617
              ],
              [
                14166444.62492541,
                4368915.01361355
              ],
              [
                14166442.88939582,
                4368915.91181987
              ],
              [
                14166441.15527288,
                4368916.8127629
              ],
              [
                14166439.42256084,
                4368917.71644043
              ],
              [
                14166437.69126399,
                4368918.62285023
              ],
              [
                14166435.96138658,
                4368919.53199007
              ],
              [
                14166434.23293291,
                4368920.4438577
              ],
              [
                14166432.50590721,
                4368921.35845088
              ],
              [
                14166430.78031377,
                4368922.27576734
              ],
              [
                14166429.05615683,
                4368923.19580483
              ],
              [
                14166427.33344064,
                4368924.11856107
              ],
              [
                14166425.61216946,
                4368925.04403381
              ],
              [
                14166423.89234754,
                4368925.97222074
              ],
              [
                14166422.1739791,
                4368926.90311958
              ],
              [
                14166420.45706841,
                4368927.83672804
              ],
              [
                14166418.74161968,
                4368928.77304382
              ],
              [
                14166417.02763715,
                4368929.71206459
              ],
              [
                14166415.31512505,
                4368930.65378806
              ],
              [
                14166413.60408761,
                4368931.5982119
              ],
              [
                14166411.89452904,
                4368932.54533377
              ],
              [
                14166410.18645356,
                4368933.49515135
              ],
              [
                14166408.47986539,
                4368934.44766229
              ],
              [
                14166406.77476874,
                4368935.40286424
              ],
              [
                14166405.0711678,
                4368936.36075485
              ],
              [
                14166403.36906679,
                4368937.32133175
              ],
              [
                14166401.6684699,
                4368938.28459258
              ],
              [
                14166399.96938134,
                4368939.25053496
              ],
              [
                14166398.27180528,
                4368940.2191565
              ],
              [
                14166396.57574592,
                4368941.19045483
              ],
              [
                14166394.88120744,
                4368942.16442755
              ],
              [
                14166393.18819402,
                4368943.14107224
              ],
              [
                14166391.49670984,
                4368944.12038651
              ],
              [
                14166389.80675908,
                4368945.10236795
              ],
              [
                14166388.11834589,
                4368946.08701411
              ],
              [
                14166386.43147444,
                4368947.0743226
              ],
              [
                14166384.74614891,
                4368948.06429096
              ],
              [
                14166383.06237344,
                4368949.05691674
              ],
              [
                14166381.38015219,
                4368950.05219752
              ],
              [
                14166379.6994893,
                4368951.05013083
              ],
              [
                14166378.02038892,
                4368952.05071421
              ],
              [
                14166376.34285521,
                4368953.0539452
              ],
              [
                14166374.66689229,
                4368954.05982132
              ],
              [
                14166372.9925043,
                4368955.06834008
              ],
              [
                14166371.31969536,
                4368956.07949901
              ],
              [
                14166369.64846961,
                4368957.09329561
              ],
              [
                14166367.97883118,
                4368958.10972738
              ],
              [
                14166366.31078417,
                4368959.12879181
              ],
              [
                14166364.6443327,
                4368960.1504864
              ],
              [
                14166362.97948089,
                4368961.17480861
              ],
              [
                14166361.31623284,
                4368962.20175593
              ],
              [
                14166359.65459265,
                4368963.23132582
              ],
              [
                14166357.99456442,
                4368964.26351574
              ],
              [
                14166356.33615226,
                4368965.29832316
              ],
              [
                14166354.67936024,
                4368966.33574551
              ],
              [
                14166353.02419245,
                4368967.37578024
              ],
              [
                14166351.37065299,
                4368968.41842478
              ],
              [
                14166349.71874593,
                4368969.46367656
              ],
              [
                14166348.06847534,
                4368970.51153301
              ],
              [
                14166346.41984531,
                4368971.56199153
              ],
              [
                14166344.77285987,
                4368972.61504956
              ],
              [
                14166343.12752312,
                4368973.67070447
              ],
              [
                14166341.4838391,
                4368974.72895368
              ],
              [
                14166339.84181187,
                4368975.78979456
              ],
              [
                14166338.20144549,
                4368976.85322451
              ],
              [
                14166336.56274399,
                4368977.9192409
              ],
              [
                14166334.92571141,
                4368978.98784111
              ],
              [
                14166333.29035181,
                4368980.05902249
              ],
              [
                14166331.65666921,
                4368981.13278242
              ],
              [
                14166330.02466765,
                4368982.20911823
              ],
              [
                14166328.39435114,
                4368983.28802728
              ],
              [
                14166326.76572371,
                4368984.3695069
              ],
              [
                14166325.13878938,
                4368985.45355443
              ],
              [
                14166323.51355217,
                4368986.54016719
              ],
              [
                14166321.89001608,
                4368987.62934251
              ],
              [
                14166320.26818512,
                4368988.7210777
              ],
              [
                14166318.64806328,
                4368989.81537006
              ],
              [
                14166317.02965457,
                4368990.9122169
              ],
              [
                14166315.41296297,
                4368992.01161552
              ],
              [
                14166313.79799249,
                4368993.1135632
              ],
              [
                14166312.18474709,
                4368994.21805722
              ],
              [
                14166310.57323077,
                4368995.32509487
              ],
              [
                14166308.96344749,
                4368996.4346734
              ],
              [
                14166307.35540122,
                4368997.54679009
              ],
              [
                14166305.74909595,
                4368998.66144219
              ],
              [
                14166304.14453562,
                4368999.77862696
              ],
              [
                14166302.54172419,
                4369000.89834164
              ],
              [
                14166300.94066563,
                4369002.02058346
              ],
              [
                14166299.34136387,
                4369003.14534966
              ],
              [
                14166297.74382287,
                4369004.27263747
              ],
              [
                14166296.14804657,
                4369005.40244411
              ],
              [
                14166294.5540389,
                4369006.53476679
              ],
              [
                14166292.96180379,
                4369007.66960271
              ],
              [
                14166291.37134519,
                4369008.80694909
              ],
              [
                14166289.78266699,
                4369009.9468031
              ],
              [
                14166288.19577314,
                4369011.08916196
              ],
              [
                14166286.61066754,
                4369012.23402283
              ],
              [
                14166285.0273541,
                4369013.3813829
              ],
              [
                14166283.44583673,
                4369014.53123933
              ],
              [
                14166281.86611932,
                4369015.68358928
              ],
              [
                14166280.28820579,
                4369016.83842993
              ],
              [
                14166278.71210002,
                4369017.99575841
              ],
              [
                14166277.1378059,
                4369019.15557188
              ],
              [
                14166275.56532731,
                4369020.31786748
              ],
              [
                14166273.99466813,
                4369021.48264233
              ],
              [
                14166272.42583224,
                4369022.64989357
              ],
              [
                14166270.8588235,
                4369023.81961832
              ],
              [
                14166269.29364579,
                4369024.99181369
              ],
              [
                14166267.73030297,
                4369026.1664768
              ],
              [
                14166266.16879889,
                4369027.34360474
              ],
              [
                14166264.6091374,
                4369028.52319461
              ],
              [
                14166263.05132235,
                4369029.70524351
              ],
              [
                14166261.49535759,
                4369030.88974851
              ],
              [
                14166259.94124696,
                4369032.07670671
              ],
              [
                14166258.38899428,
                4369033.26611516
              ],
              [
                14166256.83860339,
                4369034.45797095
              ],
              [
                14166255.29007811,
                4369035.65227112
              ],
              [
                14166253.74342227,
                4369036.84901274
              ],
              [
                14166252.19863968,
                4369038.04819285
              ],
              [
                14166250.65573414,
                4369039.24980849
              ],
              [
                14166249.11470947,
                4369040.4538567
              ],
              [
                14166247.57556948,
                4369041.66033453
              ],
              [
                14166246.03831794,
                4369042.86923897
              ],
              [
                14166244.50295867,
                4369044.08056706
              ],
              [
                14166242.96949544,
                4369045.29431582
              ],
              [
                14166241.43793204,
                4369046.51048223
              ],
              [
                14166239.90827225,
                4369047.72906331
              ],
              [
                14166238.38051985,
                4369048.95005606
              ],
              [
                14166236.85467859,
                4369050.17345746
              ],
              [
                14166235.33075225,
                4369051.39926448
              ],
              [
                14166233.80874459,
                4369052.62747412
              ],
              [
                14166232.28865935,
                4369053.85808335
              ],
              [
                14166230.7705003,
                4369055.09108912
              ],
              [
                14166229.25427118,
                4369056.32648839
              ],
              [
                14166227.73997572,
                4369057.56427813
              ],
              [
                14166226.22761766,
                4369058.80445527
              ],
              [
                14166224.71720074,
                4369060.04701676
              ],
              [
                14166223.20872869,
                4369061.29195953
              ],
              [
                14166221.70220521,
                4369062.53928052
              ],
              [
                14166220.19763403,
                4369063.78897665
              ],
              [
                14166218.69501887,
                4369065.04104483
              ],
              [
                14166217.19436342,
                4369066.29548199
              ],
              [
                14166215.6956714,
                4369067.55228502
              ],
              [
                14166214.19894649,
                4369068.81145082
              ],
              [
                14166212.7041924,
                4369070.0729763
              ],
              [
                14166211.21141281,
                4369071.33685833
              ],
              [
                14166209.72061139,
                4369072.60309381
              ],
              [
                14166208.23179184,
                4369073.87167961
              ],
              [
                14166206.74495782,
                4369075.1426126
              ],
              [
                14166205.26011302,
                4369076.41588964
              ],
              [
                14166203.77726106,
                4369077.69150761
              ],
              [
                14166202.29640564,
                4369078.96946335
              ],
              [
                14166200.8175504,
                4369080.24975371
              ],
              [
                14166199.34069897,
                4369081.53237553
              ],
              [
                14166197.86585502,
                4369082.81732564
              ],
              [
                14166196.39302218,
                4369084.10460089
              ],
              [
                14166194.92220408,
                4369085.3941981
              ],
              [
                14166193.45340436,
                4369086.68611408
              ],
              [
                14166191.98662662,
                4369087.98034565
              ],
              [
                14166190.52187451,
                4369089.27688962
              ],
              [
                14166189.05915162,
                4369090.57574279
              ],
              [
                14166187.59846157,
                4369091.87690197
              ],
              [
                14166186.13980796,
                4369093.18036392
              ],
              [
                14166184.68319439,
                4369094.48612546
              ],
              [
                14166183.22862445,
                4369095.79418334
              ],
              [
                14166181.77610174,
                4369097.10453435
              ],
              [
                14166180.32562983,
                4369098.41717527
              ],
              [
                14166178.87721231,
                4369099.73210283
              ],
              [
                14166177.43085275,
                4369101.04931382
              ],
              [
                14166175.98655471,
                4369102.36880498
              ],
              [
                14166174.54432177,
                4369103.69057305
              ],
              [
                14166173.10415747,
                4369105.01461477
              ],
              [
                14166171.66606538,
                4369106.34092689
              ],
              [
                14166170.23004904,
                4369107.66950612
              ],
              [
                14166168.79611199,
                4369109.0003492
              ],
              [
                14166167.36425778,
                4369110.33345283
              ],
              [
                14166165.93448993,
                4369111.66881374
              ],
              [
                14166164.50681197,
                4369113.00642863
              ],
              [
                14166163.08122742,
                4369114.34629419
              ],
              [
                14166161.65773981,
                4369115.68840714
              ],
              [
                14166160.23635264,
                4369117.03276415
              ],
              [
                14166158.81706943,
                4369118.37936191
              ],
              [
                14166157.39989367,
                4369119.72819711
              ],
              [
                14166155.98482885,
                4369121.0792664
              ],
              [
                14166154.57187849,
                4369122.43256646
              ],
              [
                14166153.16104604,
                4369123.78809397
              ],
              [
                14166151.75233501,
                4369125.14584556
              ],
              [
                14166150.34574885,
                4369126.50581789
              ],
              [
                14166148.94129106,
                4369127.86800761
              ],
              [
                14166147.53896509,
                4369129.23241137
              ],
              [
                14166146.13877439,
                4369130.59902579
              ],
              [
                14166144.74072244,
                4369131.96784749
              ],
              [
                14166143.34481266,
                4369133.33887312
              ],
              [
                14166141.95104852,
                4369134.71209929
              ],
              [
                14166140.55943343,
                4369136.08752261
              ],
              [
                14166139.16997086,
                4369137.46513969
              ],
              [
                14166137.78266421,
                4369138.84494713
              ],
              [
                14166136.39751692,
                4369140.22694152
              ],
              [
                14166135.0145324,
                4369141.61111946
              ],
              [
                14166133.63371405,
                4369142.99747755
              ],
              [
                14166132.2550653,
                4369144.38601235
              ],
              [
                14166130.87858954,
                4369145.77672044
              ],
              [
                14166129.50429017,
                4369147.1695984
              ],
              [
                14166128.13217058,
                4369148.56464278
              ],
              [
                14166126.76223415,
                4369149.96185015
              ],
              [
                14166125.39448427,
                4369151.36121707
              ],
              [
                14166124.0289243,
                4369152.76274007
              ],
              [
                14166122.66555763,
                4369154.16641571
              ],
              [
                14166121.3043876,
                4369155.57224052
              ],
              [
                14166119.94541759,
                4369156.98021103
              ],
              [
                14166118.58865094,
                4369158.39032378
              ],
              [
                14166117.23409101,
                4369159.80257529
              ],
              [
                14166115.88174113,
                4369161.21696207
              ],
              [
                14166114.53160464,
                4369162.63348063
              ],
              [
                14166113.18368487,
                4369164.05212748
              ],
              [
                14166111.83798515,
                4369165.47289913
              ],
              [
                14166110.49450881,
                4369166.89579206
              ],
              [
                14166109.15325914,
                4369168.32080277
              ],
              [
                14166107.81423947,
                4369169.74792775
              ],
              [
                14166106.4774531,
                4369171.17716347
              ],
              [
                14166105.14290332,
                4369172.60850642
              ],
              [
                14166103.81059343,
                4369174.04195305
              ],
              [
                14166102.48052672,
                4369175.47749984
              ],
              [
                14166101.15270647,
                4369176.91514324
              ],
              [
                14166099.82713596,
                4369178.35487971
              ],
              [
                14166098.50381844,
                4369179.7967057
              ],
              [
                14166097.1827572,
                4369181.24061765
              ],
              [
                14166095.86395549,
                4369182.68661201
              ],
              [
                14166094.54741657,
                4369184.1346852
              ],
              [
                14166093.23314367,
                4369185.58483365
              ],
              [
                14166091.92114006,
                4369187.03705379
              ],
              [
                14166090.61140896,
                4369188.49134204
              ],
              [
                14166089.3039536,
                4369189.9476948
              ],
              [
                14166087.99877721,
                4369191.4061085
              ],
              [
                14166086.69588302,
                4369192.86657952
              ],
              [
                14166085.39527424,
                4369194.32910427
              ],
              [
                14166084.09695407,
                4369195.79367915
              ],
              [
                14166082.80092572,
                4369197.26030053
              ],
              [
                14166081.50719239,
                4369198.72896481
              ],
              [
                14166080.21575727,
                4369200.19966836
              ],
              [
                14166078.92662355,
                4369201.67240755
              ],
              [
                14166077.6397944,
                4369203.14717875
              ],
              [
                14166076.35527302,
                4369204.62397833
              ],
              [
                14166075.07306255,
                4369206.10280264
              ],
              [
                14166073.79316617,
                4369207.58364803
              ],
              [
                14166072.51558704,
                4369209.06651086
              ],
              [
                14166071.2403283,
                4369210.55138746
              ],
              [
                14166069.96739311,
                4369212.03827417
              ],
              [
                14166068.6967846,
                4369213.52716733
              ],
              [
                14166067.42850592,
                4369215.01806327
              ],
              [
                14166066.16256019,
                4369216.5109583
              ],
              [
                14166064.89895053,
                4369218.00584875
              ],
              [
                14166063.63768006,
                4369219.50273092
              ],
              [
                14166062.3787519,
                4369221.00160114
              ],
              [
                14166061.12216915,
                4369222.50245569
              ],
              [
                14166059.86793492,
                4369224.00529088
              ],
              [
                14166058.61605229,
                4369225.510103
              ],
              [
                14166057.36652435,
                4369227.01688835
              ],
              [
                14166056.1193542,
                4369228.5256432
              ],
              [
                14166054.87454491,
                4369230.03636383
              ],
              [
                14166053.63209954,
                4369231.54904652
              ],
              [
                14166052.39202117,
                4369233.06368753
              ],
              [
                14166051.15431285,
                4369234.58028314
              ],
              [
                14166049.91897765,
                4369236.0988296
              ],
              [
                14166048.6860186,
                4369237.61932316
              ],
              [
                14166047.45543876,
                4369239.14176008
              ],
              [
                14166046.22724114,
                4369240.6661366
              ],
              [
                14166045.00142881,
                4369242.19244896
              ],
              [
                14166043.77800475,
                4369243.7206934
              ],
              [
                14166042.55697202,
                4369245.25086614
              ],
              [
                14166041.33833361,
                4369246.78296342
              ],
              [
                14166040.12209253,
                4369248.31698146
              ],
              [
                14166038.90825178,
                4369249.85291646
              ],
              [
                14166037.69681437,
                4369251.39076465
              ],
              [
                14166036.48778327,
                4369252.93052223
              ],
              [
                14166035.28116147,
                4369254.4721854
              ],
              [
                14166034.07695196,
                4369256.01575036
              ],
              [
                14166032.87515769,
                4369257.56121331
              ],
              [
                14166031.67578164,
                4369259.10857043
              ],
              [
                14166030.47882677,
                4369260.65781791
              ],
              [
                14166029.28429603,
                4369262.20895191
              ],
              [
                14166028.09219236,
                4369263.76196863
              ],
              [
                14166026.90251872,
                4369265.31686423
              ],
              [
                14166025.71527803,
                4369266.87363487
              ],
              [
                14166024.53047323,
                4369268.43227672
              ],
              [
                14166023.34810724,
                4369269.99278592
              ],
              [
                14166022.16818298,
                4369271.55515864
              ],
              [
                14166020.99070336,
                4369273.11939102
              ],
              [
                14166019.81567128,
                4369274.6854792
              ],
              [
                14166018.64308964,
                4369276.25341931
              ],
              [
                14166017.47296135,
                4369277.82320749
              ],
              [
                14166016.30528928,
                4369279.39483987
              ],
              [
                14166015.14007631,
                4369280.96831258
              ],
              [
                14166013.97732533,
                4369282.54362173
              ],
              [
                14166012.81703921,
                4369284.12076343
              ],
              [
                14166011.6592208,
                4369285.6997338
              ],
              [
                14166010.50387296,
                4369287.28052894
              ],
              [
                14166009.35099854,
                4369288.86314495
              ],
              [
                14166008.2006004,
                4369290.44757794
              ],
              [
                14166007.05268137,
                4369292.03382399
              ],
              [
                14166005.90724427,
                4369293.62187919
              ],
              [
                14166004.76429194,
                4369295.21173962
              ],
              [
                14166003.62382721,
                4369296.80340136
              ],
              [
                14166002.48585288,
                4369298.39686049
              ],
              [
                14166001.35037176,
                4369299.99211307
              ],
              [
                14166000.21738665,
                4369301.58915518
              ],
              [
                14165999.08690035,
                4369303.18798287
              ],
              [
                14165997.95891565,
                4369304.78859219
              ],
              [
                14165996.83343534,
                4369306.39097921
              ],
              [
                14165995.71046218,
                4369307.99513998
              ],
              [
                14165994.58999897,
                4369309.60107051
              ],
              [
                14165993.47204844,
                4369311.20876688
              ],
              [
                14165992.35661338,
                4369312.8182251
              ],
              [
                14165991.24369652,
                4369314.4294412
              ],
              [
                14165990.13330062,
                4369316.04241123
              ],
              [
                14165989.02542842,
                4369317.65713118
              ],
              [
                14165987.92008265,
                4369319.27359709
              ],
              [
                14165986.81726603,
                4369320.89180496
              ],
              [
                14165985.7169813,
                4369322.5117508
              ],
              [
                14165984.61923116,
                4369324.13343063
              ],
              [
                14165983.52401833,
                4369325.75684043
              ],
              [
                14165982.4313455,
                4369327.38197621
              ],
              [
                14165981.34121538,
                4369329.00883395
              ],
              [
                14165980.25363066,
                4369330.63740965
              ],
              [
                14165979.16859402,
                4369332.26769929
              ],
              [
                14165978.08610812,
                4369333.89969884
              ],
              [
                14165977.00617566,
                4369335.53340428
              ],
              [
                14165975.9287993,
                4369337.16881159
              ],
              [
                14165974.85398168,
                4369338.80591672
              ],
              [
                14165973.78172547,
                4369340.44471564
              ],
              [
                14165972.71203332,
                4369342.08520431
              ],
              [
                14165971.64490786,
                4369343.72737868
              ],
              [
                14165970.58035172,
                4369345.37123471
              ],
              [
                14165969.51836753,
                4369347.01676833
              ],
              [
                14165968.45895792,
                4369348.66397548
              ],
              [
                14165967.40212549,
                4369350.31285212
              ],
              [
                14165966.34787287,
                4369351.96339416
              ],
              [
                14165965.29620264,
                4369353.61559753
              ],
              [
                14165964.24711741,
                4369355.26945818
              ],
              [
                14165963.20061975,
                4369356.924972
              ],
              [
                14165962.15671227,
                4369358.58213492
              ],
              [
                14165961.11539753,
                4369360.24094286
              ],
              [
                14165960.07667811,
                4369361.90139172
              ],
              [
                14165959.04055655,
                4369363.5634774
              ],
              [
                14165958.00703544,
                4369365.22719581
              ],
              [
                14165956.9761173,
                4369366.89254284
              ],
              [
                14165955.9478047,
                4369368.55951439
              ],
              [
                14165954.92210016,
                4369370.22810633
              ],
              [
                14165953.89900623,
                4369371.89831457
              ],
              [
                14165952.87852541,
                4369373.57013497
              ],
              [
                14165951.86066024,
                4369375.24356343
              ],
              [
                14165950.84541323,
                4369376.91859579
              ],
              [
                14165949.83278687,
                4369378.59522794
              ],
              [
                14165948.82278367,
                4369380.27345574
              ],
              [
                14165947.81540613,
                4369381.95327506
              ],
              [
                14165946.81065673,
                4369383.63468173
              ],
              [
                14165945.80853794,
                4369385.31767164
              ],
              [
                14165944.80905225,
                4369387.0022406
              ],
              [
                14165943.81220212,
                4369388.68838448
              ],
              [
                14165942.81799001,
                4369390.37609912
              ],
              [
                14165941.82641837,
                4369392.06538035
              ],
              [
                14165940.83748965,
                4369393.75622401
              ],
              [
                14165939.85120629,
                4369395.44862592
              ],
              [
                14165938.86757073,
                4369397.14258192
              ],
              [
                14165937.8865854,
                4369398.83808781
              ],
              [
                14165936.90825271,
                4369400.53513943
              ],
              [
                14165935.93257508,
                4369402.23373257
              ],
              [
                14165934.95955491,
                4369403.93386307
              ],
              [
                14165933.98919462,
                4369405.63552672
              ],
              [
                14165933.0214966,
                4369407.33871932
              ],
              [
                14165932.05646323,
                4369409.04343667
              ],
              [
                14165931.09409689,
                4369410.74967458
              ],
              [
                14165930.13439996,
                4369412.45742882
              ],
              [
                14165929.17737481,
                4369414.16669519
              ],
              [
                14165928.22302381,
                4369415.87746947
              ],
              [
                14165927.27134931,
                4369417.58974745
              ],
              [
                14165926.32235365,
                4369419.30352489
              ],
              [
                14165925.37603918,
                4369421.01879757
              ],
              [
                14165924.43240824,
                4369422.73556126
              ],
              [
                14165923.49146315,
                4369424.45381173
              ],
              [
                14165922.55320623,
                4369426.17354475
              ],
              [
                14165921.61763981,
                4369427.89475605
              ],
              [
                14165920.6847662,
                4369429.6174414
              ],
              [
                14165919.75458768,
                4369431.34159656
              ],
              [
                14165918.82710657,
                4369433.06721726
              ],
              [
                14165917.90232515,
                4369434.79429926
              ],
              [
                14165916.9802457,
                4369436.52283829
              ],
              [
                14165916.0608705,
                4369438.25283009
              ],
              [
                14165915.14420182,
                4369439.98427039
              ],
              [
                14165914.23024192,
                4369441.71715492
              ],
              [
                14165913.31899306,
                4369443.4514794
              ],
              [
                14165912.41045748,
                4369445.18723957
              ],
              [
                14165911.50463744,
                4369446.92443113
              ],
              [
                14165910.60153515,
                4369448.6630498
              ],
              [
                14165909.70115287,
                4369450.4030913
              ],
              [
                14165908.8034928,
                4369452.14455133
              ],
              [
                14165907.90855716,
                4369453.88742559
              ],
              [
                14165907.01634817,
                4369455.63170979
              ],
              [
                14165906.12686801,
                4369457.37739963
              ],
              [
                14165905.2401189,
                4369459.12449079
              ],
              [
                14165904.35610302,
                4369460.87297898
              ],
              [
                14165903.47482255,
                4369462.62285987
              ],
              [
                14165902.59627967,
                4369464.37412915
              ],
              [
                14165901.72047654,
                4369466.1267825
              ],
              [
                14165900.84741533,
                4369467.8808156
              ],
              [
                14165899.97709819,
                4369469.63622411
              ],
              [
                14165899.10952727,
                4369471.39300372
              ],
              [
                14165898.24470472,
                4369473.15115009
              ],
              [
                14165897.38263266,
                4369474.91065887
              ],
              [
                14165896.52331323,
                4369476.67152574
              ],
              [
                14165895.66674854,
                4369478.43374635
              ],
              [
                14165894.81294072,
                4369480.19731634
              ],
              [
                14165893.96189186,
                4369481.96223137
              ],
              [
                14165893.11360408,
                4369483.72848709
              ],
              [
                14165892.26807946,
                4369485.49607915
              ],
              [
                14165891.42532009,
                4369487.26500317
              ],
              [
                14165890.58532805,
                4369489.03525479
              ],
              [
                14165889.74810542,
                4369490.80682966
              ],
              [
                14165888.91365426,
                4369492.5797234
              ],
              [
                14165888.08197663,
                4369494.35393163
              ],
              [
                14165887.25307459,
                4369496.12944999
              ],
              [
                14165886.42695018,
                4369497.90627408
              ],
              [
                14165885.60360545,
                4369499.68439954
              ],
              [
                14165884.78304241,
                4369501.46382197
              ],
              [
                14165883.96526311,
                4369503.24453698
              ],
              [
                14165883.15026955,
                4369505.02654018
              ],
              [
                14165882.33806375,
                4369506.80982717
              ],
              [
                14165881.52864772,
                4369508.59439356
              ],
              [
                14165880.72202345,
                4369510.38023494
              ],
              [
                14165879.91819294,
                4369512.16734691
              ],
              [
                14165879.11715817,
                4369513.95572507
              ],
              [
                14165878.31892112,
                4369515.74536499
              ],
              [
                14165877.52348375,
                4369517.53626227
              ],
              [
                14165876.73084804,
                4369519.32841248
              ],
              [
                14165875.94101593,
                4369521.12181121
              ],
              [
                14165875.15398938,
                4369522.91645403
              ],
              [
                14165874.36977033,
                4369524.71233652
              ],
              [
                14165873.58836072,
                4369526.50945424
              ],
              [
                14165872.80976248,
                4369528.30780277
              ],
              [
                14165872.03397753,
                4369530.10737766
              ],
              [
                14165871.26100778,
                4369531.90817449
              ],
              [
                14165870.49085515,
                4369533.71018879
              ],
              [
                14165869.72352152,
                4369535.51341614
              ],
              [
                14165868.95900881,
                4369537.31785208
              ],
              [
                14165868.19731889,
                4369539.12349216
              ],
              [
                14165867.43845365,
                4369540.93033193
              ],
              [
                14165866.68241496,
                4369542.73836693
              ],
              [
                14165865.92920469,
                4369544.5475927
              ],
              [
                14165865.1788247,
                4369546.35800478
              ],
              [
                14165864.43127683,
                4369548.16959869
              ],
              [
                14165863.68656293,
                4369549.98236999
              ],
              [
                14165862.94468485,
                4369551.79631418
              ],
              [
                14165862.20564442,
                4369553.6114268
              ],
              [
                14165861.46944346,
                4369555.42770337
              ],
              [
                14165860.73608378,
                4369557.24513941
              ],
              [
                14165860.00556721,
                4369559.06373043
              ],
              [
                14165859.27789553,
                4369560.88347196
              ],
              [
                14165858.55307055,
                4369562.70435949
              ],
              [
                14165857.83109406,
                4369564.52638855
              ],
              [
                14165857.11196785,
                4369566.34955463
              ],
              [
                14165856.39569367,
                4369568.17385323
              ],
              [
                14165855.68227332,
                4369569.99927987
              ],
              [
                14165854.97170854,
                4369571.82583003
              ],
              [
                14165854.26400109,
                4369573.65349921
              ],
              [
                14165853.55915272,
                4369575.4822829
              ],
              [
                14165852.85716517,
                4369577.31217658
              ],
              [
                14165852.15804017,
                4369579.14317576
              ],
              [
                14165851.46177946,
                4369580.9752759
              ],
              [
                14165850.76838473,
                4369582.80847249
              ],
              [
                14165850.07785772,
                4369584.642761
              ],
              [
                14165849.39020012,
                4369586.47813692
              ],
              [
                14165848.70541364,
                4369588.31459572
              ],
              [
                14165848.02349996,
                4369590.15213285
              ],
              [
                14165847.34446076,
                4369591.99074381
              ],
              [
                14165846.66829773,
                4369593.83042403
              ],
              [
                14165845.99501254,
                4369595.671169
              ],
              [
                14165845.32460684,
                4369597.51297416
              ],
              [
                14165844.65708229,
                4369599.35583497
              ],
              [
                14165843.99244055,
                4369601.19974689
              ],
              [
                14165843.33068324,
                4369603.04470538
              ],
              [
                14165842.67181201,
                4369604.89070587
              ],
              [
                14165842.01582849,
                4369606.73774381
              ],
              [
                14165841.36273428,
                4369608.58581466
              ],
              [
                14165840.71253101,
                4369610.43491384
              ],
              [
                14165840.06522028,
                4369612.2850368
              ],
              [
                14165839.4208037,
                4369614.13617897
              ],
              [
                14165838.77928284,
                4369615.98833579
              ],
              [
                14165838.1406593,
                4369617.84150269
              ],
              [
                14165837.50493464,
                4369619.6956751
              ],
              [
                14165836.87211045,
                4369621.55084844
              ],
              [
                14165836.24218828,
                4369623.40701813
              ],
              [
                14165835.6151697,
                4369625.26417961
              ],
              [
                14165834.99105624,
                4369627.12232828
              ],
              [
                14165834.36984945,
                4369628.98145956
              ],
              [
                14165833.75155087,
                4369630.84156887
              ],
              [
                14165833.13616202,
                4369632.70265162
              ],
              [
                14165832.52368441,
                4369634.56470321
              ],
              [
                14165831.91411957,
                4369636.42771906
              ],
              [
                14165831.30746901,
                4369638.29169456
              ],
              [
                14165830.7037342,
                4369640.15662513
              ],
              [
                14165830.10291666,
                4369642.02250615
              ],
              [
                14165829.50501785,
                4369643.88933302
              ],
              [
                14165828.91003926,
                4369645.75710116
              ],
              [
                14165828.31798237,
                4369647.62580593
              ],
              [
                14165827.72884861,
                4369649.49544273
              ],
              [
                14165827.14263947,
                4369651.36600696
              ],
              [
                14165826.55935638,
                4369653.23749399
              ],
              [
                14165825.97900078,
                4369655.10989922
              ],
              [
                14165825.40157411,
                4369656.98321801
              ],
              [
                14165824.82707778,
                4369658.85744575
              ],
              [
                14165824.25551324,
                4369660.73257782
              ],
              [
                14165823.68688187,
                4369662.60860959
              ],
              [
                14165823.12118509,
                4369664.48553643
              ],
              [
                14165822.5584243,
                4369666.36335372
              ],
              [
                14165821.99860088,
                4369668.24205681
              ],
              [
                14165821.44171622,
                4369670.12164108
              ],
              [
                14165820.88777169,
                4369672.00210189
              ],
              [
                14165820.33676866,
                4369673.88343459
              ],
              [
                14165819.7887085,
                4369675.76563456
              ],
              [
                14165819.24359255,
                4369677.64869714
              ],
              [
                14165818.70142216,
                4369679.53261769
              ],
              [
                14165818.16219867,
                4369681.41739156
              ],
              [
                14165817.62592342,
                4369683.3030141
              ],
              [
                14165817.09259772,
                4369685.18948068
              ],
              [
                14165816.5622229,
                4369687.07678661
              ],
              [
                14165816.03480027,
                4369688.96492725
              ],
              [
                14165815.51033112,
                4369690.85389795
              ],
              [
                14165814.98881676,
                4369692.74369404
              ],
              [
                14165814.47025847,
                4369694.63431086
              ],
              [
                14165813.95465753,
                4369696.52574375
              ],
              [
                14165813.44201522,
                4369698.41798804
              ],
              [
                14165812.93233279,
                4369700.31103907
              ],
              [
                14165812.42561153,
                4369702.20489215
              ],
              [
                14165811.92185266,
                4369704.09954263
              ],
              [
                14165811.42105744,
                4369705.99498583
              ],
              [
                14165810.9232271,
                4369707.89121706
              ],
              [
                14165810.42836289,
                4369709.78823166
              ],
              [
                14165809.93646601,
                4369711.68602495
              ],
              [
                14165809.44753768,
                4369713.58459223
              ],
              [
                14165808.96157911,
                4369715.48392884
              ],
              [
                14165808.4785915,
                4369717.38403007
              ],
              [
                14165807.99857605,
                4369719.28489125
              ],
              [
                14165807.52153394,
                4369721.18650769
              ],
              [
                14165807.04746634,
                4369723.08887469
              ],
              [
                14165806.57637444,
                4369724.99198756
              ],
              [
                14165806.10825938,
                4369726.8958416
              ],
              [
                14165805.64312234,
                4369728.80043213
              ],
              [
                14165805.18096446,
                4369730.70575443
              ],
              [
                14165804.72178687,
                4369732.61180382
              ],
              [
                14165804.26559072,
                4369734.51857559
              ],
              [
                14165803.81237714,
                4369736.42606502
              ],
              [
                14165803.36214724,
                4369738.33426743
              ],
              [
                14165802.91490213,
                4369740.2431781
              ],
              [
                14165802.47064292,
                4369742.15279232
              ],
              [
                14165802.02937071,
                4369744.06310538
              ],
              [
                14165801.59108658,
                4369745.97411257
              ],
              [
                14165801.15579162,
                4369747.88580916
              ],
              [
                14165800.72348692,
                4369749.79819046
              ],
              [
                14165800.29417353,
                4369751.71125174
              ],
              [
                14165799.8678525,
                4369753.62498827
              ],
              [
                14165799.44452492,
                4369755.53939535
              ],
              [
                14165799.0241918,
                4369757.45446824
              ],
              [
                14165798.60685419,
                4369759.37020222
              ],
              [
                14165798.19251313,
                4369761.28659256
              ],
              [
                14165797.78116964,
                4369763.20363454
              ],
              [
                14165797.37282474,
                4369765.12132343
              ],
              [
                14165796.96747943,
                4369767.0396545
              ],
              [
                14165796.56513471,
                4369768.95862301
              ],
              [
                14165796.16579158,
                4369770.87822423
              ],
              [
                14165795.76945103,
                4369772.79845342
              ],
              [
                14165795.37611404,
                4369774.71930585
              ],
              [
                14165794.98578157,
                4369776.64077678
              ],
              [
                14165794.59845459,
                4369778.56286146
              ],
              [
                14165794.21413407,
                4369780.48555516
              ],
              [
                14165793.83282095,
                4369782.40885314
              ],
              [
                14165793.45451617,
                4369784.33275064
              ],
              [
                14165793.07922067,
                4369786.25724292
              ],
              [
                14165792.70693536,
                4369788.18232523
              ],
              [
                14165792.33766118,
                4369790.10799283
              ],
              [
                14165791.97139905,
                4369792.03424096
              ],
              [
                14165791.60814985,
                4369793.96106487
              ],
              [
                14165791.2479145,
                4369795.88845981
              ],
              [
                14165790.89069388,
                4369797.81642102
              ],
              [
                14165790.53648887,
                4369799.74494374
              ],
              [
                14165790.18530035,
                4369801.67402322
              ],
              [
                14165789.83712918,
                4369803.6036547
              ],
              [
                14165789.49197624,
                4369805.53383342
              ],
              [
                14165789.14984237,
                4369807.46455462
              ],
              [
                14165788.81072842,
                4369809.39581353
              ],
              [
                14165788.47463521,
                4369811.32760539
              ],
              [
                14165788.1415636,
                4369813.25992542
              ],
              [
                14165787.8115144,
                4369815.19276887
              ],
              [
                14165787.48448842,
                4369817.12613097
              ],
              [
                14165787.16048647,
                4369819.06000695
              ],
              [
                14165786.83950937,
                4369820.99439203
              ],
              [
                14165786.52155789,
                4369822.92928145
              ],
              [
                14165786.20663282,
                4369824.86467042
              ],
              [
                14165785.89473495,
                4369826.80055419
              ],
              [
                14165785.58586504,
                4369828.73692796
              ],
              [
                14165785.28002386,
                4369830.67378695
              ],
              [
                14165784.97721217,
                4369832.6111264
              ],
              [
                14165784.67743071,
                4369834.54894153
              ],
              [
                14165784.38068022,
                4369836.48722755
              ],
              [
                14165784.08696145,
                4369838.42597968
              ],
              [
                14165783.79627511,
                4369840.36519314
              ],
              [
                14165783.50862192,
                4369842.30486313
              ],
              [
                14165783.22400259,
                4369844.24498489
              ],
              [
                14165782.94241784,
                4369846.18555361
              ],
              [
                14165782.66386834,
                4369848.12656453
              ],
              [
                14165782.38835481,
                4369850.06801283
              ],
              [
                14165782.11587791,
                4369852.00989374
              ],
              [
                14165781.84643832,
                4369853.95220247
              ],
              [
                14165781.5800367,
                4369855.89493421
              ],
              [
                14165781.31667372,
                4369857.83808418
              ],
              [
                14165781.05635003,
                4369859.78164759
              ],
              [
                14165780.79906626,
                4369861.72561964
              ],
              [
                14165780.54482306,
                4369863.66999553
              ],
              [
                14165780.29362106,
                4369865.61477047
              ],
              [
                14165780.04546088,
                4369867.55993965
              ],
              [
                14165779.80034312,
                4369869.50549829
              ],
              [
                14165779.5582684,
                4369871.45144157
              ],
              [
                14165779.31923732,
                4369873.3977647
              ],
              [
                14165779.08325047,
                4369875.34446287
              ],
              [
                14165778.85030843,
                4369877.2915313
              ],
              [
                14165778.62041178,
                4369879.23896516
              ],
              [
                14165778.39356108,
                4369881.18675965
              ],
              [
                14165778.1697569,
                4369883.13490997
              ],
              [
                14165777.94899979,
                4369885.08341132
              ],
              [
                14165777.7312903,
                4369887.03225888
              ],
              [
                14165777.51662897,
                4369888.98144785
              ],
              [
                14165777.30501633,
                4369890.93097341
              ],
              [
                14165777.0964529,
                4369892.88083077
              ],
              [
                14165776.8909392,
                4369894.8310151
              ],
              [
                14165776.68847573,
                4369896.7815216
              ],
              [
                14165776.489063,
                4369898.73234545
              ],
              [
                14165776.29270151,
                4369900.68348184
              ],
              [
                14165776.09939173,
                4369902.63492596
              ],
              [
                14165775.90913415,
                4369904.58667299
              ],
              [
                14165775.72192924,
                4369906.53871811
              ],
              [
                14165775.53777746,
                4369908.49105652
              ],
              [
                14165775.35667926,
                4369910.44368339
              ],
              [
                14165775.1786351,
                4369912.39659391
              ],
              [
                14165775.00364542,
                4369914.34978325
              ],
              [
                14165774.83171065,
                4369916.3032466
              ],
              [
                14165774.66283122,
                4369918.25697915
              ],
              [
                14165774.49700754,
                4369920.21097605
              ],
              [
                14165774.33424003,
                4369922.16523251
              ],
              [
                14165774.17452908,
                4369924.11974369
              ],
              [
                14165774.0178751,
                4369926.07450478
              ],
              [
                14165773.86427847,
                4369928.02951095
              ],
              [
                14165773.71373957,
                4369929.98475737
              ],
              [
                14165773.56625878,
                4369931.94023923
              ],
              [
                14165773.42183646,
                4369933.89595169
              ],
              [
                14165773.28047297,
                4369935.85188995
              ],
              [
                14165773.14216867,
                4369937.80804915
              ],
              [
                14165773.00692388,
                4369939.76442449
              ],
              [
                14165772.87473896,
                4369941.72101113
              ],
              [
                14165772.74561421,
                4369943.67780425
              ],
              [
                14165772.61954998,
                4369945.63479901
              ],
              [
                14165772.49654656,
                4369947.5919906
              ],
              [
                14165772.37660428,
                4369949.54937418
              ],
              [
                14165772.25972341,
                4369951.50694491
              ],
              [
                14165772.14590425,
                4369953.46469798
              ],
              [
                14165772.03514709,
                4369955.42262856
              ],
              [
                14165771.9274522,
                4369957.3807318
              ],
              [
                14165771.82281984,
                4369959.33900288
              ],
              [
                14165771.72125029,
                4369961.29743697
              ],
              [
                14165771.62274378,
                4369963.25602924
              ],
              [
                14165771.52730056,
                4369965.21477485
              ],
              [
                14165771.43492088,
                4369967.17366897
              ],
              [
                14165771.34560495,
                4369969.13270676
              ],
              [
                14165771.25935301,
                4369971.0918834
              ],
              [
                14165771.17616526,
                4369973.05119406
              ],
              [
                14165771.09604193,
                4369975.01063388
              ],
              [
                14165771.01898319,
                4369976.97019804
              ],
              [
                14165770.94498925,
                4369978.92988172
              ],
              [
                14165770.87406028,
                4369980.88968006
              ],
              [
                14165770.80619648,
                4369982.84958824
              ],
              [
                14165770.741398,
                4369984.80960142
              ],
              [
                14165770.679665,
                4369986.76971476
              ],
              [
                14165770.62099765,
                4369988.72992343
              ],
              [
                14165770.56539608,
                4369990.69022259
              ],
              [
                14165770.51286044,
                4369992.6506074
              ],
              [
                14165770.46339086,
                4369994.61107303
              ],
              [
                14165770.41698746,
                4369996.57161464
              ],
              [
                14165770.37365035,
                4369998.53222739
              ],
              [
                14165770.33337966,
                4370000.49290645
              ],
              [
                14165770.29617547,
                4370002.45364697
              ],
              [
                14165770.26203787,
                4370004.41444413
              ],
              [
                14165770.23096697,
                4370006.37529308
              ],
              [
                14165770.20296282,
                4370008.33618898
              ],
              [
                14165770.17802552,
                4370010.29712699
              ],
              [
                14165770.15615511,
                4370012.25810228
              ],
              [
                14165770.13735166,
                4370014.21911001
              ],
              [
                14165770.12161521,
                4370016.18014534
              ],
              [
                14165770.1089458,
                4370018.14120343
              ],
              [
                14165770.09934347,
                4370020.10227944
              ],
              [
                14165770.09280824,
                4370022.06336854
              ],
              [
                14165770.08934013,
                4370024.02446588
              ],
              [
                14165770.08893914,
                4370025.98556663
              ],
              [
                14165770.09160529,
                4370027.94666594
              ],
              [
                14165770.09733857,
                4370029.90775898
              ],
              [
                14165770.10613896,
                4370031.86884092
              ],
              [
                14165770.11800645,
                4370033.8299069
              ],
              [
                14165770.132941,
                4370035.79095209
              ],
              [
                14165770.15094258,
                4370037.75197166
              ],
              [
                14165770.17201116,
                4370039.71296077
              ],
              [
                14165770.19614666,
                4370041.67391456
              ],
              [
                14165770.22334905,
                4370043.63482822
              ],
              [
                14165770.25361826,
                4370045.5956969
              ],
              [
                14165770.28695421,
                4370047.55651575
              ],
              [
                14165770.32335682,
                4370049.51727995
              ],
              [
                14165770.36282601,
                4370051.47798466
              ],
              [
                14165770.40536167,
                4370053.43862503
              ],
              [
                14165770.45096371,
                4370055.39919623
              ],
              [
                14165770.499632,
                4370057.35969343
              ],
              [
                14165770.55136645,
                4370059.32011177
              ],
              [
                14165770.60616691,
                4370061.28044643
              ],
              [
                14165770.66403326,
                4370063.24069258
              ],
              [
                14165770.72496536,
                4370065.20084536
              ],
              [
                14165770.78896305,
                4370067.16089995
              ],
              [
                14165770.85602618,
                4370069.12085152
              ],
              [
                14165770.92615458,
                4370071.08069521
              ],
              [
                14165770.9993481,
                4370073.04042621
              ],
              [
                14165771.07560653,
                4370075.00003967
              ],
              [
                14165771.15492971,
                4370076.95953075
              ],
              [
                14165771.23731743,
                4370078.91889463
              ],
              [
                14165771.32276949,
                4370080.87812647
              ],
              [
                14165771.41128569,
                4370082.83722143
              ],
              [
                14165771.50286581,
                4370084.79617467
              ],
              [
                14165771.59750962,
                4370086.75498138
              ],
              [
                14165771.69521689,
                4370088.7136367
              ],
              [
                14165771.79598738,
                4370090.67213582
              ],
              [
                14165771.89982085,
                4370092.63047389
              ],
              [
                14165772.00671704,
                4370094.58864609
              ],
              [
                14165772.11667569,
                4370096.54664758
              ],
              [
                14165772.22969652,
                4370098.50447353
              ],
              [
                14165772.34577927,
                4370100.46211911
              ],
              [
                14165772.46492364,
                4370102.4195795
              ],
              [
                14165772.58712935,
                4370104.37684985
              ],
              [
                14165772.7123961,
                4370106.33392534
              ],
              [
                14165772.84072357,
                4370108.29080115
              ],
              [
                14165772.97211145,
                4370110.24747243
              ],
              [
                14165773.10655942,
                4370112.20393438
              ],
              [
                14165773.24406715,
                4370114.16018215
              ],
              [
                14165773.38463431,
                4370116.11621092
              ],
              [
                14165773.52826053,
                4370118.07201586
              ],
              [
                14165773.67494549,
                4370120.02759215
              ],
              [
                14165773.82468881,
                4370121.98293497
              ],
              [
                14165773.97749013,
                4370123.93803948
              ],
              [
                14165774.13334906,
                4370125.89290086
              ],
              [
                14165774.29226523,
                4370127.84751429
              ],
              [
                14165774.45423825,
                4370129.80187495
              ],
              [
                14165774.61926772,
                4370131.75597801
              ],
              [
                14165774.78735324,
                4370133.70981866
              ],
              [
                14165774.95849438,
                4370135.66339206
              ],
              [
                14165775.13269074,
                4370137.61669341
              ],
              [
                14165775.30994187,
                4370139.56971787
              ],
              [
                14165775.49024735,
                4370141.52246064
              ],
              [
                14165775.67360674,
                4370143.47491689
              ],
              [
                14165775.86001958,
                4370145.42708181
              ],
              [
                14165776.04948541,
                4370147.37895057
              ],
              [
                14165776.24200376,
                4370149.33051836
              ],
              [
                14165776.43757418,
                4370151.28178037
              ],
              [
                14165776.63619617,
                4370153.23273178
              ],
              [
                14165776.83786924,
                4370155.18336778
              ],
              [
                14165777.0425929,
                4370157.13368355
              ],
              [
                14165777.25036665,
                4370159.08367428
              ],
              [
                14165777.46118997,
                4370161.03333516
              ],
              [
                14165777.67506235,
                4370162.98266138
              ],
              [
                14165777.89198326,
                4370164.93164813
              ],
              [
                14165778.11195216,
                4370166.88029059
              ],
              [
                14165778.33496853,
                4370168.82858397
              ],
              [
                14165778.5610318,
                4370170.77652344
              ],
              [
                14165778.79014141,
                4370172.72410422
              ],
              [
                14165779.02229682,
                4370174.67132149
              ],
              [
                14165779.25749744,
                4370176.61817044
              ],
              [
                14165779.4957427,
                4370178.56464627
              ],
              [
                14165779.73703201,
                4370180.51074418
              ],
              [
                14165779.98136478,
                4370182.45645937
              ],
              [
                14165780.2287404,
                4370184.40178702
              ],
              [
                14165780.47915827,
                4370186.34672236
              ],
              [
                14165780.73261777,
                4370188.29126057
              ],
              [
                14165780.98911828,
                4370190.23539685
              ],
              [
                14165781.24865917,
                4370192.17912642
              ],
              [
                14165781.51123979,
                4370194.12244447
              ],
              [
                14165781.7768595,
                4370196.0653462
              ],
              [
                14165782.04551765,
                4370198.00782683
              ],
              [
                14165782.31721357,
                4370199.94988156
              ],
              [
                14165782.5919466,
                4370201.89150559
              ],
              [
                14165782.86971607,
                4370203.83269414
              ],
              [
                14165783.15052128,
                4370205.77344243
              ],
              [
                14165783.43436154,
                4370207.71374564
              ],
              [
                14165783.72123617,
                4370209.653599
              ],
              [
                14165784.01114444,
                4370211.59299773
              ],
              [
                14165784.30408565,
                4370213.53193703
              ],
              [
                14165784.60005908,
                4370215.47041212
              ],
              [
                14165784.89906399,
                4370217.40841822
              ],
              [
                14165785.20109965,
                4370219.34595055
              ],
              [
                14165785.50616533,
                4370221.28300432
              ],
              [
                14165785.81426025,
                4370223.21957476
              ],
              [
                14165786.12538368,
                4370225.15565708
              ],
              [
                14165786.43953484,
                4370227.09124651
              ],
              [
                14165786.75671295,
                4370229.02633828
              ],
              [
                14165787.07691725,
                4370230.9609276
              ],
              [
                14165787.40014692,
                4370232.8950097
              ],
              [
                14165787.7264012,
                4370234.82857981
              ],
              [
                14165788.05567926,
                4370236.76163317
              ],
              [
                14165788.3879803,
                4370238.69416499
              ],
              [
                14165788.7233035,
                4370240.62617051
              ],
              [
                14165789.06164804,
                4370242.55764496
              ],
              [
                14165789.40301307,
                4370244.48858357
              ],
              [
                14165789.74739777,
                4370246.41898159
              ],
              [
                14165790.09480128,
                4370248.34883425
              ],
              [
                14165790.44522274,
                4370250.27813677
              ],
              [
                14165790.7986613,
                4370252.20688442
              ],
              [
                14165791.15511608,
                4370254.13507242
              ],
              [
                14165791.5145862,
                4370256.06269601
              ],
              [
                14165791.87707079,
                4370257.98975045
              ],
              [
                14165792.24256894,
                4370259.91623096
              ],
              [
                14165792.61107976,
                4370261.84213281
              ],
              [
                14165792.98260234,
                4370263.76745123
              ],
              [
                14165793.35713576,
                4370265.69218148
              ],
              [
                14165793.7346791,
                4370267.61631881
              ],
              [
                14165794.11523144,
                4370269.53985847
              ],
              [
                14165794.49879182,
                4370271.4627957
              ],
              [
                14165794.88535932,
                4370273.38512577
              ],
              [
                14165795.27493297,
                4370275.30684394
              ],
              [
                14165795.66751181,
                4370277.22794545
              ],
              [
                14165796.06309489,
                4370279.14842558
              ],
              [
                14165796.46168123,
                4370281.06827958
              ],
              [
                14165796.86326983,
                4370282.9875027
              ],
              [
                14165797.26785972,
                4370284.90609022
              ],
              [
                14165797.6754499,
                4370286.8240374
              ],
              [
                14165798.08603936,
                4370288.74133952
              ],
              [
                14165798.49962709,
                4370290.65799182
              ],
              [
                14165798.91621208,
                4370292.5739896
              ],
              [
                14165799.33579329,
                4370294.48932812
              ],
              [
                14165799.75836969,
                4370296.40400264
              ],
              [
                14165800.18394025,
                4370298.31800846
              ],
              [
                14165800.6125039,
                4370300.23134084
              ],
              [
                14165801.04405961,
                4370302.14399506
              ],
              [
                14165801.47860629,
                4370304.05596641
              ],
              [
                14165801.91614289,
                4370305.96725015
              ],
              [
                14165802.35666832,
                4370307.87784159
              ],
              [
                14165802.80018151,
                4370309.787736
              ],
              [
                14165803.24668135,
                4370311.69692866
              ],
              [
                14165803.69616675,
                4370313.60541488
              ],
              [
                14165804.14863659,
                4370315.51318993
              ],
              [
                14165804.60408977,
                4370317.42024912
              ],
              [
                14165805.06252516,
                4370319.32658772
              ],
              [
                14165805.52394163,
                4370321.23220105
              ],
              [
                14165805.98833805,
                4370323.1370844
              ],
              [
                14165806.45571326,
                4370325.04123306
              ],
              [
                14165806.92606613,
                4370326.94464233
              ],
              [
                14165807.39939549,
                4370328.84730753
              ],
              [
                14165807.87570016,
                4370330.74922395
              ],
              [
                14165808.35497899,
                4370332.6503869
              ],
              [
                14165808.83723079,
                4370334.55079168
              ],
              [
                14165809.32245436,
                4370336.45043362
              ],
              [
                14165809.81064852,
                4370338.34930802
              ],
              [
                14165810.30181207,
                4370340.2474102
              ],
              [
                14165810.79594378,
                4370342.14473546
              ],
              [
                14165811.29304245,
                4370344.04127913
              ],
              [
                14165811.79310684,
                4370345.93703654
              ],
              [
                14165812.29613573,
                4370347.83200298
              ],
              [
                14165812.80212788,
                4370349.72617381
              ],
              [
                14165813.31108203,
                4370351.61954433
              ],
              [
                14165813.82299694,
                4370353.51210988
              ],
              [
                14165814.33787134,
                4370355.40386579
              ],
              [
                14165814.85570396,
                4370357.29480738
              ],
              [
                14165815.37649354,
                4370359.18492999
              ],
              [
                14165815.90023877,
                4370361.07422896
              ],
              [
                14165816.42693838,
                4370362.96269962
              ],
              [
                14165816.95659106,
                4370364.85033732
              ],
              [
                14165817.48919552,
                4370366.73713739
              ],
              [
                14165818.02475043,
                4370368.62309517
              ],
              [
                14165818.56325448,
                4370370.50820602
              ],
              [
                14165819.10470633,
                4370372.39246529
              ],
              [
                14165819.64910466,
                4370374.27586831
              ],
              [
                14165820.19644813,
                4370376.15841045
              ],
              [
                14165820.74673537,
                4370378.04008706
              ],
              [
                14165821.29996506,
                4370379.92089349
              ],
              [
                14165821.8561358,
                4370381.80082509
              ],
              [
                14165822.41524623,
                4370383.67987725
              ],
              [
                14165822.97729498,
                4370385.55804531
              ],
              [
                14165823.54228065,
                4370387.43532464
              ],
              [
                14165824.11020187,
                4370389.31171061
              ],
              [
                14165824.68105722,
                4370391.18719858
              ],
              [
                14165825.25484531,
                4370393.06178394
              ],
              [
                14165825.83156471,
                4370394.93546204
              ],
              [
                14165826.41121399,
                4370396.80822827
              ],
              [
                14165826.99379175,
                4370398.68007802
              ],
              [
                14165827.57929654,
                4370400.55100664
              ],
              [
                14165828.16772691,
                4370402.42100954
              ],
              [
                14165828.75908142,
                4370404.29008209
              ],
              [
                14165829.3533586,
                4370406.15821968
              ],
              [
                14165829.950557,
                4370408.0254177
              ],
              [
                14165830.55067514,
                4370409.89167154
              ],
              [
                14165831.15371154,
                4370411.75697661
              ],
              [
                14165831.75966471,
                4370413.62132828
              ],
              [
                14165832.36853316,
                4370415.48472197
              ],
              [
                14165832.9803154,
                4370417.34715308
              ],
              [
                14165833.5950099,
                4370419.208617
              ],
              [
                14165834.21261517,
                4370421.06910914
              ],
              [
                14165834.83312966,
                4370422.92862492
              ],
              [
                14165835.45655186,
                4370424.78715974
              ],
              [
                14165836.08288022,
                4370426.64470902
              ],
              [
                14165836.71211321,
                4370428.50126817
              ],
              [
                14165837.34424927,
                4370430.35683261
              ],
              [
                14165837.97928685,
                4370432.21139776
              ],
              [
                14165838.61722437,
                4370434.06495904
              ],
              [
                14165839.25806026,
                4370435.91751188
              ],
              [
                14165839.90179296,
                4370437.76905171
              ],
              [
                14165840.54842085,
                4370439.61957396
              ],
              [
                14165841.19794238,
                4370441.46907405
              ],
              [
                14165841.8503559,
                4370443.31754744
              ],
              [
                14165842.50565983,
                4370445.16498955
              ],
              [
                14165843.16385255,
                4370447.01139582
              ],
              [
                14165843.82493244,
                4370448.85676169
              ],
              [
                14165844.48889786,
                4370450.70108263
              ],
              [
                14165845.15574718,
                4370452.54435406
              ],
              [
                14165845.82547876,
                4370454.38657145
              ],
              [
                14165846.49809094,
                4370456.22773024
              ],
              [
                14165847.17358206,
                4370458.0678259
              ],
              [
                14165847.85195047,
                4370459.90685388
              ],
              [
                14165848.53319448,
                4370461.74480963
              ],
              [
                14165849.21731242,
                4370463.58168864
              ],
              [
                14165849.9043026,
                4370465.41748635
              ],
              [
                14165850.59416333,
                4370467.25219825
              ],
              [
                14165851.28689291,
                4370469.0858198
              ],
              [
                14165851.98248962,
                4370470.91834648
              ],
              [
                14165852.68095176,
                4370472.74977377
              ],
              [
                14165853.38227759,
                4370474.58009714
              ],
              [
                14165854.0864654,
                4370476.40931208
              ],
              [
                14165854.79351345,
                4370478.23741407
              ],
              [
                14165855.50341999,
                4370480.06439861
              ],
              [
                14165856.21618327,
                4370481.89026118
              ],
              [
                14165856.93180154,
                4370483.71499727
              ],
              [
                14165857.65027302,
                4370485.53860239
              ],
              [
                14165858.37159596,
                4370487.36107203
              ],
              [
                14165859.09576856,
                4370489.1824017
              ],
              [
                14165859.82278905,
                4370491.00258689
              ],
              [
                14165860.55265563,
                4370492.82162313
              ],
              [
                14165861.2853665,
                4370494.6395059
              ],
              [
                14165862.02091986,
                4370496.45623075
              ],
              [
                14165862.75931389,
                4370498.27179316
              ],
              [
                14165863.50054677,
                4370500.08618868
              ],
              [
                14165864.24461668,
                4370501.89941282
              ],
              [
                14165864.99152177,
                4370503.71146109
              ],
              [
                14165865.74126021,
                4370505.52232904
              ],
              [
                14165866.49383015,
                4370507.33201219
              ],
              [
                14165867.24922973,
                4370509.14050608
              ],
              [
                14165868.00745709,
                4370510.94780624
              ],
              [
                14165868.76851035,
                4370512.7539082
              ],
              [
                14165869.53238766,
                4370514.55880753
              ],
              [
                14165870.29908711,
                4370516.36249975
              ],
              [
                14165871.06860683,
                4370518.16498042
              ],
              [
                14165871.8409449,
                4370519.96624509
              ],
              [
                14165872.61609943,
                4370521.76628931
              ],
              [
                14165873.39406851,
                4370523.56510865
              ],
              [
                14165874.17485021,
                4370525.36269865
              ],
              [
                14165874.95844262,
                4370527.15905489
              ],
              [
                14165875.7448438,
                4370528.95417293
              ],
              [
                14165876.5340518,
                4370530.74804835
              ],
              [
                14165877.32606469,
                4370532.5406767
              ],
              [
                14165878.12088052,
                4370534.33205357
              ],
              [
                14165878.91849731,
                4370536.12217454
              ],
              [
                14165879.7189131,
                4370537.91103519
              ],
              [
                14165880.52212593,
                4370539.6986311
              ],
              [
                14165881.32813381,
                4370541.48495787
              ],
              [
                14165882.13693475,
                4370543.27001108
              ],
              [
                14165882.94852676,
                4370545.05378632
              ],
              [
                14165883.76290783,
                4370546.8362792
              ],
              [
                14165884.58007596,
                4370548.61748532
              ],
              [
                14165885.40002913,
                4370550.39740028
              ],
              [
                14165886.22276532,
                4370552.17601968
              ],
              [
                14165887.04828251,
                4370553.95333914
              ],
              [
                14165887.87657865,
                4370555.72935427
              ],
              [
                14165888.70765171,
                4370557.50406068
              ],
              [
                14165889.54149963,
                4370559.277454
              ],
              [
                14165890.37812035,
                4370561.04952985
              ],
              [
                14165891.21751182,
                4370562.82028386
              ],
              [
                14165892.05967196,
                4370564.58971165
              ],
              [
                14165892.90459871,
                4370566.35780886
              ],
              [
                14165893.75228996,
                4370568.12457112
              ],
              [
                14165894.60274364,
                4370569.88999408
              ],
              [
                14165895.45595764,
                4370571.65407337
              ],
              [
                14165896.31192987,
                4370573.41680465
              ],
              [
                14165897.1706582,
                4370575.17818356
              ],
              [
                14165898.03214053,
                4370576.93820575
              ],
              [
                14165898.89637472,
                4370578.69686688
              ],
              [
                14165899.76335866,
                4370580.45416261
              ],
              [
                14165900.63309018,
                4370582.2100886
              ],
              [
                14165901.50556716,
                4370583.96464052
              ],
              [
                14165902.38078745,
                4370585.71781404
              ],
              [
                14165903.25874888,
                4370587.46960483
              ],
              [
                14165904.13944928,
                4370589.22000856
              ],
              [
                14165905.0228865,
                4370590.96902093
              ],
              [
                14165905.90905834,
                4370592.7166376
              ],
              [
                14165906.79796262,
                4370594.46285427
              ],
              [
                14165907.68959715,
                4370596.20766662
              ],
              [
                14165908.58395973,
                4370597.95107036
              ],
              [
                14165909.48104815,
                4370599.69306117
              ],
              [
                14165910.38086021,
                4370601.43363476
              ],
              [
                14165911.28339368,
                4370603.17278683
              ],
              [
                14165912.18864634,
                4370604.91051309
              ],
              [
                14165913.09661595,
                4370606.64680925
              ],
              [
                14165914.00730026,
                4370608.38167102
              ],
              [
                14165914.92069706,
                4370610.11509412
              ],
              [
                14165915.83680407,
                4370611.84707429
              ],
              [
                14165916.75561904,
                4370613.57760722
              ],
              [
                14165917.6771397,
                4370615.30668866
              ],
              [
                14165918.60136377,
                4370617.03431435
              ],
              [
                14165919.52828898,
                4370618.76048001
              ],
              [
                14165920.45791304,
                4370620.48518139
              ],
              [
                14165921.39023367,
                4370622.20841422
              ],
              [
                14165922.32524855,
                4370623.93017426
              ],
              [
                14165923.26295538,
                4370625.65045725
              ],
              [
                14165924.20335186,
                4370627.36925896
              ],
              [
                14165925.14643565,
                4370629.08657512
              ],
              [
                14165926.09220445,
                4370630.80240152
              ],
              [
                14165927.0406559,
                4370632.51673391
              ],
              [
                14165927.99178768,
                4370634.22956806
              ],
              [
                14165928.94559743,
                4370635.94089975
              ],
              [
                14165929.90208281,
                4370637.65072475
              ],
              [
                14165930.86124145,
                4370639.35903883
              ],
              [
                14165931.823071,
                4370641.06583779
              ],
              [
                14165932.78756907,
                4370642.77111741
              ],
              [
                14165933.75473329,
                4370644.47487348
              ],
              [
                14165934.72456128,
                4370646.1771018
              ],
              [
                14165935.69705063,
                4370647.87779816
              ],
              [
                14165936.67219895,
                4370649.57695837
              ],
              [
                14165937.65000385,
                4370651.27457823
              ],
              [
                14165938.63046289,
                4370652.97065355
              ],
              [
                14165939.61357368,
                4370654.66518016
              ],
              [
                14165940.59933377,
                4370656.35815385
              ],
              [
                14165941.58774075,
                4370658.04957046
              ],
              [
                14165942.57879217,
                4370659.73942581
              ],
              [
                14165943.57248558,
                4370661.42771573
              ],
              [
                14165944.56881855,
                4370663.11443605
              ],
              [
                14165945.5677886,
                4370664.79958261
              ],
              [
                14165946.56939328,
                4370666.48315125
              ],
              [
                14165947.57363011,
                4370668.16513781
              ],
              [
                14165948.58049662,
                4370669.84553815
              ],
              [
                14165949.58999032,
                4370671.52434811
              ],
              [
                14165950.60210873,
                4370673.20156355
              ],
              [
                14165951.61684935,
                4370674.87718034
              ],
              [
                14165952.63420967,
                4370676.55119432
              ],
              [
                14165953.65418719,
                4370678.22360138
              ],
              [
                14165954.67677938,
                4370679.89439739
              ],
              [
                14165955.70198373,
                4370681.56357821
              ],
              [
                14165956.72979771,
                4370683.23113974
              ],
              [
                14165957.76021879,
                4370684.89707786
              ],
              [
                14165958.7932444,
                4370686.56138844
              ],
              [
                14165959.82887203,
                4370688.22406739
              ],
              [
                14165960.8670991,
                4370689.88511061
              ],
              [
                14165961.90792307,
                4370691.54451398
              ],
              [
                14165962.95134135,
                4370693.20227342
              ],
              [
                14165963.99735138,
                4370694.85838483
              ],
              [
                14165965.04595057,
                4370696.51284413
              ],
              [
                14165966.09713635,
                4370698.16564722
              ],
              [
                14165967.1509061,
                4370699.81679005
              ],
              [
                14165968.20725725,
                4370701.46626852
              ],
              [
                14165969.26618718,
                4370703.11407856
              ],
              [
                14165970.32769327,
                4370704.76021611
              ],
              [
                14165971.39177292,
                4370706.4046771
              ],
              [
                14165972.45842349,
                4370708.04745748
              ],
              [
                14165973.52764236,
                4370709.68855319
              ],
              [
                14165974.59942688,
                4370711.32796019
              ],
              [
                14165975.67377443,
                4370712.96567441
              ],
              [
                14165976.75068233,
                4370714.60169182
              ],
              [
                14165977.83014793,
                4370716.23600839
              ],
              [
                14165978.91216858,
                4370717.86862008
              ],
              [
                14165979.99674161,
                4370719.49952285
              ],
              [
                14165981.08386433,
                4370721.12871269
              ],
              [
                14165982.17353408,
                4370722.75618557
              ],
              [
                14165983.26574815,
                4370724.38193747
              ],
              [
                14165984.36050386,
                4370726.00596439
              ],
              [
                14165985.4577985,
                4370727.62826231
              ],
              [
                14165986.55762937,
                4370729.24882722
              ],
              [
                14165987.65999375,
                4370730.86765514
              ],
              [
                14165988.76488893,
                4370732.48474205
              ],
              [
                14165989.87231218,
                4370734.10008398
              ],
              [
                14165990.98226077,
                4370735.71367693
              ],
              [
                14165992.09473196,
                4370737.32551692
              ],
              [
                14165993.209723,
                4370738.93559997
              ],
              [
                14165994.32723115,
                4370740.54392212
              ],
              [
                14165995.44725364,
                4370742.15047937
              ],
              [
                14165996.56978772,
                4370743.75526778
              ],
              [
                14165997.69483062,
                4370745.35828339
              ],
              [
                14165998.82237955,
                4370746.95952222
              ],
              [
                14165999.95243175,
                4370748.55898034
              ],
              [
                14166001.08498442,
                4370750.15665379
              ],
              [
                14166002.22003477,
                4370751.75253863
              ],
              [
                14166003.35757999,
                4370753.34663092
              ],
              [
                14166004.49761728,
                4370754.93892673
              ],
              [
                14166005.64014384,
                4370756.52942212
              ],
              [
                14166006.78515682,
                4370758.11811317
              ],
              [
                14166007.93265344,
                4370759.70499596
              ],
              [
                14166009.08263083,
                4370761.29006657
              ],
              [
                14166010.23508617,
                4370762.87332109
              ],
              [
                14166011.39001662,
                4370764.45475561
              ],
              [
                14166012.54741932,
                4370766.03436622
              ],
              [
                14166013.70729142,
                4370767.61214903
              ],
              [
                14166014.86963006,
                4370769.18810015
              ],
              [
                14166016.03443238,
                4370770.76221567
              ],
              [
                14166017.20169548,
                4370772.33449172
              ],
              [
                14166018.37141652,
                4370773.90492442
              ],
              [
                14166019.54359257,
                4370775.4735099
              ],
              [
                14166020.71822078,
                4370777.04024426
              ],
              [
                14166021.89529823,
                4370778.60512366
              ],
              [
                14166023.07482201,
                4370780.16814422
              ],
              [
                14166024.25678922,
                4370781.72930209
              ],
              [
                14166025.44119695,
                4370783.28859342
              ],
              [
                14166026.62804227,
                4370784.84601436
              ],
              [
                14166027.81732225,
                4370786.40156105
              ],
              [
                14166029.00903396,
                4370787.95522967
              ],
              [
                14166030.20317446,
                4370789.50701638
              ],
              [
                14166031.39974081,
                4370791.05691734
              ],
              [
                14166032.59873005,
                4370792.60492873
              ],
              [
                14166033.80013922,
                4370794.15104674
              ],
              [
                14166035.00396536,
                4370795.69526753
              ],
              [
                14166036.21020549,
                4370797.23758731
              ],
              [
                14166037.41885666,
                4370798.77800226
              ],
              [
                14166038.62991587,
                4370800.31650859
              ],
              [
                14166039.84338013,
                4370801.85310248
              ],
              [
                14166041.05924645,
                4370803.38778016
              ],
              [
                14166042.27751183,
                4370804.92053783
              ],
              [
                14166043.49817327,
                4370806.45137171
              ],
              [
                14166044.72122774,
                4370807.98027802
              ],
              [
                14166045.94667225,
                4370809.50725298
              ],
              [
                14166047.17450376,
                4370811.03229284
              ],
              [
                14166048.40471925,
                4370812.55539381
              ],
              [
                14166049.63731567,
                4370814.07655215
              ],
              [
                14166050.87228999,
                4370815.59576409
              ],
              [
                14166052.10963916,
                4370817.1130259
              ],
              [
                14166053.34936013,
                4370818.62833381
              ],
              [
                14166054.59144984,
                4370820.1416841
              ],
              [
                14166055.83590522,
                4370821.65307302
              ],
              [
                14166057.08272322,
                4370823.16249685
              ],
              [
                14166058.33190074,
                4370824.66995186
              ],
              [
                14166059.5834347,
                4370826.17543432
              ],
              [
                14166060.83732203,
                4370827.67894053
              ],
              [
                14166062.09355962,
                4370829.18046677
              ],
              [
                14166063.35214438,
                4370830.68000933
              ],
              [
                14166064.6130732,
                4370832.17756451
              ],
              [
                14166065.87634296,
                4370833.67312862
              ],
              [
                14166067.14195057,
                4370835.16669796
              ],
              [
                14166068.40989289,
                4370836.65826885
              ],
              [
                14166069.68016679,
                4370838.14783761
              ],
              [
                14166070.95276913,
                4370839.63540054
              ],
              [
                14166072.22769679,
                4370841.120954
              ],
              [
                14166073.50494661,
                4370842.60449431
              ],
              [
                14166074.78451544,
                4370844.0860178
              ],
              [
                14166076.06640013,
                4370845.56552082
              ],
              [
                14166077.35059752,
                4370847.04299972
              ],
              [
                14166078.63710442,
                4370848.51845085
              ],
              [
                14166079.92591768,
                4370849.99187057
              ],
              [
                14166081.2170341,
                4370851.46325523
              ],
              [
                14166082.51045052,
                4370852.93260122
              ],
              [
                14166083.80616372,
                4370854.39990489
              ],
              [
                14166085.10417052,
                4370855.86516264
              ],
              [
                14166086.40446772,
                4370857.32837084
              ],
              [
                14166087.70705211,
                4370858.78952587
              ],
              [
                14166089.01192046,
                4370860.24862415
              ],
              [
                14166090.31906957,
                4370861.70566205
              ],
              [
                14166091.62849621,
                4370863.16063598
              ],
              [
                14166092.94019714,
                4370864.61354236
              ],
              [
                14166094.25416914,
                4370866.0643776
              ],
              [
                14166095.57040896,
                4370867.51313811
              ],
              [
                14166096.88891335,
                4370868.95982032
              ],
              [
                14166098.20967905,
                4370870.40442066
              ],
              [
                14166099.53270282,
                4370871.84693556
              ],
              [
                14166100.85798138,
                4370873.28736145
              ],
              [
                14166102.18551147,
                4370874.7256948
              ],
              [
                14166103.5152898,
                4370876.16193203
              ],
              [
                14166104.84731311,
                4370877.59606962
              ],
              [
                14166106.1815781,
                4370879.02810402
              ],
              [
                14166107.51808148,
                4370880.45803168
              ],
              [
                14166108.85681995,
                4370881.88584909
              ],
              [
                14166110.19779022,
                4370883.31155272
              ],
              [
                14166111.54098896,
                4370884.73513905
              ],
              [
                14166112.88641288,
                4370886.15660457
              ],
              [
                14166114.23405863,
                4370887.57594575
              ],
              [
                14166115.58392292,
                4370888.99315911
              ],
              [
                14166116.93600239,
                4370890.40824115
              ],
              [
                14166118.29029372,
                4370891.82118836
              ],
              [
                14166119.64679356,
                4370893.23199727
              ],
              [
                14166121.00549858,
                4370894.64066439
              ],
              [
                14166122.36640541,
                4370896.04718624
              ],
              [
                14166123.72951069,
                4370897.45155935
              ],
              [
                14166125.09481107,
                4370898.85378025
              ],
              [
                14166126.46230317,
                4370900.25384549
              ],
              [
                14166127.83198363,
                4370901.6517516
              ],
              [
                14166129.20384906,
                4370903.04749514
              ],
              [
                14166130.57789607,
                4370904.44107265
              ],
              [
                14166131.95412128,
                4370905.8324807
              ],
              [
                14166133.33252129,
                4370907.22171586
              ],
              [
                14166134.71309271,
                4370908.6087747
              ],
              [
                14166136.09583211,
                4370909.99365378
              ],
              [
                14166137.4807361,
                4370911.37634969
              ],
              [
                14166138.86780125,
                4370912.75685903
              ],
              [
                14166140.25702414,
                4370914.13517837
              ],
              [
                14166141.64840135,
                4370915.51130432
              ],
              [
                14166143.04192943,
                4370916.88523349
              ],
              [
                14166144.43760497,
                4370918.25696247
              ],
              [
                14166145.83542449,
                4370919.62648789
              ],
              [
                14166147.23538457,
                4370920.99380636
              ],
              [
                14166148.63748175,
                4370922.3589145
              ],
              [
                14166150.04171256,
                4370923.72180895
              ],
              [
                14166151.44807354,
                4370925.08248634
              ],
              [
                14166152.85656123,
                4370926.44094332
              ],
              [
                14166154.26717214,
                4370927.79717653
              ],
              [
                14166155.67990279,
                4370929.15118261
              ],
              [
                14166157.09474971,
                4370930.50295824
              ],
              [
                14166158.51170939,
                4370931.85250007
              ],
              [
                14166159.93077834,
                4370933.19980477
              ],
              [
                14166161.35195307,
                4370934.54486902
              ],
              [
                14166162.77523006,
                4370935.88768948
              ],
              [
                14166164.2006058,
                4370937.22826286
              ],
              [
                14166165.62807677,
                4370938.56658584
              ],
              [
                14166167.05763946,
                4370939.90265511
              ],
              [
                14166168.48929033,
                4370941.23646738
              ],
              [
                14166169.92302586,
                4370942.56801936
              ],
              [
                14166171.3588425,
                4370943.89730775
              ],
              [
                14166172.79673671,
                4370945.22432928
              ],
              [
                14166174.23670494,
                4370946.54908067
              ],
              [
                14166175.67874365,
                4370947.87155865
              ],
              [
                14166177.12284927,
                4370949.19175996
              ],
              [
                14166178.56901824,
                4370950.50968133
              ],
              [
                14166180.01724699,
                4370951.82531951
              ],
              [
                14166181.46753195,
                4370953.13867126
              ],
              [
                14166182.91986954,
                4370954.44973333
              ],
              [
                14166184.37425617,
                4370955.75850249
              ],
              [
                14166185.83068825,
                4370957.0649755
              ],
              [
                14166187.2891622,
                4370958.36914913
              ],
              [
                14166188.74967442,
                4370959.67102019
              ],
              [
                14166190.21222129,
                4370960.97058543
              ],
              [
                14166191.67679921,
                4370962.26784166
              ],
              [
                14166193.14340458,
                4370963.56278568
              ],
              [
                14166194.61203376,
                4370964.85541429
              ],
              [
                14166196.08268313,
                4370966.14572429
              ],
              [
                14166197.55534906,
                4370967.43371251
              ],
              [
                14166199.03002793,
                4370968.71937576
              ],
              [
                14166200.5067161,
                4370970.00271087
              ],
              [
                14166201.98540991,
                4370971.28371467
              ],
              [
                14166203.46610573,
                4370972.56238399
              ],
              [
                14166204.94879989,
                4370973.83871569
              ],
              [
                14166206.43348873,
                4370975.11270661
              ],
              [
                14166207.9201686,
                4370976.3843536
              ],
              [
                14166209.40883583,
                4370977.65365353
              ],
              [
                14166210.89948673,
                4370978.92060326
              ],
              [
                14166212.39211765,
                4370980.18519967
              ],
              [
                14166213.88672488,
                4370981.44743963
              ],
              [
                14166215.38330475,
                4370982.70732002
              ],
              [
                14166216.88185356,
                4370983.96483774
              ],
              [
                14166218.3823676,
                4370985.21998969
              ],
              [
                14166219.88484319,
                4370986.47277276
              ],
              [
                14166221.38927661,
                4370987.72318385
              ],
              [
                14166222.89566414,
                4370988.9712199
              ],
              [
                14166224.40400208,
                4370990.2168778
              ],
              [
                14166225.9142867,
                4370991.46015449
              ],
              [
                14166227.42651427,
                4370992.7010469
              ],
              [
                14166228.94068107,
                4370993.93955197
              ],
              [
                14166230.45678335,
                4370995.17566663
              ],
              [
                14166231.97481738,
                4370996.40938783
              ],
              [
                14166233.4947794,
                4370997.64071254
              ],
              [
                14166235.01666567,
                4370998.86963771
              ],
              [
                14166236.54047244,
                4371000.09616031
              ],
              [
                14166238.06619593,
                4371001.3202773
              ],
              [
                14166239.59383239,
                4371002.54198566
              ],
              [
                14166241.12337805,
                4371003.76128239
              ],
              [
                14166242.65482913,
                4371004.97816447
              ],
              [
                14166244.18818186,
                4371006.19262889
              ],
              [
                14166245.72343245,
                4371007.40467266
              ],
              [
                14166247.2605771,
                4371008.61429279
              ],
              [
                14166248.79961204,
                4371009.82148628
              ],
              [
                14166250.34053346,
                4371011.02625016
              ],
              [
                14166251.88333755,
                4371012.22858146
              ],
              [
                14166253.42802052,
                4371013.42847721
              ],
              [
                14166254.97457855,
                4371014.62593444
              ],
              [
                14166256.52300781,
                4371015.82095019
              ],
              [
                14166258.07330451,
                4371017.01352153
              ],
              [
                14166259.62546479,
                4371018.2036455
              ],
              [
                14166261.17948485,
                4371019.39131915
              ],
              [
                14166262.73536083,
                4371020.57653958
              ],
              [
                14166264.29308891,
                4371021.75930385
              ],
              [
                14166265.85266523,
                4371022.93960903
              ],
              [
                14166267.41408596,
                4371024.11745221
              ],
              [
                14166268.97734723,
                4371025.29283049
              ],
              [
                14166270.54244518,
                4371026.46574096
              ],
              [
                14166272.10937597,
                4371027.63618074
              ],
              [
                14166273.67813571,
                4371028.80414692
              ],
              [
                14166275.24872054,
                4371029.96963662
              ],
              [
                14166276.82112659,
                4371031.13264697
              ],
              [
                14166278.39534997,
                4371032.2931751
              ],
              [
                14166279.97138679,
                4371033.45121814
              ],
              [
                14166281.54923318,
                4371034.60677324
              ],
              [
                14166283.12888522,
                4371035.75983753
              ],
              [
                14166284.71033904,
                4371036.91040818
              ],
              [
                14166286.29359071,
                4371038.05848234
              ],
              [
                14166287.87863635,
                4371039.20405717
              ],
              [
                14166289.46547203,
                4371040.34712986
              ],
              [
                14166291.05409384,
                4371041.48769757
              ],
              [
                14166292.64449786,
                4371042.6257575
              ],
              [
                14166294.23668016,
                4371043.76130683
              ],
              [
                14166295.83063683,
                4371044.89434275
              ],
              [
                14166297.42636391,
                4371046.02486249
              ],
              [
                14166299.02385747,
                4371047.15286323
              ],
              [
                14166300.62311359,
                4371048.27834219
              ],
              [
                14166302.22412828,
                4371049.40129661
              ],
              [
                14166303.82689763,
                4371050.5217237
              ],
              [
                14166305.43141767,
                4371051.6396207
              ],
              [
                14166307.03768444,
                4371052.75498484
              ],
              [
                14166308.64569397,
                4371053.86781338
              ],
              [
                14166310.2554423,
                4371054.97810358
              ],
              [
                14166311.86692546,
                4371056.08585267
              ],
              [
                14166313.48013946,
                4371057.19105795
              ],
              [
                14166315.09508033,
                4371058.29371666
              ],
              [
                14166316.71174408,
                4371059.3938261
              ],
              [
                14166318.33012673,
                4371060.49138353
              ],
              [
                14166319.95022427,
                4371061.58638627
              ],
              [
                14166321.57203272,
                4371062.6788316
              ],
              [
                14166323.19554806,
                4371063.76871682
              ],
              [
                14166324.82076629,
                4371064.85603925
              ],
              [
                14166326.44768341,
                4371065.9407962
              ],
              [
                14166328.07629539,
                4371067.02298499
              ],
              [
                14166329.70659822,
                4371068.10260295
              ],
              [
                14166331.33858787,
                4371069.17964742
              ],
              [
                14166332.97226031,
                4371070.25411573
              ],
              [
                14166334.60761153,
                4371071.32600523
              ],
              [
                14166336.24463747,
                4371072.39531329
              ],
              [
                14166337.8833341,
                4371073.46203725
              ],
              [
                14166339.52369738,
                4371074.52617447
              ],
              [
                14166341.16572325,
                4371075.58772235
              ],
              [
                14166342.80940767,
                4371076.64667826
              ],
              [
                14166344.45474658,
                4371077.70303957
              ],
              [
                14166346.10173591,
                4371078.75680369
              ],
              [
                14166347.7503716,
                4371079.80796801
              ],
              [
                14166349.4006496,
                4371080.85652993
              ],
              [
                14166351.05256582,
                4371081.90248688
              ],
              [
                14166352.70611618,
                4371082.94583626
              ],
              [
                14166354.36129661,
                4371083.98657549
              ],
              [
                14166356.01810301,
                4371085.02470202
              ],
              [
                14166357.67653131,
                4371086.06021327
              ],
              [
                14166359.33657741,
                4371087.0931067
              ],
              [
                14166360.99823721,
                4371088.12337974
              ],
              [
                14166362.66150661,
                4371089.15102986
              ],
              [
                14166364.32638151,
                4371090.17605452
              ],
              [
                14166365.99285779,
                4371091.19845119
              ],
              [
                14166367.66093136,
                4371092.21821735
              ],
              [
                14166369.33059807,
                4371093.23535047
              ],
              [
                14166371.00185383,
                4371094.24984805
              ],
              [
                14166372.67469451,
                4371095.26170758
              ],
              [
                14166374.34911596,
                4371096.27092656
              ],
              [
                14166376.02511407,
                4371097.2775025
              ],
              [
                14166377.7026847,
                4371098.28143293
              ],
              [
                14166379.38182371,
                4371099.28271534
              ],
              [
                14166381.06252695,
                4371100.28134729
              ],
              [
                14166382.74479027,
                4371101.27732629
              ],
              [
                14166384.42860953,
                4371102.27064989
              ],
              [
                14166386.11398056,
                4371103.26131565
              ],
              [
                14166387.80089922,
                4371104.24932111
              ],
              [
                14166389.48936133,
                4371105.23466383
              ],
              [
                14166391.17936273,
                4371106.21734138
              ],
              [
                14166392.87089925,
                4371107.19735134
              ],
              [
                14166394.56396672,
                4371108.17469128
              ],
              [
                14166396.25856094,
                4371109.1493588
              ],
              [
                14166397.95467775,
                4371110.12135148
              ],
              [
                14166399.65231296,
                4371111.09066693
              ],
              [
                14166401.35146238,
                4371112.05730275
              ],
              [
                14166403.05212181,
                4371113.02125656
              ],
              [
                14166404.75428706,
                4371113.98252598
              ],
              [
                14166406.45795393,
                4371114.94110863
              ],
              [
                14166408.16311821,
                4371115.89700214
              ],
              [
                14166409.86977569,
                4371116.85020417
              ],
              [
                14166411.57792216,
                4371117.80071234
              ],
              [
                14166413.28755341,
                4371118.74852432
              ],
              [
                14166414.99866522,
                4371119.69363777
              ],
              [
                14166416.71125336,
                4371120.63605036
              ],
              [
                14166418.42531361,
                4371121.57575975
              ],
              [
                14166420.14084174,
                4371122.51276363
              ],
              [
                14166421.85783351,
                4371123.44705968
              ],
              [
                14166423.57628469,
                4371124.3786456
              ],
              [
                14166425.29619104,
                4371125.30751908
              ],
              [
                14166427.0175483,
                4371126.23367784
              ],
              [
                14166428.74035224,
                4371127.15711958
              ],
              [
                14166430.4645986,
                4371128.07784204
              ],
              [
                14166432.19028312,
                4371128.99584292
              ],
              [
                14166433.91740156,
                4371129.91111997
              ],
              [
                14166435.64594963,
                4371130.82367093
              ],
              [
                14166437.37592308,
                4371131.73349355
              ],
              [
                14166439.10731764,
                4371132.64058557
              ],
              [
                14166440.84012905,
                4371133.54494476
              ],
              [
                14166442.574353,
                4371134.44656889
              ],
              [
                14166444.30998524,
                4371135.34545572
              ],
              [
                14166446.04702147,
                4371136.24160305
              ],
              [
                14166447.78545741,
                4371137.13500865
              ],
              [
                14166449.52528877,
                4371138.02567033
              ],
              [
                14166451.26651126,
                4371138.91358588
              ],
              [
                14166453.00912057,
                4371139.79875311
              ],
              [
                14166454.75311241,
                4371140.68116984
              ],
              [
                14166456.49848247,
                4371141.56083388
              ],
              [
                14166458.24522645,
                4371142.43774307
              ],
              [
                14166459.99334003,
                4371143.31189524
              ],
              [
                14166461.7428189,
                4371144.18328823
              ],
              [
                14166463.49365874,
                4371145.05191989
              ],
              [
                14166465.24585524,
                4371145.91778808
              ],
              [
                14166466.99940406,
                4371146.78089065
              ],
              [
                14166468.75430088,
                4371147.64122549
              ],
              [
                14166470.51054137,
                4371148.49879046
              ],
              [
                14166472.26812119,
                4371149.35358344
              ],
              [
                14166474.02703601,
                4371150.20560232
              ],
              [
                14166475.78728148,
                4371151.05484501
              ],
              [
                14166477.54885326,
                4371151.9013094
              ],
              [
                14166479.31174701,
                4371152.74499341
              ],
              [
                14166481.07595837,
                4371153.58589495
              ],
              [
                14166482.84148299,
                4371154.42401195
              ],
              [
                14166484.6083165,
                4371155.25934233
              ],
              [
                14166486.37645456,
                4371156.09188404
              ],
              [
                14166488.1458928,
                4371156.92163501
              ],
              [
                14166489.91662684,
                4371157.74859321
              ],
              [
                14166491.68865232,
                4371158.57275659
              ],
              [
                14166493.46196487,
                4371159.39412311
              ],
              [
                14166495.23656011,
                4371160.21269074
              ],
              [
                14166497.01243366,
                4371161.02845747
              ],
              [
                14166498.78958114,
                4371161.84142128
              ],
              [
                14166500.56799816,
                4371162.65158016
              ],
              [
                14166502.34768032,
                4371163.45893212
              ],
              [
                14166504.12862325,
                4371164.26347515
              ],
              [
                14166505.91082254,
                4371165.06520728
              ],
              [
                14166507.6942738,
                4371165.86412653
              ],
              [
                14166509.47897263,
                4371166.66023091
              ],
              [
                14166511.2649146,
                4371167.45351848
              ],
              [
                14166513.05209533,
                4371168.24398725
              ],
              [
                14166514.84051041,
                4371169.03163529
              ],
              [
                14166516.63015541,
                4371169.81646066
              ],
              [
                14166518.42102592,
                4371170.59846141
              ],
              [
                14166520.21311752,
                4371171.37763561
              ],
              [
                14166522.00642578,
                4371172.15398134
              ],
              [
                14166523.80094629,
                4371172.92749668
              ],
              [
                14166525.59667461,
                4371173.69817973
              ],
              [
                14166527.39360631,
                4371174.46602857
              ],
              [
                14166529.19173695,
                4371175.23104132
              ],
              [
                14166530.9910621,
                4371175.99321608
              ],
              [
                14166532.79157732,
                4371176.75255097
              ],
              [
                14166534.59327816,
                4371177.50904412
              ],
              [
                14166536.39616018,
                4371178.26269367
              ],
              [
                14166538.20021892,
                4371179.01349774
              ],
              [
                14166540.00544994,
                4371179.76145449
              ],
              [
                14166541.81184878,
                4371180.50656207
              ],
              [
                14166543.61941097,
                4371181.24881864
              ],
              [
                14166545.42813207,
                4371181.98822236
              ],
              [
                14166547.2380076,
                4371182.72477142
              ],
              [
                14166549.0490331,
                4371183.45846399
              ],
              [
                14166550.86120409,
                4371184.18929826
              ],
              [
                14166552.67451612,
                4371184.91727243
              ],
              [
                14166554.48896469,
                4371185.64238469
              ],
              [
                14166556.30454534,
                4371186.36463327
              ],
              [
                14166558.12125357,
                4371187.08401637
              ],
              [
                14166559.93908492,
                4371187.80053222
              ],
              [
                14166561.75803488,
                4371188.51417906
              ],
              [
                14166563.57809898,
                4371189.22495511
              ],
              [
                14166565.39927272,
                4371189.93285863
              ],
              [
                14166567.2215516,
                4371190.63788786
              ],
              [
                14166569.04493113,
                4371191.34004107
              ],
              [
                14166570.8694068,
                4371192.03931652
              ],
              [
                14166572.69497413,
                4371192.73571248
              ],
              [
                14166574.52162858,
                4371193.42922724
              ],
              [
                14166576.34936568,
                4371194.11985908
              ],
              [
                14166578.17818088,
                4371194.80760631
              ],
              [
                14166580.00806969,
                4371195.49246721
              ],
              [
                14166581.8390276,
                4371196.1744401
              ],
              [
                14166583.67105007,
                4371196.8535233
              ],
              [
                14166585.50413259,
                4371197.52971513
              ],
              [
                14166587.33827064,
                4371198.20301391
              ],
              [
                14166589.17345968,
                4371198.873418
              ],
              [
                14166591.00969519,
                4371199.54092572
              ],
              [
                14166592.84697264,
                4371200.20553544
              ],
              [
                14166594.68528749,
                4371200.86724551
              ],
              [
                14166596.52463519,
                4371201.5260543
              ],
              [
                14166598.36501124,
                4371202.18196018
              ],
              [
                14166600.20641106,
                4371202.83496154
              ],
              [
                14166602.04883011,
                4371203.48505676
              ],
              [
                14166603.89226386,
                4371204.13224423
              ],
              [
                14166605.73670775,
                4371204.77652236
              ],
              [
                14166607.58215723,
                4371205.41788956
              ],
              [
                14166609.42860773,
                4371206.05634424
              ],
              [
                14166611.27605473,
                4371206.69188482
              ],
              [
                14166613.12449363,
                4371207.32450975
              ],
              [
                14166614.97391988,
                4371207.95421745
              ],
              [
                14166616.82432893,
                4371208.58100637
              ],
              [
                14166618.67571619,
                4371209.20487497
              ],
              [
                14166620.52807712,
                4371209.8258217
              ],
              [
                14166622.38140712,
                4371210.44384502
              ],
              [
                14166624.23570163,
                4371211.05894343
              ],
              [
                14166626.09095607,
                4371211.67111539
              ],
              [
                14166627.94716587,
                4371212.28035938
              ],
              [
                14166629.80432643,
                4371212.88667393
              ],
              [
                14166631.66243318,
                4371213.49005751
              ],
              [
                14166633.52148153,
                4371214.09050865
              ],
              [
                14166635.38146689,
                4371214.68802585
              ],
              [
                14166637.24238467,
                4371215.28260766
              ],
              [
                14166639.10423029,
                4371215.87425259
              ],
              [
                14166640.96699913,
                4371216.46295919
              ],
              [
                14166642.83068661,
                4371217.04872599
              ],
              [
                14166644.69528813,
                4371217.63155157
              ],
              [
                14166646.56079908,
                4371218.21143447
              ],
              [
                14166648.42721485,
                4371218.78837327
              ],
              [
                14166650.29453085,
                4371219.36236654
              ],
              [
                14166652.16274247,
                4371219.93341287
              ],
              [
                14166654.03184509,
                4371220.50151083
              ],
              [
                14166655.9018341,
                4371221.06665904
              ],
              [
                14166657.77270487,
                4371221.62885609
              ],
              [
                14166659.64445281,
                4371222.18810061
              ],
              [
                14166661.51707329,
                4371222.7443912
              ],
              [
                14166663.39056168,
                4371223.29772649
              ],
              [
                14166665.26491336,
                4371223.84810512
              ],
              [
                14166667.1401237,
                4371224.39552573
              ],
              [
                14166669.01618809,
                4371224.93998696
              ],
              [
                14166670.89310188,
                4371225.48148748
              ],
              [
                14166672.77086043,
                4371226.02002594
              ],
              [
                14166674.64945913,
                4371226.55560102
              ],
              [
                14166676.52889333,
                4371227.0882114
              ],
              [
                14166678.4091584,
                4371227.61785575
              ],
              [
                14166680.29024969,
                4371228.14453277
              ],
              [
                14166682.17216256,
                4371228.66824116
              ],
              [
                14166684.05489236,
                4371229.18897963
              ],
              [
                14166685.93843445,
                4371229.70674689
              ],
              [
                14166687.82278418,
                4371230.22154166
              ],
              [
                14166689.7079369,
                4371230.73336268
              ],
              [
                14166691.59388795,
                4371231.24220868
              ],
              [
                14166693.48063269,
                4371231.74807839
              ],
              [
                14166695.36816645,
                4371232.25097058
              ],
              [
                14166697.25648457,
                4371232.750884
              ],
              [
                14166699.1455824,
                4371233.24781742
              ],
              [
                14166701.03545526,
                4371233.74176961
              ],
              [
                14166702.92609851,
                4371234.23273934
              ],
              [
                14166704.81750747,
                4371234.72072542
              ],
              [
                14166706.70967747,
                4371235.20572663
              ],
              [
                14166708.60260384,
                4371235.68774177
              ],
              [
                14166710.49628191,
                4371236.16676966
              ],
              [
                14166712.39070701,
                4371236.64280912
              ],
              [
                14166714.28587445,
                4371237.11585896
              ],
              [
                14166716.18177958,
                4371237.58591802
              ],
              [
                14166718.07841769,
                4371238.05298513
              ],
              [
                14166719.97578412,
                4371238.51705916
              ],
              [
                14166721.87387417,
                4371238.97813895
              ],
              [
                14166723.77268317,
                4371239.43622335
              ],
              [
                14166725.67220643,
                4371239.89131125
              ],
              [
                14166727.57243925,
                4371240.34340151
              ],
              [
                14166729.47337696,
                4371240.79249302
              ],
              [
                14166731.37501485,
                4371241.23858468
              ],
              [
                14166733.27734824,
                4371241.68167537
              ],
              [
                14166735.18037242,
                4371242.12176401
              ],
              [
                14166737.08408271,
                4371242.55884952
              ],
              [
                14166738.9884744,
                4371242.99293079
              ],
              [
                14166740.89354279,
                4371243.42400678
              ],
              [
                14166742.79928318,
                4371243.85207642
              ],
              [
                14166744.70569087,
                4371244.27713864
              ],
              [
                14166746.61276114,
                4371244.6991924
              ],
              [
                14166748.5204893,
                4371245.11823665
              ],
              [
                14166750.42887064,
                4371245.53427037
              ],
              [
                14166752.33790044,
                4371245.94729252
              ],
              [
                14166754.247574,
                4371246.35730208
              ],
              [
                14166756.15788659,
                4371246.76429804
              ],
              [
                14166758.06883351,
                4371247.1682794
              ],
              [
                14166759.98041004,
                4371247.56924516
              ],
              [
                14166761.89261146,
                4371247.96719433
              ],
              [
                14166763.80543304,
                4371248.36212593
              ],
              [
                14166765.71887008,
                4371248.75403897
              ],
              [
                14166767.63291784,
                4371249.14293251
              ],
              [
                14166769.5475716,
                4371249.52880557
              ],
              [
                14166771.46282664,
                4371249.91165719
              ],
              [
                14166773.37867824,
                4371250.29148644
              ],
              [
                14166775.29512164,
                4371250.66829238
              ],
              [
                14166777.21215214,
                4371251.04207408
              ],
              [
                14166779.129765,
                4371251.41283061
              ],
              [
                14166781.04795548,
                4371251.78056106
              ],
              [
                14166782.96671886,
                4371252.14526452
              ],
              [
                14166784.88605039,
                4371252.50694009
              ],
              [
                14166786.80594533,
                4371252.86558688
              ],
              [
                14166788.72639896,
                4371253.221204
              ],
              [
                14166790.64740652,
                4371253.57379058
              ],
              [
                14166792.56896328,
                4371253.92334574
              ],
              [
                14166794.4910645,
                4371254.26986861
              ],
              [
                14166796.41370542,
                4371254.61335836
              ],
              [
                14166798.33688131,
                4371254.95381412
              ],
              [
                14166800.26058742,
                4371255.29123505
              ],
              [
                14166802.184819,
                4371255.62562033
              ],
              [
                14166804.1095713,
                4371255.95696913
              ],
              [
                14166806.03483957,
                4371256.28528062
              ],
              [
                14166807.96061905,
                4371256.610554
              ],
              [
                14166809.886905,
                4371256.93278848
              ],
              [
                14166811.81369267,
                4371257.25198323
              ],
              [
                14166813.74097728,
                4371257.5681375
              ],
              [
                14166815.66875409,
                4371257.88125048
              ],
              [
                14166817.59701835,
                4371258.19132141
              ],
              [
                14166819.52576527,
                4371258.49834951
              ],
              [
                14166821.45499013,
                4371258.80233405
              ],
              [
                14166823.38468813,
                4371259.10327426
              ],
              [
                14166825.31485454,
                4371259.4011694
              ],
              [
                14166827.24548457,
                4371259.69601873
              ],
              [
                14166829.17657347,
                4371259.98782153
              ],
              [
                14166831.10811646,
                4371260.27657708
              ],
              [
                14166833.04010879,
                4371260.56228466
              ],
              [
                14166834.97254568,
                4371260.84494357
              ],
              [
                14166836.90542236,
                4371261.12455311
              ],
              [
                14166838.83873407,
                4371261.40111259
              ],
              [
                14166840.77247602,
                4371261.67462133
              ],
              [
                14166842.70664345,
                4371261.94507864
              ],
              [
                14166844.64123159,
                4371262.21248388
              ],
              [
                14166846.57623565,
                4371262.47683636
              ],
              [
                14166848.51165087,
                4371262.73813545
              ],
              [
                14166850.44747246,
                4371262.99638049
              ],
              [
                14166852.38369565,
                4371263.25157085
              ],
              [
                14166854.32031566,
                4371263.50370589
              ],
              [
                14166856.2573277,
                4371263.75278501
              ],
              [
                14166858.194727,
                4371263.99880757
              ],
              [
                14166860.13250878,
                4371264.24177297
              ],
              [
                14166862.07066825,
                4371264.48168062
              ],
              [
                14166864.00920063,
                4371264.71852992
              ],
              [
                14166865.94810113,
                4371264.95232028
              ],
              [
                14166867.88736497,
                4371265.18305114
              ],
              [
                14166869.82698736,
                4371265.41072191
              ],
              [
                14166871.76696351,
                4371265.63533203
              ],
              [
                14166873.70728864,
                4371265.85688097
              ],
              [
                14166875.64795796,
                4371266.07536815
              ],
              [
                14166877.58896667,
                4371266.29079305
              ],
              [
                14166879.53030999,
                4371266.50315514
              ],
              [
                14166881.47198312,
                4371266.71245388
              ],
              [
                14166883.41398128,
                4371266.91868877
              ],
              [
                14166885.35629966,
                4371267.12185929
              ],
              [
                14166887.29893348,
                4371267.32196494
              ],
              [
                14166889.24187793,
                4371267.51900523
              ],
              [
                14166891.18512822,
                4371267.71297967
              ],
              [
                14166893.12867957,
                4371267.90388778
              ],
              [
                14166895.07252716,
                4371268.09172909
              ],
              [
                14166897.01666621,
                4371268.27650314
              ],
              [
                14166898.96109191,
                4371268.45820947
              ],
              [
                14166900.90579946,
                4371268.63684764
              ],
              [
                14166902.85078406,
                4371268.81241719
              ],
              [
                14166904.79604093,
                4371268.9849177
              ],
              [
                14166906.74156523,
                4371269.15434873
              ],
              [
                14166908.6873522,
                4371269.32070989
              ],
              [
                14166910.633397,
                4371269.48400075
              ],
              [
                14166912.57969485,
                4371269.6442209
              ],
              [
                14166914.52624095,
                4371269.80136996
              ],
              [
                14166916.47303047,
                4371269.95544754
              ],
              [
                14166918.42005863,
                4371270.10645325
              ],
              [
                14166920.36732061,
                4371270.25438673
              ],
              [
                14166922.31481161,
                4371270.39924759
              ],
              [
                14166924.26252682,
                4371270.5410355
              ],
              [
                14166926.21046143,
                4371270.6797501
              ],
              [
                14166928.15861064,
                4371270.81539104
              ],
              [
                14166930.10696963,
                4371270.947958
              ],
              [
                14166932.0555336,
                4371271.07745064
              ],
              [
                14166934.00429775,
                4371271.20386865
              ],
              [
                14166935.95325725,
                4371271.3272117
              ],
              [
                14166937.9024073,
                4371271.44747951
              ],
              [
                14166939.85174308,
                4371271.56467177
              ],
              [
                14166941.80125979,
                4371271.67878818
              ],
              [
                14166943.75095262,
                4371271.78982848
              ],
              [
                14166945.70081674,
                4371271.89779239
              ],
              [
                14166947.65084736,
                4371272.00267963
              ],
              [
                14166949.60103965,
                4371272.10448995
              ],
              [
                14166951.5513888,
                4371272.2032231
              ],
              [
                14166953.50188999,
                4371272.29887884
              ],
              [
                14166955.45253842,
                4371272.39145693
              ],
              [
                14166957.40332927,
                4371272.48095713
              ],
              [
                14166959.35425773,
                4371272.56737924
              ],
              [
                14166961.30531897,
                4371272.65072303
              ],
              [
                14166963.25650819,
                4371272.7309883
              ],
              [
                14166965.20782056,
                4371272.80817485
              ],
              [
                14166967.15925127,
                4371272.88228249
              ],
              [
                14166969.1107955,
                4371272.95331105
              ],
              [
                14166971.06244844,
                4371273.02126033
              ],
              [
                14166973.01420528,
                4371273.08613018
              ],
              [
                14166974.96606118,
                4371273.14792043
              ],
              [
                14166976.91801134,
                4371273.20663094
              ],
              [
                14166978.87005093,
                4371273.26226155
              ],
              [
                14166980.82217514,
                4371273.31481214
              ],
              [
                14166982.77437915,
                4371273.36428256
              ],
              [
                14166984.72665814,
                4371273.41067271
              ],
              [
                14166986.6790073,
                4371273.45398245
              ],
              [
                14166988.6314218,
                4371273.49421169
              ],
              [
                14166990.58389682,
                4371273.53136033
              ],
              [
                14166992.53642755,
                4371273.56542827
              ],
              [
                14166994.48900917,
                4371273.59641544
              ],
              [
                14166996.44163685,
                4371273.62432175
              ],
              [
                14166998.39430578,
                4371273.64914713
              ],
              [
                14167000.34701114,
                4371273.67089154
              ],
              [
                14167002.2997481,
                4371273.6895549
              ],
              [
                14167004.25251185,
                4371273.70513718
              ],
              [
                14167006.20529757,
                4371273.71763833
              ],
              [
                14167008.15810044,
                4371273.72705834
              ],
              [
                14167010.11091563,
                4371273.73339715
              ],
              [
                14167012.06373833,
                4371273.73665478
              ],
              [
                14167014.01656372,
                4371273.73683121
              ],
              [
                14167015.96938698,
                4371273.73392643
              ],
              [
                14167017.92220329,
                4371273.72794046
              ],
              [
                14167019.87500782,
                4371273.71887331
              ],
              [
                14167021.82779576,
                4371273.706725
              ],
              [
                14167023.78056229,
                4371273.69149556
              ],
              [
                14167025.73330258,
                4371273.67318504
              ],
              [
                14167027.68601183,
                4371273.65179347
              ],
              [
                14167029.63868519,
                4371273.62732091
              ],
              [
                14167031.59131787,
                4371273.59976741
              ],
              [
                14167033.54390504,
                4371273.56913305
              ],
              [
                14167035.49644188,
                4371273.53541791
              ],
              [
                14167037.44892356,
                4371273.49862206
              ],
              [
                14167039.40134528,
                4371273.45874559
              ],
              [
                14167041.35370221,
                4371273.41578861
              ],
              [
                14167043.30598953,
                4371273.36975122
              ],
              [
                14167045.25820242,
                4371273.32063354
              ],
              [
                14167047.21033607,
                4371273.26843568
              ],
              [
                14167049.16238565,
                4371273.21315778
              ],
              [
                14167051.11434636,
                4371273.15479996
              ],
              [
                14167053.06621336,
                4371273.09336238
              ],
              [
                14167055.01798185,
                4371273.02884519
              ],
              [
                14167056.969647,
                4371272.96124854
              ],
              [
                14167058.921204,
                4371272.89057261
              ],
              [
                14167060.87264804,
                4371272.81681756
              ],
              [
                14167062.82397428,
                4371272.73998358
              ],
              [
                14167064.77517793,
                4371272.66007087
              ],
              [
                14167066.72625415,
                4371272.5770796
              ],
              [
                14167068.67719815,
                4371272.49101
              ],
              [
                14167070.62800509,
                4371272.40186228
              ],
              [
                14167072.57867017,
                4371272.30963665
              ],
              [
                14167074.52918857,
                4371272.21433334
              ],
              [
                14167076.47955548,
                4371272.11595258
              ],
              [
                14167078.42976608,
                4371272.01449463
              ],
              [
                14167080.37981556,
                4371271.90995973
              ],
              [
                14167082.32969911,
                4371271.80234813
              ],
              [
                14167084.27941191,
                4371271.69166011
              ],
              [
                14167086.22894915,
                4371271.57789594
              ],
              [
                14167088.17830601,
                4371271.4610559
              ],
              [
                14167090.1274777,
                4371271.34114027
              ],
              [
                14167092.07645939,
                4371271.21814935
              ],
              [
                14167094.02524628,
                4371271.09208346
              ],
              [
                14167095.97383356,
                4371270.96294289
              ],
              [
                14167097.92221641,
                4371270.83072797
              ],
              [
                14167099.87039002,
                4371270.69543902
              ],
              [
                14167101.8183496,
                4371270.55707637
              ],
              [
                14167103.76609032,
                4371270.41564038
              ],
              [
                14167105.71360739,
                4371270.27113139
              ],
              [
                14167107.66089599,
                4371270.12354974
              ],
              [
                14167109.60795132,
                4371269.97289582
              ],
              [
                14167111.55476858,
                4371269.81916999
              ],
              [
                14167113.50134295,
                4371269.66237263
              ],
              [
                14167115.44766964,
                4371269.50250413
              ],
              [
                14167117.39374383,
                4371269.33956488
              ],
              [
                14167119.33956074,
                4371269.17355529
              ],
              [
                14167121.28511554,
                4371269.00447576
              ],
              [
                14167123.23040345,
                4371268.83232671
              ],
              [
                14167125.17541966,
                4371268.65710857
              ],
              [
                14167127.12015936,
                4371268.47882178
              ],
              [
                14167129.06461777,
                4371268.29746675
              ],
              [
                14167131.00879007,
                4371268.11304397
              ],
              [
                14167132.95267148,
                4371267.92555386
              ],
              [
                14167134.89625719,
                4371267.7349969
              ],
              [
                14167136.8395424,
                4371267.54137355
              ],
              [
                14167138.78252233,
                4371267.3446843
              ],
              [
                14167140.72519216,
                4371267.14492963
              ],
              [
                14167142.66754712,
                4371266.94211004
              ],
              [
                14167144.6095824,
                4371266.73622601
              ],
              [
                14167146.5512932,
                4371266.52727808
              ],
              [
                14167148.49267476,
                4371266.31526674
              ],
              [
                14167150.43372225,
                4371266.10019252
              ],
              [
                14167152.3744309,
                4371265.88205595
              ],
              [
                14167154.31479591,
                4371265.66085758
              ],
              [
                14167156.2548125,
                4371265.43659794
              ],
              [
                14167158.19447588,
                4371265.2092776
              ],
              [
                14167160.13378126,
                4371264.97889711
              ],
              [
                14167162.07272385,
                4371264.74545704
              ],
              [
                14167164.01129887,
                4371264.50895797
              ],
              [
                14167165.94950153,
                4371264.26940048
              ],
              [
                14167167.88732705,
                4371264.02678517
              ],
              [
                14167169.82477064,
                4371263.78111263
              ],
              [
                14167171.76182753,
                4371263.53238346
              ],
              [
                14167173.69849293,
                4371263.2805983
              ],
              [
                14167175.63476207,
                4371263.02575774
              ],
              [
                14167177.57063015,
                4371262.76786243
              ],
              [
                14167179.50609241,
                4371262.506913
              ],
              [
                14167181.44114407,
                4371262.2429101
              ],
              [
                14167183.37578035,
                4371261.97585437
              ],
              [
                14167185.30999648,
                4371261.70574648
              ],
              [
                14167187.24378768,
                4371261.43258709
              ],
              [
                14167189.17714917,
                4371261.15637688
              ],
              [
                14167191.1100762,
                4371260.87711653
              ],
              [
                14167193.04256398,
                4371260.59480673
              ],
              [
                14167194.97460775,
                4371260.30944817
              ],
              [
                14167196.90620273,
                4371260.02104157
              ],
              [
                14167198.83734417,
                4371259.72958763
              ],
              [
                14167200.76802729,
                4371259.43508707
              ],
              [
                14167202.69824733,
                4371259.13754062
              ],
              [
                14167204.62799952,
                4371258.83694902
              ],
              [
                14167206.55727911,
                4371258.533313
              ],
              [
                14167208.48608132,
                4371258.22663332
              ],
              [
                14167210.4144014,
                4371257.91691074
              ],
              [
                14167212.34223459,
                4371257.604146
              ],
              [
                14167214.26957613,
                4371257.28833991
              ],
              [
                14167216.19642126,
                4371256.96949322
              ],
              [
                14167218.12276523,
                4371256.64760673
              ],
              [
                14167220.04860329,
                4371256.32268123
              ],
              [
                14167221.97393067,
                4371255.99471753
              ],
              [
                14167223.89874263,
                4371255.66371643
              ],
              [
                14167225.82303442,
                4371255.32967875
              ],
              [
                14167227.74680128,
                4371254.99260532
              ],
              [
                14167229.67003847,
                4371254.65249697
              ],
              [
                14167231.59274125,
                4371254.30935453
              ],
              [
                14167233.51490486,
                4371253.96317886
              ],
              [
                14167235.43652456,
                4371253.61397081
              ],
              [
                14167237.35759561,
                4371253.26173124
              ],
              [
                14167239.27811326,
                4371252.90646103
              ],
              [
                14167241.19807278,
                4371252.54816104
              ],
              [
                14167243.11746944,
                4371252.18683217
              ],
              [
                14167245.03629848,
                4371251.82247531
              ],
              [
                14167246.95455517,
                4371251.45509135
              ],
              [
                14167248.87223479,
                4371251.0846812
              ],
              [
                14167250.78933259,
                4371250.71124578
              ],
              [
                14167252.70584385,
                4371250.33478601
              ],
              [
                14167254.62176383,
                4371249.95530283
              ],
              [
                14167256.53708781,
                4371249.57279715
              ],
              [
                14167258.45181105,
                4371249.18726994
              ],
              [
                14167260.36592884,
                4371248.79872214
              ],
              [
                14167262.27943644,
                4371248.40715471
              ],
              [
                14167264.19232914,
                4371248.01256861
              ],
              [
                14167266.10460221,
                4371247.61496484
              ],
              [
                14167268.01625094,
                4371247.21434435
              ],
              [
                14167269.92727059,
                4371246.81070815
              ],
              [
                14167271.83765647,
                4371246.40405723
              ],
              [
                14167273.74740385,
                4371245.99439259
              ],
              [
                14167275.65650802,
                4371245.58171525
              ],
              [
                14167277.56496427,
                4371245.16602623
              ],
              [
                14167279.47276788,
                4371244.74732654
              ],
              [
                14167281.37991416,
                4371244.32561723
              ],
              [
                14167283.28639838,
                4371243.90089934
              ],
              [
                14167285.19221585,
                4371243.47317391
              ],
              [
                14167287.09736186,
                4371243.042442
              ],
              [
                14167289.0018317,
                4371242.60870467
              ],
              [
                14167290.90562069,
                4371242.171963
              ],
              [
                14167292.80872411,
                4371241.73221807
              ],
              [
                14167294.71113728,
                4371241.28947095
              ],
              [
                14167296.6128555,
                4371240.84372275
              ],
              [
                14167298.51387406,
                4371240.39497455
              ],
              [
                14167300.41418829,
                4371239.94322748
              ],
              [
                14167302.31379349,
                4371239.48848265
              ],
              [
                14167304.21268497,
                4371239.03074117
              ],
              [
                14167306.11085804,
                4371238.57000419
              ],
              [
                14167308.00830803,
                4371238.10627283
              ],
              [
                14167309.90503024,
                4371237.63954824
              ],
              [
                14167311.80102,
                4371237.16983158
              ],
              [
                14167313.69627262,
                4371236.697124
              ],
              [
                14167315.59078343,
                4371236.22142667
              ],
              [
                14167317.48454775,
                4371235.74274077
              ],
              [
                14167319.37756091,
                4371235.26106747
              ],
              [
                14167321.26981824,
                4371234.77640798
              ],
              [
                14167323.16131506,
                4371234.28876347
              ],
              [
                14167325.0520467,
                4371233.79813516
              ],
              [
                14167326.94200851,
                4371233.30452426
              ],
              [
                14167328.83119581,
                4371232.807932
              ],
              [
                14167330.71960394,
                4371232.30835958
              ],
              [
                14167332.60722824,
                4371231.80580825
              ],
              [
                14167334.49406406,
                4371231.30027925
              ],
              [
                14167336.38010673,
                4371230.79177382
              ],
              [
                14167338.2653516,
                4371230.28029323
              ],
              [
                14167340.14979402,
                4371229.76583873
              ],
              [
                14167342.03342933,
                4371229.24841159
              ],
              [
                14167343.91625289,
                4371228.7280131
              ],
              [
                14167345.79826005,
                4371228.20464453
              ],
              [
                14167347.67944616,
                4371227.67830719
              ],
              [
                14167349.55980659,
                4371227.14900236
              ],
              [
                14167351.43933668,
                4371226.61673136
              ],
              [
                14167353.31803181,
                4371226.0814955
              ],
              [
                14167355.19588733,
                4371225.5432961
              ],
              [
                14167357.07289861,
                4371225.00213449
              ],
              [
                14167358.94906102,
                4371224.45801201
              ],
              [
                14167360.82436992,
                4371223.91093
              ],
              [
                14167362.6988207,
                4371223.3608898
              ],
              [
                14167364.57240871,
                4371222.80789279
              ],
              [
                14167366.44512934,
                4371222.25194032
              ],
              [
                14167368.31697796,
                4371221.69303377
              ],
              [
                14167370.18794996,
                4371221.13117451
              ],
              [
                14167372.05804072,
                4371220.56636394
              ],
              [
                14167373.92724561,
                4371219.99860344
              ],
              [
                14167375.79556003,
                4371219.42789444
              ],
              [
                14167377.66297937,
                4371218.85423831
              ],
              [
                14167379.52949902,
                4371218.2776365
              ],
              [
                14167381.39511437,
                4371217.6980904
              ],
              [
                14167383.25982081,
                4371217.11560148
              ],
              [
                14167385.12361375,
                4371216.53017115
              ],
              [
                14167386.98648858,
                4371215.94180087
              ],
              [
                14167388.84844071,
                4371215.35049207
              ],
              [
                14167390.70946553,
                4371214.75624624
              ],
              [
                14167392.56955847,
                4371214.15906484
              ],
              [
                14167394.42871492,
                4371213.55894933
              ],
              [
                14167396.28693029,
                4371212.9559012
              ],
              [
                14167398.14420001,
                4371212.34992194
              ],
              [
                14167400.00051948,
                4371211.74101304
              ],
              [
                14167401.85588413,
                4371211.12917602
              ],
              [
                14167403.71028937,
                4371210.51441237
              ],
              [
                14167405.56373064,
                4371209.89672362
              ],
              [
                14167407.41620335,
                4371209.27611129
              ],
              [
                14167409.26770292,
                4371208.65257692
              ],
              [
                14167411.11822481,
                4371208.02612204
              ],
              [
                14167412.96776442,
                4371207.3967482
              ],
              [
                14167414.81631721,
                4371206.76445695
              ],
              [
                14167416.66387861,
                4371206.12924986
              ],
              [
                14167418.51044405,
                4371205.4911285
              ],
              [
                14167420.35600899,
                4371204.85009443
              ],
              [
                14167422.20056886,
                4371204.20614925
              ],
              [
                14167424.04411911,
                4371203.55929454
              ],
              [
                14167425.88665519,
                4371202.90953189
              ],
              [
                14167427.72817256,
                4371202.25686293
              ],
              [
                14167429.56866667,
                4371201.60128924
              ],
              [
                14167431.40813298,
                4371200.94281246
              ],
              [
                14167433.24656694,
                4371200.28143421
              ],
              [
                14167435.08396403,
                4371199.61715613
              ],
              [
                14167436.9203197,
                4371198.94997984
              ],
              [
                14167438.75562942,
                4371198.279907
              ],
              [
                14167440.58988867,
                4371197.60693927
              ],
              [
                14167442.4230929,
                4371196.93107831
              ],
              [
                14167444.25523762,
                4371196.25232577
              ],
              [
                14167446.08631828,
                4371195.57068335
              ],
              [
                14167447.91633037,
                4371194.88615272
              ],
              [
                14167449.74526937,
                4371194.19873557
              ],
              [
                14167451.57313078,
                4371193.50843361
              ],
              [
                14167453.39991007,
                4371192.81524853
              ],
              [
                14167455.22560275,
                4371192.11918205
              ],
              [
                14167457.05020429,
                4371191.42023588
              ],
              [
                14167458.87371021,
                4371190.71841175
              ],
              [
                14167460.69611599,
                4371190.01371139
              ],
              [
                14167462.51741715,
                4371189.30613656
              ],
              [
                14167464.33760918,
                4371188.59568897
              ],
              [
                14167466.1566876,
                4371187.88237041
              ],
              [
                14167467.97464792,
                4371187.16618262
              ],
              [
                14167469.79148564,
                4371186.44712737
              ],
              [
                14167471.60719628,
                4371185.72520644
              ],
              [
                14167473.42177537,
                4371185.00042161
              ],
              [
                14167475.23521842,
                4371184.27277467
              ],
              [
                14167477.04752096,
                4371183.54226742
              ],
              [
                14167478.85867851,
                4371182.80890167
              ],
              [
                14167480.66868661,
                4371182.07267921
              ],
              [
                14167482.47754079,
                4371181.33360187
              ],
              [
                14167484.28523658,
                4371180.59167148
              ],
              [
                14167486.09176952,
                4371179.84688987
              ],
              [
                14167487.89713516,
                4371179.09925887
              ],
              [
                14167489.70132903,
                4371178.34878033
              ],
              [
                14167491.50434669,
                4371177.5954561
              ],
              [
                14167493.30618369,
                4371176.83928805
              ],
              [
                14167495.10683557,
                4371176.08027804
              ],
              [
                14167496.9062979,
                4371175.31842794
              ],
              [
                14167498.70456622,
                4371174.55373964
              ],
              [
                14167500.50163611,
                4371173.78621502
              ],
              [
                14167502.29750313,
                4371173.01585598
              ],
              [
                14167504.09216286,
                4371172.24266442
              ],
              [
                14167505.88561084,
                4371171.46664225
              ],
              [
                14167507.67784267,
                4371170.68779139
              ],
              [
                14167509.46885391,
                4371169.90611376
              ],
              [
                14167511.25864016,
                4371169.12161128
              ],
              [
                14167513.04719698,
                4371168.3342859
              ],
              [
                14167514.83451996,
                4371167.54413956
              ],
              [
                14167516.62060471,
                4371166.7511742
              ],
              [
                14167518.4054468,
                4371165.9553918
              ],
              [
                14167520.18904183,
                4371165.15679431
              ],
              [
                14167521.9713854,
                4371164.3553837
              ],
              [
                14167523.75247312,
                4371163.55116196
              ],
              [
                14167525.53230057,
                4371162.74413106
              ],
              [
                14167527.31086339,
                4371161.93429301
              ],
              [
                14167529.08815716,
                4371161.12164979
              ],
              [
                14167530.86417751,
                4371160.30620342
              ],
              [
                14167532.63892005,
                4371159.48795591
              ],
              [
                14167534.41238041,
                4371158.66690929
              ],
              [
                14167536.1845542,
                4371157.84306557
              ],
              [
                14167537.95543705,
                4371157.01642679
              ],
              [
                14167539.7250246,
                4371156.186995
              ],
              [
                14167541.49331248,
                4371155.35477223
              ],
              [
                14167543.26029631,
                4371154.51976055
              ],
              [
                14167545.02597174,
                4371153.68196202
              ],
              [
                14167546.79033441,
                4371152.8413787
              ],
              [
                14167548.55337997,
                4371151.99801267
              ],
              [
                14167550.31510407,
                4371151.15186602
              ],
              [
                14167552.07550235,
                4371150.30294082
              ],
              [
                14167553.83457048,
                4371149.45123919
              ],
              [
                14167555.59230411,
                4371148.59676321
              ],
              [
                14167557.3486989,
                4371147.739515
              ],
              [
                14167559.10375053,
                4371146.87949668
              ],
              [
                14167560.85745465,
                4371146.01671037
              ],
              [
                14167562.60980694,
                4371145.15115821
              ],
              [
                14167564.36080307,
                4371144.28284232
              ],
              [
                14167566.11043874,
                4371143.41176484
              ],
              [
                14167567.8587096,
                4371142.53792794
              ],
              [
                14167569.60561136,
                4371141.66133378
              ],
              [
                14167571.35113969,
                4371140.7819845
              ],
              [
                14167573.0952903,
                4371139.89988228
              ],
              [
                14167574.83805887,
                4371139.01502931
              ],
              [
                14167576.57944111,
                4371138.12742777
              ],
              [
                14167578.31943272,
                4371137.23707984
              ],
              [
                14167580.0580294,
                4371136.34398773
              ],
              [
                14167581.79522687,
                4371135.44815365
              ],
              [
                14167583.53102083,
                4371134.54957979
              ],
              [
                14167585.265407,
                4371133.64826839
              ],
              [
                14167586.9983811,
                4371132.74422165
              ],
              [
                14167588.72993886,
                4371131.83744184
              ],
              [
                14167590.460076,
                4371130.92793117
              ],
              [
                14167592.18878825,
                4371130.01569189
              ],
              [
                14167593.91607135,
                4371129.10072626
              ],
              [
                14167595.64192102,
                4371128.18303653
              ],
              [
                14167597.36633302,
                4371127.26262497
              ],
              [
                14167599.08930309,
                4371126.33949385
              ],
              [
                14167600.81082697,
                4371125.41364546
              ],
              [
                14167602.53090042,
                4371124.48508207
              ],
              [
                14167604.24951919,
                4371123.55380599
              ],
              [
                14167605.96667903,
                4371122.6198195
              ],
              [
                14167607.68237573,
                4371121.68312491
              ],
              [
                14167609.39660503,
                4371120.74372455
              ],
              [
                14167611.1093627,
                4371119.80162072
              ],
              [
                14167612.82064453,
                4371118.85681575
              ],
              [
                14167614.53044627,
                4371117.90931198
              ],
              [
                14167616.23876374,
                4371116.95911175
              ],
              [
                14167617.94559268,
                4371116.00621739
              ],
              [
                14167619.65092891,
                4371115.05063127
              ],
              [
                14167621.35476821,
                4371114.09235574
              ],
              [
                14167623.05710638,
                4371113.13139317
              ],
              [
                14167624.7579392,
                4371112.16774593
              ],
              [
                14167626.4572625,
                4371111.2014164
              ],
              [
                14167628.15507206,
                4371110.23240696
              ],
              [
                14167629.85136371,
                4371109.26072002
              ],
              [
                14167631.54613325,
                4371108.28635796
              ],
              [
                14167633.23937652,
                4371107.30932319
              ],
              [
                14167634.93108931,
                4371106.32961813
              ],
              [
                14167636.62126746,
                4371105.34724519
              ],
              [
                14167638.30990681,
                4371104.3622068
              ],
              [
                14167639.99700317,
                4371103.3745054
              ],
              [
                14167641.68255239,
                4371102.38414341
              ],
              [
                14167643.36655031,
                4371101.39112329
              ],
              [
                14167645.04899277,
                4371100.39544748
              ],
              [
                14167646.72987563,
                4371099.39711845
              ],
              [
                14167648.40919472,
                4371098.39613865
              ],
              [
                14167650.08694591,
                4371097.39251057
              ],
              [
                14167651.76312506,
                4371096.38623667
              ],
              [
                14167653.43772803,
                4371095.37731945
              ],
              [
                14167655.11075069,
                4371094.36576139
              ],
              [
                14167656.7821889,
                4371093.35156499
              ],
              [
                14167658.45203855,
                4371092.33473276
              ],
              [
                14167660.12029551,
                4371091.3152672
              ],
              [
                14167661.78695567,
                4371090.29317084
              ],
              [
                14167663.45201491,
                4371089.26844619
              ],
              [
                14167665.11546913,
                4371088.24109578
              ],
              [
                14167666.77731421,
                4371087.21112216
              ],
              [
                14167668.43754606,
                4371086.17852786
              ],
              [
                14167670.09616059,
                4371085.14331543
              ],
              [
                14167671.75315368,
                4371084.10548744
              ],
              [
                14167673.40852127,
                4371083.06504644
              ],
              [
                14167675.06225926,
                4371082.021995
              ],
              [
                14167676.71436357,
                4371080.97633569
              ],
              [
                14167678.36483012,
                4371079.9280711
              ],
              [
                14167680.01365485,
                4371078.87720382
              ],
              [
                14167681.66083368,
                4371077.82373643
              ],
              [
                14167683.30636254,
                4371076.76767155
              ],
              [
                14167684.95023738,
                4371075.70901177
              ],
              [
                14167686.59245415,
                4371074.64775972
              ],
              [
                14167688.23300877,
                4371073.58391801
              ],
              [
                14167689.87189722,
                4371072.51748926
              ],
              [
                14167691.50911544,
                4371071.44847612
              ],
              [
                14167693.14465939,
                4371070.37688122
              ],
              [
                14167694.77852504,
                4371069.3027072
              ],
              [
                14167696.41070835,
                4371068.22595672
              ],
              [
                14167698.0412053,
                4371067.14663244
              ],
              [
                14167699.67001187,
                4371066.06473702
              ],
              [
                14167701.29712403,
                4371064.98027313
              ],
              [
                14167702.92253777,
                4371063.89324344
              ],
              [
                14167704.54624907,
                4371062.80365066
              ],
              [
                14167706.16825394,
                4371061.71149745
              ],
              [
                14167707.78854836,
                4371060.61678652
              ],
              [
                14167709.40712834,
                4371059.51952057
              ],
              [
                14167711.02398989,
                4371058.41970232
              ],
              [
                14167712.639129,
                4371057.31733447
              ],
              [
                14167714.25254171,
                4371056.21241974
              ],
              [
                14167715.86422403,
                4371055.10496087
              ],
              [
                14167717.47417198,
                4371053.9949606
              ],
              [
                14167719.08238158,
                4371052.88242165
              ],
              [
                14167720.68884887,
                4371051.76734678
              ],
              [
                14167722.29356989,
                4371050.64973873
              ],
              [
                14167723.89654066,
                4371049.52960028
              ],
              [
                14167725.49775724,
                4371048.40693418
              ],
              [
                14167727.09721569,
                4371047.2817432
              ],
              [
                14167728.69491204,
                4371046.15403013
              ],
              [
                14167730.29084236,
                4371045.02379775
              ],
              [
                14167731.8850027,
                4371043.89104884
              ],
              [
                14167733.47738915,
                4371042.75578621
              ],
              [
                14167735.06799775,
                4371041.61801265
              ],
              [
                14167736.6568246,
                4371040.47773098
              ],
              [
                14167738.24386576,
                4371039.33494401
              ],
              [
                14167739.82911732,
                4371038.18965457
              ],
              [
                14167741.41257538,
                4371037.04186547
              ],
              [
                14167742.99423601,
                4371035.89157956
              ],
              [
                14167744.57409533,
                4371034.73879967
              ],
              [
                14167746.15214943,
                4371033.58352865
              ],
              [
                14167747.72839442,
                4371032.42576935
              ],
              [
                14167749.3028264,
                4371031.26552463
              ],
              [
                14167750.87544149,
                4371030.10279736
              ],
              [
                14167752.44623581,
                4371028.93759039
              ],
              [
                14167754.0152055,
                4371027.76990663
              ],
              [
                14167755.58234666,
                4371026.59974892
              ],
              [
                14167757.14765543,
                4371025.42712019
              ],
              [
                14167758.71112797,
                4371024.25202331
              ],
              [
                14167760.27276039,
                4371023.07446119
              ],
              [
                14167761.83254885,
                4371021.89443675
              ],
              [
                14167763.39048951,
                4371020.71195287
              ],
              [
                14167764.94657852,
                4371019.5270125
              ],
              [
                14167766.50081203,
                4371018.33961855
              ],
              [
                14167768.05318621,
                4371017.14977395
              ],
              [
                14167769.60369724,
                4371015.95748164
              ],
              [
                14167771.15234128,
                4371014.76274458
              ],
              [
                14167772.69911452,
                4371013.5655657
              ],
              [
                14167774.24401312,
                4371012.36594795
              ],
              [
                14167775.7870333,
                4371011.16389432
              ],
              [
                14167777.32817123,
                4371009.95940775
              ],
              [
                14167778.86742312,
                4371008.75249123
              ],
              [
                14167780.40478515,
                4371007.54314772
              ],
              [
                14167781.94025356,
                4371006.33138023
              ],
              [
                14167783.47382453,
                4371005.11719174
              ],
              [
                14167785.00549429,
                4371003.90058524
              ],
              [
                14167786.53525907,
                4371002.68156375
              ],
              [
                14167788.06311507,
                4371001.46013027
              ],
              [
                14167789.58905854,
                4371000.23628781
              ],
              [
                14167791.1130857,
                4370999.0100394
              ],
              [
                14167792.63519281,
                4370997.78138806
              ],
              [
                14167794.15537609,
                4370996.55033684
              ],
              [
                14167795.67363181,
                4370995.31688876
              ],
              [
                14167797.1899562,
                4370994.08104687
              ],
              [
                14167798.70434554,
                4370992.84281423
              ],
              [
                14167800.21679608,
                4370991.60219389
              ],
              [
                14167801.7273041,
                4370990.35918891
              ],
              [
                14167803.23586586,
                4370989.11380235
              ],
              [
                14167804.74247764,
                4370987.86603731
              ],
              [
                14167806.24713573,
                4370986.61589685
              ],
              [
                14167807.74983641,
                4370985.36338407
              ],
              [
                14167809.25057598,
                4370984.10850205
              ],
              [
                14167810.74935071,
                4370982.85125389
              ],
              [
                14167812.24615695,
                4370981.5916427
              ],
              [
                14167813.74099095,
                4370980.32967158
              ],
              [
                14167815.23384908,
                4370979.06534366
              ],
              [
                14167816.72472761,
                4370977.79866205
              ],
              [
                14167818.21362288,
                4370976.52962988
              ],
              [
                14167819.70053121,
                4370975.25825028
              ],
              [
                14167821.18544893,
                4370973.98452639
              ],
              [
                14167822.66837239,
                4370972.70846136
              ],
              [
                14167824.14929792,
                4370971.43005833
              ],
              [
                14167825.62822186,
                4370970.14932047
              ],
              [
                14167827.10514057,
                4370968.86625093
              ],
              [
                14167828.58005041,
                4370967.58085288
              ],
              [
                14167830.05294773,
                4370966.2931295
              ],
              [
                14167831.5238289,
                4370965.00308395
              ],
              [
                14167832.99269028,
                4370963.71071944
              ],
              [
                14167834.45952826,
                4370962.41603915
              ],
              [
                14167835.92433922,
                4370961.11904626
              ],
              [
                14167837.38711954,
                4370959.819744
              ],
              [
                14167838.84786561,
                4370958.51813556
              ],
              [
                14167840.30657382,
                4370957.21422416
              ],
              [
                14167841.76324059,
                4370955.90801301
              ],
              [
                14167843.21786231,
                4370954.59950535
              ],
              [
                14167844.67043539,
                4370953.28870439
              ],
              [
                14167846.12095625,
                4370951.97561339
              ],
              [
                14167847.56942131,
                4370950.66023557
              ],
              [
                14167849.015827,
                4370949.34257419
              ],
              [
                14167850.46016974,
                4370948.02263249
              ],
              [
                14167851.90244598,
                4370946.70041375
              ],
              [
                14167853.34265216,
                4370945.37592121
              ],
              [
                14167854.78078471,
                4370944.04915816
              ],
              [
                14167856.2168401,
                4370942.72012786
              ],
              [
                14167857.65081477,
                4370941.3888336
              ],
              [
                14167859.0827052,
                4370940.05527867
              ],
              [
                14167860.51250784,
                4370938.71946635
              ],
              [
                14167861.94021917,
                4370937.38139994
              ],
              [
                14167863.36583567,
                4370936.04108276
              ],
              [
                14167864.78935382,
                4370934.69851808
              ],
              [
                14167866.21077011,
                4370933.35370927
              ],
              [
                14167867.63008102,
                4370932.0066596
              ],
              [
                14167869.04728305,
                4370930.65737242
              ],
              [
                14167870.46237272,
                4370929.30585106
              ],
              [
                14167871.87534653,
                4370927.95209885
              ],
              [
                14167873.28620099,
                4370926.59611914
              ],
              [
                14167874.69493262,
                4370925.23791526
              ],
              [
                14167876.10153795,
                4370923.87749059
              ],
              [
                14167877.50601349,
                4370922.51484846
              ],
              [
                14167878.9083558,
                4370921.14999225
              ],
              [
                14167880.3085614,
                4370919.78292533
              ],
              [
                14167881.70662685,
                4370918.41365107
              ],
              [
                14167883.1025487,
                4370917.04217285
              ],
              [
                14167884.49632349,
                4370915.66849406
              ],
              [
                14167885.88794779,
                4370914.29261808
              ],
              [
                14167887.27741816,
                4370912.91454832
              ],
              [
                14167888.66473119,
                4370911.53428818
              ],
              [
                14167890.04988344,
                4370910.15184106
              ],
              [
                14167891.4328715,
                4370908.76721037
              ],
              [
                14167892.81369195,
                4370907.38039955
              ],
              [
                14167894.19234139,
                4370905.991412
              ],
              [
                14167895.56881641,
                4370904.60025115
              ],
              [
                14167896.94311363,
                4370903.20692045
              ],
              [
                14167898.31522964,
                4370901.81142333
              ],
              [
                14167899.68516107,
                4370900.41376324
              ],
              [
                14167901.05290454,
                4370899.01394362
              ],
              [
                14167902.41845666,
                4370897.61196793
              ],
              [
                14167903.78181407,
                4370896.20783963
              ],
              [
                14167905.1429734,
                4370894.8015622
              ],
              [
                14167906.5019313,
                4370893.39313909
              ],
              [
                14167907.85868442,
                4370891.98257379
              ],
              [
                14167909.21322939,
                4370890.56986978
              ],
              [
                14167910.5655629,
                4370889.15503055
              ],
              [
                14167911.91568159,
                4370887.73805959
              ],
              [
                14167913.26358214,
                4370886.31896039
              ],
              [
                14167914.60926122,
                4370884.89773647
              ],
              [
                14167915.95271551,
                4370883.47439132
              ],
              [
                14167917.29394169,
                4370882.04892847
              ],
              [
                14167918.63293646,
                4370880.62135142
              ],
              [
                14167919.96969651,
                4370879.19166371
              ],
              [
                14167921.30421854,
                4370877.75986887
              ],
              [
                14167922.63649927,
                4370876.32597042
              ],
              [
                14167923.9665354,
                4370874.88997192
              ],
              [
                14167925.29432365,
                4370873.4518769
              ],
              [
                14167926.61986075,
                4370872.01168891
              ],
              [
                14167927.94314343,
                4370870.56941151
              ],
              [
                14167929.26416842,
                4370869.12504826
              ],
              [
                14167930.58293246,
                4370867.67860273
              ],
              [
                14167931.8994323,
                4370866.23007847
              ],
              [
                14167933.21366468,
                4370864.77947908
              ],
              [
                14167934.52562638,
                4370863.32680814
              ],
              [
                14167935.83531414,
                4370861.87206922
              ],
              [
                14167937.14272474,
                4370860.41526592
              ],
              [
                14167938.44785496,
                4370858.95640184
              ],
              [
                14167939.75070156,
                4370857.49548057
              ],
              [
                14167941.05126135,
                4370856.03250572
              ],
              [
                14167942.34953111,
                4370854.56748091
              ],
              [
                14167943.64550763,
                4370853.10040975
              ],
              [
                14167944.93918772,
                4370851.63129586
              ],
              [
                14167946.23056819,
                4370850.16014287
              ],
              [
                14167947.51964585,
                4370848.68695441
              ],
              [
                14167948.80641752,
                4370847.21173412
              ],
              [
                14167950.09088003,
                4370845.73448564
              ],
              [
                14167951.3730302,
                4370844.2552126
              ],
              [
                14167952.65286488,
                4370842.77391868
              ],
              [
                14167953.9303809,
                4370841.29060753
              ],
              [
                14167955.20557512,
                4370839.80528279
              ],
              [
                14167956.47844438,
                4370838.31794815
              ],
              [
                14167957.74898555,
                4370836.82860727
              ],
              [
                14167959.01719549,
                4370835.33726384
              ],
              [
                14167960.28307108,
                4370833.84392151
              ],
              [
                14167961.54660919,
                4370832.348584
              ],
              [
                14167962.8078067,
                4370830.85125499
              ],
              [
                14167964.0666605,
                4370829.35193818
              ],
              [
                14167965.32316749,
                4370827.85063725
              ],
              [
                14167966.57732456,
                4370826.34735593
              ],
              [
                14167967.82912862,
                4370824.84209793
              ],
              [
                14167969.07857659,
                4370823.33486695
              ],
              [
                14167970.32566538,
                4370821.82566672
              ],
              [
                14167971.57039191,
                4370820.31450096
              ],
              [
                14167972.81275311,
                4370818.80137342
              ],
              [
                14167974.05274592,
                4370817.28628781
              ],
              [
                14167975.29036728,
                4370815.76924787
              ],
              [
                14167976.52561414,
                4370814.25025737
              ],
              [
                14167977.75848344,
                4370812.72932003
              ],
              [
                14167978.98897215,
                4370811.20643962
              ],
              [
                14167980.21707722,
                4370809.68161991
              ],
              [
                14167981.44279565,
                4370808.15486465
              ],
              [
                14167982.66612438,
                4370806.6261776
              ],
              [
                14167983.88706041,
                4370805.09556255
              ],
              [
                14167985.10560073,
                4370803.56302328
              ],
              [
                14167986.32174233,
                4370802.02856356
              ],
              [
                14167987.5354822,
                4370800.49218717
              ],
              [
                14167988.74681736,
                4370798.95389793
              ],
              [
                14167989.95574482,
                4370797.41369962
              ],
              [
                14167991.16226159,
                4370795.87159604
              ],
              [
                14167992.3663647,
                4370794.32759101
              ],
              [
                14167993.56805118,
                4370792.78168833
              ],
              [
                14167994.76731806,
                4370791.23389181
              ],
              [
                14167995.96416238,
                4370789.68420529
              ],
              [
                14167997.15858119,
                4370788.13263258
              ],
              [
                14167998.35057155,
                4370786.57917751
              ],
              [
                14167999.5401305,
                4370785.02384393
              ],
              [
                14168000.72725514,
                4370783.46663566
              ],
              [
                14168001.91194251,
                4370781.90755655
              ],
              [
                14168003.09418969,
                4370780.34661046
              ],
              [
                14168004.27399377,
                4370778.78380123
              ],
              [
                14168005.45135185,
                4370777.21913272
              ],
              [
                14168006.62626101,
                4370775.65260879
              ],
              [
                14168007.79871836,
                4370774.08423332
              ],
              [
                14168008.968721,
                4370772.51401017
              ],
              [
                14168010.13626605,
                4370770.94194321
              ],
              [
                14168011.30135063,
                4370769.36803634
              ],
              [
                14168012.46397186,
                4370767.79229343
              ],
              [
                14168013.62412688,
                4370766.21471837
              ],
              [
                14168014.78181282,
                4370764.63531506
              ],
              [
                14168015.93702683,
                4370763.05408739
              ],
              [
                14168017.08976605,
                4370761.47103928
              ],
              [
                14168018.24002765,
                4370759.88617462
              ],
              [
                14168019.38780879,
                4370758.29949733
              ],
              [
                14168020.53310662,
                4370756.71101133
              ],
              [
                14168021.67591834,
                4370755.12072053
              ],
              [
                14168022.81624112,
                4370753.52862887
              ],
              [
                14168023.95407215,
                4370751.93474026
              ],
              [
                14168025.08940861,
                4370750.33905866
              ],
              [
                14168026.22224771,
                4370748.74158798
              ],
              [
                14168027.35258666,
                4370747.14233219
              ],
              [
                14168028.48042266,
                4370745.54129522
              ],
              [
                14168029.60575294,
                4370743.93848102
              ],
              [
                14168030.72857471,
                4370742.33389357
              ],
              [
                14168031.84888522,
                4370740.72753681
              ],
              [
                14168032.96668168,
                4370739.11941471
              ],
              [
                14168034.08196135,
                4370737.50953123
              ],
              [
                14168035.19472148,
                4370735.89789037
              ],
              [
                14168036.30495932,
                4370734.28449608
              ],
              [
                14168037.41267213,
                4370732.66935235
              ],
              [
                14168038.51785718,
                4370731.05246318
              ],
              [
                14168039.62051174,
                4370729.43383255
              ],
              [
                14168040.72063309,
                4370727.81346445
              ],
              [
                14168041.81821852,
                4370726.1913629
              ],
              [
                14168042.91326532,
                4370724.56753188
              ],
              [
                14168044.00577079,
                4370722.94197541
              ],
              [
                14168045.09573224,
                4370721.3146975
              ],
              [
                14168046.18314697,
                4370719.68570217
              ],
              [
                14168047.26801231,
                4370718.05499344
              ],
              [
                14168048.35032557,
                4370716.42257534
              ],
              [
                14168049.43008409,
                4370714.78845189
              ],
              [
                14168050.5072852,
                4370713.15262712
              ],
              [
                14168051.58192625,
                4370711.51510508
              ],
              [
                14168052.65400459,
                4370709.87588981
              ],
              [
                14168053.72351756,
                4370708.23498534
              ],
              [
                14168054.79046254,
                4370706.59239575
              ],
              [
                14168055.85483689,
                4370704.94812507
              ],
              [
                14168056.91663799,
                4370703.30217737
              ],
              [
                14168057.97586321,
                4370701.6545567
              ],
              [
                14168059.03250995,
                4370700.00526714
              ],
              [
                14168060.08657559,
                4370698.35431276
              ],
              [
                14168061.13805754,
                4370696.70169763
              ],
              [
                14168062.1869532,
                4370695.04742584
              ],
              [
                14168063.23325998,
                4370693.39150145
              ],
              [
                14168064.27697531,
                4370691.73392857
              ],
              [
                14168065.31809662,
                4370690.07471128
              ],
              [
                14168066.35662132,
                4370688.41385368
              ],
              [
                14168067.39254686,
                4370686.75135987
              ],
              [
                14168068.42587069,
                4370685.08723395
              ],
              [
                14168069.45659026,
                4370683.42148003
              ],
              [
                14168070.48470301,
                4370681.75410222
              ],
              [
                14168071.51020643,
                4370680.08510464
              ],
              [
                14168072.53309798,
                4370678.4144914
              ],
              [
                14168073.55337513,
                4370676.74226664
              ],
              [
                14168074.57103536,
                4370675.06843447
              ],
              [
                14168075.58607618,
                4370673.39299902
              ],
              [
                14168076.59849506,
                4370671.71596445
              ],
              [
                14168077.60828953,
                4370670.03733488
              ],
              [
                14168078.61545708,
                4370668.35711445
              ],
              [
                14168079.61999524,
                4370666.67530732
              ],
              [
                14168080.62190151,
                4370664.99191763
              ],
              [
                14168081.62117344,
                4370663.30694955
              ],
              [
                14168082.61780856,
                4370661.62040722
              ],
              [
                14168083.61180441,
                4370659.93229481
              ],
              [
                14168084.60315853,
                4370658.2426165
              ],
              [
                14168085.59186849,
                4370656.55137644
              ],
              [
                14168086.57793184,
                4370654.85857882
              ],
              [
                14168087.56134616,
                4370653.16422781
              ],
              [
                14168088.542109,
                4370651.4683276
              ],
              [
                14168089.52021797,
                4370649.77088236
              ],
              [
                14168090.49567064,
                4370648.0718963
              ],
              [
                14168091.46846461,
                4370646.3713736
              ],
              [
                14168092.43859747,
                4370644.66931846
              ],
              [
                14168093.40606685,
                4370642.96573508
              ],
              [
                14168094.37087034,
                4370641.26062767
              ],
              [
                14168095.33300557,
                4370639.55400043
              ],
              [
                14168096.29247017,
                4370637.84585759
              ],
              [
                14168097.24926177,
                4370636.13620335
              ],
              [
                14168098.20337801,
                4370634.42504193
              ],
              [
                14168099.15481654,
                4370632.71237755
              ],
              [
                14168100.10357501,
                4370630.99821446
              ],
              [
                14168101.04965107,
                4370629.28255687
              ],
              [
                14168101.99304241,
                4370627.56540902
              ],
              [
                14168102.93374668,
                4370625.84677514
              ],
              [
                14168103.87176158,
                4370624.12665949
              ],
              [
                14168104.80708478,
                4370622.40506631
              ],
              [
                14168105.73971398,
                4370620.68199983
              ],
              [
                14168106.66964688,
                4370618.95746433
              ],
              [
                14168107.59688118,
                4370617.23146406
              ],
              [
                14168108.5214146,
                4370615.50400326
              ],
              [
                14168109.44324486,
                4370613.77508622
              ],
              [
                14168110.36236969,
                4370612.04471719
              ],
              [
                14168111.27878681,
                4370610.31290045
              ],
              [
                14168112.19249397,
                4370608.57964027
              ],
              [
                14168113.10348892,
                4370606.84494093
              ],
              [
                14168114.0117694,
                4370605.10880671
              ],
              [
                14168114.91733318,
                4370603.3712419
              ],
              [
                14168115.82017802,
                4370601.63225078
              ],
              [
                14168116.7203017,
                4370599.89183765
              ],
              [
                14168117.61770199,
                4370598.15000681
              ],
              [
                14168118.51237669,
                4370596.40676254
              ],
              [
                14168119.40432359,
                4370594.66210916
              ],
              [
                14168120.29354048,
                4370592.91605097
              ],
              [
                14168121.18002518,
                4370591.16859228
              ],
              [
                14168122.06377549,
                4370589.4197374
              ],
              [
                14168122.94478925,
                4370587.66949066
              ],
              [
                14168123.82306426,
                4370585.91785636
              ],
              [
                14168124.69859838,
                4370584.16483883
              ],
              [
                14168125.57138943,
                4370582.41044241
              ],
              [
                14168126.44143528,
                4370580.65467141
              ],
              [
                14168127.30873376,
                4370578.89753018
              ],
              [
                14168128.17328275,
                4370577.13902305
              ],
              [
                14168129.03508011,
                4370575.37915436
              ],
              [
                14168129.89412372,
                4370573.61792846
              ],
              [
                14168130.75041144,
                4370571.85534968
              ],
              [
                14168131.60394119,
                4370570.09142239
              ],
              [
                14168132.45471085,
                4370568.32615093
              ],
              [
                14168133.30271831,
                4370566.55953966
              ],
              [
                14168134.1479615,
                4370564.79159295
              ],
              [
                14168134.99043832,
                4370563.02231515
              ],
              [
                14168135.8301467,
                4370561.25171064
              ],
              [
                14168136.66708457,
                4370559.47978377
              ],
              [
                14168137.50124986,
                4370557.70653894
              ],
              [
                14168138.33264052,
                4370555.93198051
              ],
              [
                14168139.16125449,
                4370554.15611286
              ],
              [
                14168139.98708974,
                4370552.37894037
              ],
              [
                14168140.81014422,
                4370550.60046744
              ],
              [
                14168141.6304159,
                4370548.82069845
              ],
              [
                14168142.44790278,
                4370547.03963779
              ],
              [
                14168143.26260281,
                4370545.25728986
              ],
              [
                14168144.07451401,
                4370543.47365907
              ],
              [
                14168144.88363436,
                4370541.6887498
              ],
              [
                14168145.68996187,
                4370539.90256647
              ],
              [
                14168146.49349455,
                4370538.11511348
              ],
              [
                14168147.29423043,
                4370536.32639526
              ],
              [
                14168148.09216752,
                4370534.5364162
              ],
              [
                14168148.88730386,
                4370532.74518074
              ],
              [
                14168149.67963748,
                4370530.95269328
              ],
              [
                14168150.46916644,
                4370529.15895826
              ],
              [
                14168151.25588879,
                4370527.3639801
              ],
              [
                14168152.03980258,
                4370525.56776323
              ],
              [
                14168152.82090588,
                4370523.77031209
              ],
              [
                14168153.59919678,
                4370521.9716311
              ],
              [
                14168154.37467333,
                4370520.17172472
              ],
              [
                14168155.14733365,
                4370518.37059738
              ],
              [
                14168155.91717582,
                4370516.56825353
              ],
              [
                14168156.68419794,
                4370514.76469761
              ],
              [
                14168157.44839812,
                4370512.95993408
              ],
              [
                14168158.20977447,
                4370511.1539674
              ],
              [
                14168158.96832513,
                4370509.34680201
              ],
              [
                14168159.72404821,
                4370507.53844239
              ],
              [
                14168160.47694186,
                4370505.72889298
              ],
              [
                14168161.22700421,
                4370503.91815827
              ],
              [
                14168161.97423343,
                4370502.10624271
              ],
              [
                14168162.71862766,
                4370500.29315078
              ],
              [
                14168163.46018507,
                4370498.47888696
              ],
              [
                14168164.19890383,
                4370496.66345571
              ],
              [
                14168164.93478213,
                4370494.84686153
              ],
              [
                14168165.66781814,
                4370493.0291089
              ],
              [
                14168166.39801006,
                4370491.2102023
              ],
              [
                14168167.12535608,
                4370489.39014622
              ],
              [
                14168167.84985443,
                4370487.56894516
              ],
              [
                14168168.5715033,
                4370485.7466036
              ],
              [
                14168169.29030092,
                4370483.92312605
              ],
              [
                14168170.00624551,
                4370482.098517
              ],
              [
                14168170.71933532,
                4370480.27278097
              ],
              [
                14168171.42956858,
                4370478.44592245
              ],
              [
                14168172.13694354,
                4370476.61794595
              ],
              [
                14168172.84145847,
                4370474.78885599
              ],
              [
                14168173.5431116,
                4370472.95865708
              ],
              [
                14168174.24190123,
                4370471.12735374
              ],
              [
                14168174.93782563,
                4370469.29495048
              ],
              [
                14168175.63088308,
                4370467.46145183
              ],
              [
                14168176.32107187,
                4370465.62686232
              ],
              [
                14168177.0083903,
                4370463.79118646
              ],
              [
                14168177.69283668,
                4370461.9544288
              ],
              [
                14168178.37440932,
                4370460.11659387
              ],
              [
                14168179.05310655,
                4370458.2776862
              ],
              [
                14168179.72892667,
                4370456.43771032
              ],
              [
                14168180.40186802,
                4370454.59667079
              ],
              [
                14168181.07192897,
                4370452.75457214
              ],
              [
                14168181.73910784,
                4370450.91141893
              ],
              [
                14168182.40340299,
                4370449.06721569
              ],
              [
                14168183.06481279,
                4370447.22196698
              ],
              [
                14168183.7233356,
                4370445.37567735
              ],
              [
                14168184.3789698,
                4370443.52835137
              ],
              [
                14168185.03171378,
                4370441.67999359
              ],
              [
                14168185.68156592,
                4370439.83060858
              ],
              [
                14168186.32852463,
                4370437.98020089
              ],
              [
                14168186.9725883,
                4370436.12877509
              ],
              [
                14168187.61375535,
                4370434.27633576
              ],
              [
                14168188.2520242,
                4370432.42288745
              ],
              [
                14168188.88739329,
                4370430.56843476
              ],
              [
                14168189.51986103,
                4370428.71298225
              ],
              [
                14168190.14942586,
                4370426.85653451
              ],
              [
                14168190.77608625,
                4370424.99909612
              ],
              [
                14168191.39984064,
                4370423.14067165
              ],
              [
                14168192.02068749,
                4370421.28126571
              ],
              [
                14168192.63862528,
                4370419.42088286
              ],
              [
                14168193.25365249,
                4370417.55952772
              ],
              [
                14168193.86576759,
                4370415.69720486
              ],
              [
                14168194.47496907,
                4370413.83391889
              ],
              [
                14168195.08125544,
                4370411.96967441
              ],
              [
                14168195.6846252,
                4370410.10447602
              ],
              [
                14168196.28507686,
                4370408.23832831
              ],
              [
                14168196.88260895,
                4370406.3712359
              ],
              [
                14168197.47721998,
                4370404.50320339
              ],
              [
                14168198.06890849,
                4370402.63423539
              ],
              [
                14168198.65767304,
                4370400.76433652
              ],
              [
                14168199.24351215,
                4370398.89351139
              ],
              [
                14168199.8264244,
                4370397.02176461
              ],
              [
                14168200.40640834,
                4370395.14910082
              ],
              [
                14168200.98346254,
                4370393.27552462
              ],
              [
                14168201.55758559,
                4370391.40104063
              ],
              [
                14168202.12877605,
                4370389.52565351
              ],
              [
                14168202.69703254,
                4370387.64936785
              ],
              [
                14168203.26235364,
                4370385.7721883
              ],
              [
                14168203.82473796,
                4370383.8941195
              ],
              [
                14168204.38418413,
                4370382.01516607
              ],
              [
                14168204.94069075,
                4370380.13533264
              ],
              [
                14168205.49425646,
                4370378.25462387
              ],
              [
                14168206.04487989,
                4370376.37304439
              ],
              [
                14168206.59255968,
                4370374.49059884
              ],
              [
                14168207.13729449,
                4370372.60729188
              ],
              [
                14168207.67908296,
                4370370.72312814
              ],
              [
                14168208.21792378,
                4370368.83811229
              ],
              [
                14168208.75381561,
                4370366.95224896
              ],
              [
                14168209.28675712,
                4370365.06554282
              ],
              [
                14168209.81674701,
                4370363.17799853
              ],
              [
                14168210.34378396,
                4370361.28962072
              ],
              [
                14168210.86786669,
                4370359.40041408
              ],
              [
                14168211.38899389,
                4370357.51038326
              ],
              [
                14168211.90716428,
                4370355.61953292
              ],
              [
                14168212.42237659,
                4370353.72786774
              ],
              [
                14168212.93462955,
                4370351.83539238
              ],
              [
                14168213.44392188,
                4370349.94211151
              ],
              [
                14168213.95025235,
                4370348.04802981
              ],
              [
                14168214.4536197,
                4370346.15315194
              ],
              [
                14168214.95402269,
                4370344.25748258
              ],
              [
                14168215.45146008,
                4370342.36102642
              ],
              [
                14168215.94593065,
                4370340.46378813
              ],
              [
                14168216.43743319,
                4370338.5657724
              ],
              [
                14168216.92596647,
                4370336.6669839
              ],
              [
                14168217.41152931,
                4370334.76742733
              ],
              [
                14168217.8941205,
                4370332.86710737
              ],
              [
                14168218.37373884,
                4370330.96602871
              ],
              [
                14168218.85038317,
                4370329.06419604
              ],
              [
                14168219.32405229,
                4370327.16161406
              ],
              [
                14168219.79474506,
                4370325.25828746
              ],
              [
                14168220.2624603,
                4370323.35422095
              ],
              [
                14168220.72719687,
                4370321.4494192
              ],
              [
                14168221.18895362,
                4370319.54388694
              ],
              [
                14168221.64772941,
                4370317.63762886
              ],
              [
                14168222.1035231,
                4370315.73064966
              ],
              [
                14168222.55633359,
                4370313.82295406
              ],
              [
                14168223.00615975,
                4370311.91454675
              ],
              [
                14168223.45300047,
                4370310.00543246
              ],
              [
                14168223.89685466,
                4370308.09561588
              ],
              [
                14168224.33772121,
                4370306.18510173
              ],
              [
                14168224.77559905,
                4370304.27389474
              ],
              [
                14168225.21048709,
                4370302.36199961
              ],
              [
                14168225.64238427,
                4370300.44942105
              ],
              [
                14168226.07128951,
                4370298.5361638
              ],
              [
                14168226.49720176,
                4370296.62223258
              ],
              [
                14168226.92011998,
                4370294.70763211
              ],
              [
                14168227.34004312,
                4370292.7923671
              ],
              [
                14168227.75697013,
                4370290.87644229
              ],
              [
                14168228.17090002,
                4370288.95986241
              ],
              [
                14168228.58183173,
                4370287.04263219
              ],
              [
                14168228.98976428,
                4370285.12475635
              ],
              [
                14168229.39469664,
                4370283.20623963
              ],
              [
                14168229.79662783,
                4370281.28708676
              ],
              [
                14168230.19555685,
                4370279.36730249
              ],
              [
                14168230.59148272,
                4370277.44689154
              ],
              [
                14168230.98440447,
                4370275.52585866
              ],
              [
                14168231.37432112,
                4370273.60420859
              ],
              [
                14168231.76123172,
                4370271.68194607
              ],
              [
                14168232.14513531,
                4370269.75907584
              ],
              [
                14168232.52603096,
                4370267.83560265
              ],
              [
                14168232.90391771,
                4370265.91153125
              ],
              [
                14168233.27879464,
                4370263.98686638
              ],
              [
                14168233.65066082,
                4370262.06161279
              ],
              [
                14168234.01951535,
                4370260.13577523
              ],
              [
                14168234.3853573,
                4370258.20935847
              ],
              [
                14168234.74818579,
                4370256.28236724
              ],
              [
                14168235.10799991,
                4370254.3548063
              ],
              [
                14168235.46479878,
                4370252.42668042
              ],
              [
                14168235.81858151,
                4370250.49799435
              ],
              [
                14168236.16934726,
                4370248.56875285
              ],
              [
                14168236.51709513,
                4370246.63896068
              ],
              [
                14168236.86182429,
                4370244.7086226
              ],
              [
                14168237.20353387,
                4370242.77774338
              ],
              [
                14168237.54222304,
                4370240.84632778
              ],
              [
                14168237.87789097,
                4370238.91438056
              ],
              [
                14168238.21053682,
                4370236.98190651
              ],
              [
                14168238.54015979,
                4370235.04891037
              ],
              [
                14168238.86675905,
                4370233.11539693
              ],
              [
                14168239.1903338,
                4370231.18137095
              ],
              [
                14168239.51088325,
                4370229.24683721
              ],
              [
                14168239.8284066,
                4370227.31180048
              ],
              [
                14168240.14290308,
                4370225.37626553
              ],
              [
                14168240.45437191,
                4370223.44023716
              ],
              [
                14168240.76281232,
                4370221.50372012
              ],
              [
                14168241.06822356,
                4370219.56671919
              ],
              [
                14168241.37060486,
                4370217.62923917
              ],
              [
                14168241.6699555,
                4370215.69128482
              ],
              [
                14168241.96627472,
                4370213.75286094
              ],
              [
                14168242.25956181,
                4370211.8139723
              ],
              [
                14168242.54981603,
                4370209.87462369
              ],
              [
                14168242.83703668,
                4370207.9348199
              ],
              [
                14168243.12122304,
                4370205.99456571
              ],
              [
                14168243.40237443,
                4370204.05386591
              ],
              [
                14168243.68049013,
                4370202.11272529
              ],
              [
                14168243.95556948,
                4370200.17114863
              ],
              [
                14168244.22761179,
                4370198.22914074
              ],
              [
                14168244.4966164,
                4370196.2867064
              ],
              [
                14168244.76258264,
                4370194.34385041
              ],
              [
                14168245.02550985,
                4370192.40057755
              ],
              [
                14168245.28539739,
                4370190.45689263
              ],
              [
                14168245.54224463,
                4370188.51280044
              ],
              [
                14168245.79605092,
                4370186.56830578
              ],
              [
                14168246.04681564,
                4370184.62341345
              ],
              [
                14168246.29453819,
                4370182.67812824
              ],
              [
                14168246.53921794,
                4370180.73245496
              ],
              [
                14168246.78085429,
                4370178.78639841
              ],
              [
                14168247.01944666,
                4370176.83996338
              ],
              [
                14168247.25499444,
                4370174.89315469
              ],
              [
                14168247.48749708,
                4370172.94597713
              ],
              [
                14168247.71695398,
                4370170.99843552
              ],
              [
                14168247.94336459,
                4370169.05053465
              ],
              [
                14168248.16672834,
                4370167.10227934
              ],
              [
                14168248.3870447,
                4370165.1536744
              ],
              [
                14168248.60431312,
                4370163.20472462
              ],
              [
                14168248.81853306,
                4370161.25543482
              ],
              [
                14168249.029704,
                4370159.3058098
              ],
              [
                14168249.23782542,
                4370157.35585439
              ],
              [
                14168249.4428968,
                4370155.40557339
              ],
              [
                14168249.64491764,
                4370153.45497161
              ],
              [
                14168249.84388745,
                4370151.50405387
              ],
              [
                14168250.03980573,
                4370149.55282499
              ],
              [
                14168250.23267201,
                4370147.60128977
              ],
              [
                14168250.42248581,
                4370145.64945303
              ],
              [
                14168250.60924665,
                4370143.69731959
              ],
              [
                14168250.7929541,
                4370141.74489426
              ],
              [
                14168250.97360768,
                4370139.79218187
              ],
              [
                14168251.15120696,
                4370137.83918723
              ],
              [
                14168251.32575151,
                4370135.88591515
              ],
              [
                14168251.49724088,
                4370133.93237047
              ],
              [
                14168251.66567466,
                4370131.97855801
              ],
              [
                14168251.83105245,
                4370130.02448257
              ],
              [
                14168251.99337382,
                4370128.07014898
              ],
              [
                14168252.15263838,
                4370126.11556207
              ],
              [
                14168252.30884574,
                4370124.16072666
              ],
              [
                14168252.46199552,
                4370122.20564758
              ],
              [
                14168252.61208734,
                4370120.25032964
              ],
              [
                14168252.75912083,
                4370118.29477767
              ],
              [
                14168252.90309563,
                4370116.3389965
              ],
              [
                14168253.04401139,
                4370114.38299095
              ],
              [
                14168253.18186776,
                4370112.42676585
              ],
              [
                14168253.3166644,
                4370110.47032604
              ],
              [
                14168253.44840098,
                4370108.51367632
              ],
              [
                14168253.57707718,
                4370106.55682153
              ],
              [
                14168253.70269268,
                4370104.5997665
              ],
              [
                14168253.82524717,
                4370102.64251608
              ],
              [
                14168253.94474036,
                4370100.68507506
              ],
              [
                14168254.06117195,
                4370098.72744829
              ],
              [
                14168254.17454165,
                4370096.76964061
              ],
              [
                14168254.28484919,
                4370094.81165683
              ],
              [
                14168254.39209429,
                4370092.8535018
              ],
              [
                14168254.4962767,
                4370090.89518034
              ],
              [
                14168254.59739615,
                4370088.93669729
              ],
              [
                14168254.6954524,
                4370086.97805748
              ],
              [
                14168254.79044521,
                4370085.01926573
              ],
              [
                14168254.88237435,
                4370083.0603269
              ],
              [
                14168254.97123959,
                4370081.1012458
              ],
              [
                14168255.05704071,
                4370079.14202727
              ],
              [
                14168255.13977751,
                4370077.18267615
              ],
              [
                14168255.21944978,
                4370075.22319727
              ],
              [
                14168255.29605732,
                4370073.26359547
              ],
              [
                14168255.36959996,
                4370071.30387558
              ],
              [
                14168255.4400775,
                4370069.34404244
              ],
              [
                14168255.50748977,
                4370067.38410088
              ],
              [
                14168255.57183663,
                4370065.42405573
              ],
              [
                14168255.63311789,
                4370063.46391185
              ],
              [
                14168255.69133342,
                4370061.50367406
              ],
              [
                14168255.74648308,
                4370059.54334719
              ],
              [
                14168255.79856672,
                4370057.58293609
              ],
              [
                14168255.84758423,
                4370055.6224456
              ],
              [
                14168255.89353548,
                4370053.66188054
              ],
              [
                14168255.93642036,
                4370051.70124576
              ],
              [
                14168255.97623877,
                4370049.7405461
              ],
              [
                14168256.01299061,
                4370047.77978639
              ],
              [
                14168256.04667579,
                4370045.81897148
              ],
              [
                14168256.07729423,
                4370043.85810619
              ],
              [
                14168256.10484585,
                4370041.89719537
              ],
              [
                14168256.1293306,
                4370039.93624386
              ],
              [
                14168256.15074841,
                4370037.97525649
              ],
              [
                14168256.16909923,
                4370036.01423811
              ],
              [
                14168256.18438301,
                4370034.05319355
              ],
              [
                14168256.19659973,
                4370032.09212765
              ],
              [
                14168256.20574935,
                4370030.13104525
              ],
              [
                14168256.21183184,
                4370028.16995119
              ]
            ]
          ]
        ]
      },
      "geometry_name": "ag_geom",
      "properties": {
        "nm_kor": "세종1청사",
        "nm_eng": null,
        "oper_inst": "세종청사관리본부",
        "telno": "044-200-1397"
      },
      "bbox": [
        14165770.08893914,
        4368776.78471177,
        14168256.21484721,
        4371273.73683121
      ]
    }
  ],
  "totalFeatures": 3,
  "numberMatched": 3,
  "numberReturned": 3,
  "timeStamp": "2026-05-25T13:48:36.202Z",
  "crs": {
    "type": "name",
    "properties": {
      "name": "urn:ogc:def:crs:EPSG::3857"
    }
  },
  "bbox": [
    14165770.08893914,
    4349202.69954928,
    14181685.98767185,
    4371273.73683121
  ]
}