{
  "type": "FeatureCollection",
  "features": [
    {
      "type": "Feature",
      "id": "lt_c_aisdngc.2",
      "geometry": {
        "type": "MultiPolygon",
        "coordinates": [
          [
            [
              [
                14276509.38731401,
                4449058.72164064
              ],
              [
                14276259.71528464,
                4449058.72164064
              ],
              [
                14276010.48964643,
                4449073.71120349
              ],
              [
                14275762.60140057,
                4449103.63695721
              ],
              [
                14275516.93709551,
                4449148.39173815
              ],
              [
                14275274.3749307,
                4449207.81598396
              ],
              [
                14275035.7823076,
                4449281.69731163
              ],
              [
                14274802.01271278,
                4449369.77176888
              ],
              [
                14274573.90182162,
                4449471.72494489
              ],
              [
                14274352.26582865,
                4449587.19252219
              ],
              [
                14274137.89732862,
                4449715.76222293
              ],
              [
                14273931.56320154,
                4449856.97449872
              ],
              [
                14273734.00182956,
                4450010.32489417
              ],
              [
                14273545.91998014,
                4450175.2654334
              ],
              [
                14273367.99091355,
                4450351.20684321
              ],
              [
                14273200.85148862,
                4450537.52021812
              ],
              [
                14273045.10027022,
                4450733.53980154
              ],
              [
                14272901.29485772,
                4450938.56492974
              ],
              [
                14272769.950549,
                4451151.86253432
              ],
              [
                14272651.53789158,
                4451372.66992406
              ],
              [
                14272546.48134665,
                4451600.19784636
              ],
              [
                14272455.15761939,
                4451833.63243297
              ],
              [
                14272377.89465702,
                4452072.1386814
              ],
              [
                14272314.96964505,
                4452314.86365819
              ],
              [
                14272266.6087847,
                4452560.93886576
              ],
              [
                14272232.98629099,
                4452809.48372663
              ],
              [
                14272214.22339081,
                4453059.60892941
              ],
              [
                14272210.38854568,
                4453310.41907789
              ],
              [
                14272221.49622711,
                4453561.01673713
              ],
              [
                14272247.50791856,
                4453810.50438718
              ],
              [
                14272288.33155883,
                4454057.98875072
              ],
              [
                14272343.82187595,
                4454302.58372616
              ],
              [
                14272413.78127787,
                4454543.41318241
              ],
              [
                14272497.96018624,
                4454779.61431298
              ],
              [
                14272596.05803848,
                4455010.34113084
              ],
              [
                14272707.72451212,
                4455234.76684755
              ],
              [
                14272832.56041549,
                4455452.08723038
              ],
              [
                14272970.11946873,
                4455661.52326232
              ],
              [
                14273119.90963972,
                4455862.32450078
              ],
              [
                14273281.39503639,
                4456053.77090116
              ],
              [
                14273453.99757665,
                4456235.17631625
              ],
              [
                14273637.09977131,
                4456405.89004134
              ],
              [
                14273830.04572586,
                4456565.30017436
              ],
              [
                14274032.14481425,
                4456712.83474247
              ],
              [
                14274242.67312579,
                4456847.96492249
              ],
              [
                14274460.87658226,
                4456970.20574815
              ],
              [
                14274685.97349822,
                4457079.11877155
              ],
              [
                14274917.15758656,
                4457174.31346753
              ],
              [
                14275153.60029632,
                4457255.44807885
              ],
              [
                14275394.45448619,
                4457322.23171735
              ],
              [
                14275638.85698481,
                4457374.42478862
              ],
              [
                14275885.93204178,
                4457411.83983474
              ],
              [
                14276134.79411054,
                4457434.34265514
              ],
              [
                14276384.55129932,
                4457441.85258871
              ],
              [
                14276634.30859942,
                4457434.34265514
              ],
              [
                14276883.17066818,
                4457411.83983474
              ],
              [
                14277130.24572515,
                4457374.42478862
              ],
              [
                14277374.64822377,
                4457322.23171735
              ],
              [
                14277615.50241364,
                4457255.44807885
              ],
              [
                14277851.94512341,
                4457174.31346753
              ],
              [
                14278083.12921174,
                4457079.11877155
              ],
              [
                14278308.22612768,
                4456970.20574815
              ],
              [
                14278526.42958416,
                4456847.96492249
              ],
              [
                14278736.95789571,
                4456712.83474247
              ],
              [
                14278939.05698408,
                4456565.30017436
              ],
              [
                14279132.00293866,
                4456405.89004134
              ],
              [
                14279315.10513331,
                4456235.17631625
              ],
              [
                14279487.70767357,
                4456053.77090116
              ],
              [
                14279649.19307024,
                4455862.32450078
              ],
              [
                14279798.98324123,
                4455661.52326232
              ],
              [
                14279936.54229447,
                4455452.08723038
              ],
              [
                14280061.37819784,
                4455234.76684755
              ],
              [
                14280173.04467148,
                4455010.34113084
              ],
              [
                14280271.14252372,
                4454779.61431298
              ],
              [
                14280355.32143209,
                4454543.41318241
              ],
              [
                14280425.28083401,
                4454302.58372616
              ],
              [
                14280480.77115113,
                4454057.98875072
              ],
              [
                14280521.5947914,
                4453810.50438718
              ],
              [
                14280547.60648285,
                4453561.01673713
              ],
              [
                14280558.71416428,
                4453310.41907789
              ],
              [
                14280554.87920782,
                4453059.60892941
              ],
              [
                14280536.11641898,
                4452809.48372663
              ],
              [
                14280502.49392524,
                4452560.93886576
              ],
              [
                14280454.13306491,
                4452314.86365819
              ],
              [
                14280391.20805294,
                4452072.1386814
              ],
              [
                14280313.94497925,
                4451833.63243297
              ],
              [
                14280222.62136331,
                4451600.19784636
              ],
              [
                14280117.56481838,
                4451372.66992406
              ],
              [
                14279999.15216096,
                4451151.86253432
              ],
              [
                14279867.80785224,
                4450938.56492974
              ],
              [
                14279724.00243972,
                4450733.53980154
              ],
              [
                14279568.25111002,
                4450537.52021812
              ],
              [
                14279401.11179641,
                4450351.20684321
              ],
              [
                14279223.18272982,
                4450175.2654334
              ],
              [
                14279035.1008804,
                4450010.32489417
              ],
              [
                14278837.53950842,
                4449856.97449872
              ],
              [
                14278631.20538134,
                4449715.76222293
              ],
              [
                14278416.83688131,
                4449587.19252219
              ],
              [
                14278195.20088834,
                4449471.72494489
              ],
              [
                14277967.08999718,
                4449369.77176888
              ],
              [
                14277733.32029103,
                4449281.69731163
              ],
              [
                14277494.72777926,
                4449207.81598396
              ],
              [
                14277252.16561445,
                4449148.39173815
              ],
              [
                14277006.50130939,
                4449103.63695721
              ],
              [
                14276758.61306353,
                4449073.71120349
              ],
              [
                14276509.38731401,
                4449058.72164064
              ]
            ]
          ]
        ]
      },
      "geometry_name": "ag_geom",
      "properties": {
        "danger_lab": "<FNT name='TW Cen MT' size='6'><CLR cyan='100' magenta='10' yellow='34' black='0'>D14<UND>3 000 AGL</UND>GND</CLR></FNT>",
        "dng_lbl_1": "D14",
        "dng_lbl_2": "3 000 AGL",
        "dng_lbl_3": "GND"
      },
      "bbox": [
        14272210.38854568,
        4449058.72164064,
        14280558.71416428,
        4457441.85258871
      ]
    },
    {
      "type": "Feature",
      "id": "lt_c_aisdngc.3",
      "geometry": {
        "type": "MultiPolygon",
        "coordinates": [
          [
            [
              [
                14155725.84670404,
                4426298.32851649
              ],
              [
                14155479.96098451,
                4426298.32851649
              ],
              [
                14155235.22241234,
                4426322.15641962
              ],
              [
                14154993.91426159,
                4426369.59033057
              ],
              [
                14154758.28808029,
                4426440.18770429
              ],
              [
                14154530.54265102,
                4426533.29048261
              ],
              [
                14154312.80295154,
                4426648.03036341
              ],
              [
                14154107.10123048,
                4426783.33768397
              ],
              [
                14153915.35730377,
                4426937.95029943
              ],
              [
                14153739.36096619,
                4427110.42635607
              ],
              [
                14153580.75562737,
                4427299.15720174
              ],
              [
                14153441.02239315,
                4427502.38238389
              ],
              [
                14153321.46637323,
                4427718.20576235
              ],
              [
                14153223.20465871,
                4427944.61385194
              ],
              [
                14153147.15596934,
                4428179.49375117
              ],
              [
                14153094.03163667,
                4428420.65372121
              ],
              [
                14153064.32914749,
                4428665.8423786
              ],
              [
                14153058.32735715,
                4428912.77123654
              ],
              [
                14153076.08404044,
                4429159.13474743
              ],
              [
                14153117.43500113,
                4429402.63244182
              ],
              [
                14153181.99563037,
                4429640.99023997
              ],
              [
                14153269.16469159,
                4429871.98191027
              ],
              [
                14153378.1294412,
                4430093.44956028
              ],
              [
                14153507.87353223,
                4430303.32413406
              ],
              [
                14153657.18636523,
                4430499.64466179
              ],
              [
                14153824.67433149,
                4430680.57667808
              ],
              [
                14154008.7735035,
                4430844.42897198
              ],
              [
                14154207.7651083,
                4430989.67019934
              ],
              [
                14154419.79044435,
                4431114.94270969
              ],
              [
                14154642.86924925,
                4431219.07539681
              ],
              [
                14154874.91762211,
                4431301.09487506
              ],
              [
                14155113.76761586,
                4431360.23414456
              ],
              [
                14155357.18783131,
                4431395.94027601
              ],
              [
                14155602.90378861,
                4431407.8795823
              ],
              [
                14155848.61985725,
                4431395.94027601
              ],
              [
                14156092.04007268,
                4431360.23414456
              ],
              [
                14156330.89006644,
                4431301.09487506
              ],
              [
                14156562.93843931,
                4431219.07539681
              ],
              [
                14156786.01724421,
                4431114.94270969
              ],
              [
                14156998.04258026,
                4430989.67019934
              ],
              [
                14157197.03418506,
                4430844.42897198
              ],
              [
                14157381.13335705,
                4430680.57667808
              ],
              [
                14157548.62121199,
                4430499.64466179
              ],
              [
                14157697.934045,
                4430303.32413406
              ],
              [
                14157827.67824736,
                4430093.44956028
              ],
              [
                14157936.64299696,
                4429871.98191027
              ],
              [
                14158023.81205818,
                4429640.99023997
              ],
              [
                14158088.37268742,
                4429402.63244182
              ],
              [
                14158129.72364812,
                4429159.13474743
              ],
              [
                14158147.48033141,
                4428912.77123654
              ],
              [
                14158141.47854106,
                4428665.8423786
              ],
              [
                14158111.77605189,
                4428420.65372121
              ],
              [
                14158058.65171922,
                4428179.49375117
              ],
              [
                14157982.60302985,
                4427944.61385194
              ],
              [
                14157884.34131532,
                4427718.20576235
              ],
              [
                14157764.7852954,
                4427502.38238389
              ],
              [
                14157625.05194986,
                4427299.15720174
              ],
              [
                14157466.44661105,
                4427110.42635607
              ],
              [
                14157290.45038478,
                4426937.95029943
              ],
              [
                14157098.70645808,
                4426783.33768397
              ],
              [
                14156893.00473702,
                4426648.03036341
              ],
              [
                14156675.26503753,
                4426533.29048261
              ],
              [
                14156447.51949695,
                4426440.18770429
              ],
              [
                14156211.89342697,
                4426369.59033057
              ],
              [
                14155970.58527622,
                4426322.15641962
              ],
              [
                14155725.84670404,
                4426298.32851649
              ]
            ]
          ]
        ]
      },
      "geometry_name": "ag_geom",
      "properties": {
        "danger_lab": "<FNT name='TW Cen MT' size='6'><CLR cyan='100' magenta='10' yellow='34' black='0'>D13<UND>3 000 AGL</UND>GND</CLR></FNT>",
        "dng_lbl_1": "D13",
        "dng_lbl_2": "3 000 AGL",
        "dng_lbl_3": "GND"
      },
      "bbox": [
        14153058.32735715,
        4426298.32851649,
        14158147.48033141,
        4431407.8795823
      ]
    },
    {
      "type": "Feature",
      "id": "lt_c_aisdngc.4",
      "geometry": {
        "type": "MultiPolygon",
        "coordinates": [
          [
            [
              [
                14398095.30534394,
                4207631.58967435
              ],
              [
                14398139.16522332,
                4206997.66787404
              ],
              [
                14398094.80440624,
                4206363.78249471
              ],
              [
                14397963.05778888,
                4205742.34687827
              ],
              [
                14397746.48571954,
                4205145.43059094
              ],
              [
                14397449.31833887,
                4204584.55512645
              ],
              [
                14397077.39992013,
                4204070.76256257
              ],
              [
                14396637.96623023,
                4203613.93417533
              ],
              [
                14396139.47755046,
                4203222.92754906
              ],
              [
                14395591.78565575,
                4202905.44090113
              ],
              [
                14395005.410238,
                4202667.60465119
              ],
              [
                14394391.81720475,
                4202513.98206732
              ],
              [
                14393762.91774151,
                4202447.6379549
              ],
              [
                14393130.90133253,
                4202469.79807144
              ],
              [
                14392508.12444128,
                4202580.05383545
              ],
              [
                14391906.72089228,
                4202776.22590384
              ],
              [
                14391338.26791254,
                4203054.63666821
              ],
              [
                14390813.89745116,
                4203409.70069929
              ],
              [
                14390343.79524154,
                4203834.60604414
              ],
              [
                14389937.14514167,
                4204321.10899138
              ],
              [
                14389601.79517565,
                4204859.80610954
              ],
              [
                14389344.31319345,
                4205440.06530832
              ],
              [
                14389169.70857215,
                4206050.77537164
              ],
              [
                14389081.43221594,
                4206679.93620511
              ],
              [
                14389081.15391722,
                4207315.40869333
              ],
              [
                14389168.92933571,
                4207944.70986786
              ],
              [
                14389343.08867905,
                4208555.62681276
              ],
              [
                14389600.23670278,
                4209136.35332822
              ],
              [
                14389935.36402981,
                4209675.49030067
              ],
              [
                14390341.95846994,
                4210162.45557422
              ],
              [
                14390812.1163393,
                4210587.96224278
              ],
              [
                14391336.65377992,
                4210943.47350978
              ],
              [
                14391905.38505838,
                4211222.29516536
              ],
              [
                14392507.28954511,
                4211418.75743892
              ],
              [
                14393130.51171431,
                4211529.23915093
              ],
              [
                14393763.029061,
                4211551.41751563
              ],
              [
                14394392.42946194,
                4211484.95079616
              ],
              [
                14395006.46777316,
                4211331.0689127
              ],
              [
                14395593.23280914,
                4211092.84625107
              ],
              [
                14396141.20300257,
                4210774.92835145
              ],
              [
                14396639.80300182,
                4210383.46316227
              ],
              [
                14397079.23669173,
                4209926.10040036
              ],
              [
                14397450.98813124,
                4209411.78612196
              ],
              [
                14397747.87721318,
                4208850.48906298
              ],
              [
                14397964.00400456,
                4208253.19993535
              ],
              [
                14398095.30534394,
                4207631.58967435
              ]
            ]
          ]
        ]
      },
      "geometry_name": "ag_geom",
      "properties": {
        "danger_lab": "<FNT name='TW Cen MT' size='6'><CLR cyan='100' magenta='10' yellow='34' black='0'>D1<UND>10 000 AGL</UND>GND</CLR></FNT>",
        "dng_lbl_1": "D1",
        "dng_lbl_2": "10 000 AGL",
        "dng_lbl_3": "GND"
      },
      "bbox": [
        14389081.15391722,
        4202447.6379549,
        14398139.16522332,
        4211551.41751563
      ]
    },
    {
      "type": "Feature",
      "id": "lt_c_aisdngc.5",
      "geometry": {
        "type": "MultiPolygon",
        "coordinates": [
          [
            [
              [
                14163486.50070075,
                4261642.03427046
              ],
              [
                14163508.59761967,
                4261323.53994497
              ],
              [
                14163486.3337215,
                4261005.05490305
              ],
              [
                14163420.20994398,
                4260692.74840941
              ],
              [
                14163311.45080147,
                4260392.78903048
              ],
              [
                14163162.17136431,
                4260110.93342431
              ],
              [
                14162975.32159902,
                4259852.73210261
              ],
              [
                14162754.51938903,
                4259623.11831863
              ],
              [
                14162504.05053475,
                4259426.61387504
              ],
              [
                14162228.81309376,
                4259267.05513997
              ],
              [
                14161934.15040163,
                4259147.45615491
              ],
              [
                14161625.79541213,
                4259070.2829486
              ],
              [
                14161309.75937777,
                4259036.90536296
              ],
              [
                14160992.16487054,
                4259048.07690492
              ],
              [
                14160679.19012217,
                4259103.4550238
              ],
              [
                14160376.90204492,
                4259202.08085852
              ],
              [
                14160091.25623154,
                4259342.03648912
              ],
              [
                14159827.76299684,
                4259520.44482019
              ],
              [
                14159591.59869712,
                4259734.01774693
              ],
              [
                14159387.27177177,
                4259978.57621094
              ],
              [
                14159218.78972246,
                4260249.25562229
              ],
              [
                14159089.43647416,
                4260540.84838958
              ],
              [
                14159001.77237516,
                4260847.73521782
              ],
              [
                14158957.46721782,
                4261163.88496139
              ],
              [
                14158957.41155808,
                4261483.12870908
              ],
              [
                14159001.60539591,
                4261799.36539264
              ],
              [
                14159089.15817542,
                4262106.28757114
              ],
              [
                14159218.40010424,
                4262397.99846016
              ],
              [
                14159386.77083406,
                4262668.80637515
              ],
              [
                14159591.09775942,
                4262913.43053635
              ],
              [
                14159827.31771888,
                4263127.13835793
              ],
              [
                14160090.86661333,
                4263305.74563188
              ],
              [
                14160376.6237462,
                4263445.75383645
              ],
              [
                14160678.96748319,
                4263544.48743979
              ],
              [
                14160992.05355105,
                4263599.95691824
              ],
              [
                14161309.75937777,
                4263611.06456088
              ],
              [
                14161625.96239137,
                4263577.67310133
              ],
              [
                14161934.42870036,
                4263500.40003301
              ],
              [
                14162229.20271197,
                4263380.75470144
              ],
              [
                14162504.49581271,
                4263221.0696504
              ],
              [
                14162755.02032675,
                4263024.4319276
              ],
              [
                14162975.82253672,
                4262794.7514825
              ],
              [
                14163162.61664229,
                4262536.34961441
              ],
              [
                14163311.78475994,
                4262254.43870844
              ],
              [
                14163420.48824271,
                4261954.36789894
              ],
              [
                14163486.50070075,
                4261642.03427046
              ]
            ]
          ]
        ]
      },
      "geometry_name": "ag_geom",
      "properties": {
        "danger_lab": "<FNT name='TW Cen MT' size='6'><CLR cyan='100' magenta='10' yellow='34' black='0'>D5<UND>3 000 AGL</UND>GND</CLR></FNT>",
        "dng_lbl_1": "D5",
        "dng_lbl_2": "3 000 AGL",
        "dng_lbl_3": "GND"
      },
      "bbox": [
        14158957.41155808,
        4259036.90536296,
        14163508.59761967,
        4263611.06456088
      ]
    },
    {
      "type": "Feature",
      "id": "lt_c_aisdngc.13",
      "geometry": {
        "type": "MultiPolygon",
        "coordinates": [
          [
            [
              [
                14076174.00431272,
                4220106.18460291
              ],
              [
                14076217.91985183,
                4219471.54481977
              ],
              [
                14076173.503375,
                4218837.00990863
              ],
              [
                14076041.58977842,
                4218214.87068821
              ],
              [
                14075824.79507009,
                4217617.27866995
              ],
              [
                14075527.29373095,
                4217055.76837375
              ],
              [
                14075154.98569398,
                4216541.39435413
              ],
              [
                14074715.05106637,
                4216084.04904521
              ],
              [
                14074216.06144889,
                4215692.66829527
              ],
              [
                14073667.70163724,
                4215374.82247094
              ],
              [
                14073080.71396229,
                4215136.71717432
              ],
              [
                14072466.45301209,
                4214982.92081773
              ],
              [
                14071836.88563191,
                4214916.43339929
              ],
              [
                14071204.201306,
                4214938.61858157
              ],
              [
                14070580.75649781,
                4215048.99906029
              ],
              [
                14069978.6293721,
                4215245.46130006
              ],
              [
                14069409.61979492,
                4215524.11875531
              ],
              [
                14068884.63707633,
                4215879.58449063
              ],
              [
                14068414.033929,
                4216305.03887671
              ],
              [
                14068006.93855117,
                4216792.0923619
              ],
              [
                14067671.19896694,
                4217331.33088996
              ],
              [
                14067413.438686,
                4217912.24691086
              ],
              [
                14067238.66708546,
                4218523.64837674
              ],
              [
                14067150.27940977,
                4219153.5216212
              ],
              [
                14067150.00111104,
                4219789.64549839
              ],
              [
                14067237.88784902,
                4220419.65948337
              ],
              [
                14067412.26983136,
                4221031.33683119
              ],
              [
                14067669.64049407,
                4221612.65305347
              ],
              [
                14068005.15743932,
                4222152.40100135
              ],
              [
                14068412.19715741,
                4222639.91820366
              ],
              [
                14068882.85596447,
                4223065.83889056
              ],
              [
                14069408.0056623,
                4223421.82150079
              ],
              [
                14069977.34919796,
                4223700.89095735
              ],
              [
                14070579.86594187,
                4223897.64430331
              ],
              [
                14071203.81168777,
                4224008.18297018
              ],
              [
                14071836.9969514,
                4224030.38648285
              ],
              [
                14072467.06526929,
                4223963.84439744
              ],
              [
                14073081.8271572,
                4223809.85635127
              ],
              [
                14073669.20445037,
                4223571.36359231
              ],
              [
                14074217.786901,
                4223253.08526389
              ],
              [
                14074716.88783797,
                4222861.17630679
              ],
              [
                14075156.82246558,
                4222403.29513461
              ],
              [
                14075529.01918306,
                4221888.39796949
              ],
              [
                14075826.18656373,
                4221326.46486958
              ],
              [
                14076042.59165383,
                4220728.56732055
              ],
              [
                14076174.00431272,
                4220106.18460291
              ]
            ]
          ]
        ]
      },
      "geometry_name": "ag_geom",
      "properties": {
        "danger_lab": "<FNT name='TW Cen MT' size='6'><CLR cyan='100' magenta='10' yellow='34' black='0'>D7<UND>10 000 AGL</UND>GND</CLR></FNT>",
        "dng_lbl_1": "D7",
        "dng_lbl_2": "10 000 AGL",
        "dng_lbl_3": "GND"
      },
      "bbox": [
        14067150.00111104,
        4214916.43339929,
        14076217.91985183,
        4224030.38648285
      ]
    },
    {
      "type": "Feature",
      "id": "lt_c_aisdngc.25",
      "geometry": {
        "type": "MultiPolygon",
        "coordinates": [
          [
            [
              [
                14141749.81165048,
                4509771.9714482
              ],
              [
                14142399.17530968,
                4509109.3462886
              ],
              [
                14140482.00632631,
                4508134.97352313
              ],
              [
                14140265.55181035,
                4508797.53706093
              ],
              [
                14141749.81165048,
                4509771.9714482
              ]
            ]
          ]
        ]
      },
      "geometry_name": "ag_geom",
      "properties": {
        "danger_lab": "<FNT name='TW Cen MT' size='6'><CLR cyan='100' magenta='10' yellow='34' black='0'>D24<UND>1 700 AGL</UND>GND</CLR></FNT>",
        "dng_lbl_1": "D24",
        "dng_lbl_2": "1 700 AGL",
        "dng_lbl_3": "GND"
      },
      "bbox": [
        14140265.55181035,
        4508134.97352313,
        14142399.17530968,
        4509771.9714482
      ]
    },
    {
      "type": "Feature",
      "id": "lt_c_aisdngc.14",
      "geometry": {
        "type": "MultiPolygon",
        "coordinates": [
          [
            [
              [
                14407478.2304138,
                4453700.98157824
              ],
              [
                14407523.09216858,
                4453052.6550885
              ],
              [
                14407477.67381634,
                4452404.36834848
              ],
              [
                14407342.92157274,
                4451768.82074719
              ],
              [
                14407121.34012631,
                4451158.29001441
              ],
              [
                14406817.38225671,
                4450584.70233349
              ],
              [
                14406436.94789693,
                4450059.21419623
              ],
              [
                14405987.4397931,
                4449592.00376836
              ],
              [
                14405477.54086552,
                4449192.13211949
              ],
              [
                14404917.26986835,
                4448867.47424517
              ],
              [
                14404317.48045196,
                4448624.16176704
              ],
              [
                14403689.86116287,
                4448467.07193512
              ],
              [
                14403046.54582558,
                4448399.20036241
              ],
              [
                14402400.11354254,
                4448421.87067487
              ],
              [
                14401763.08775647,
                4448534.66492065
              ],
              [
                14401147.8805906,
                4448735.2840023
              ],
              [
                14400566.45889019,
                4449019.96593818
              ],
              [
                14400030.06592381,
                4449383.13661491
              ],
              [
                14399549.22138332,
                4449817.68817652
              ],
              [
                14399133.22044623,
                4450315.25733259
              ],
              [
                14398790.13377561,
                4450866.1548031
              ],
              [
                14398526.75186039,
                4451459.64357945
              ],
              [
                14398348.13973741,
                4452084.21728605
              ],
              [
                14398257.80397064,
                4452727.66935093
              ],
              [
                14398257.5256719,
                4453377.58102734
              ],
              [
                14398347.30484123,
                4454021.18159764
              ],
              [
                14398525.47168624,
                4454646.04622544
              ],
              [
                14398788.46398324,
                4455239.95660597
              ],
              [
                14399131.27235514,
                4455791.38993743
              ],
              [
                14399547.16197274,
                4456289.51951273
              ],
              [
                14400028.11783272,
                4456724.63424604
              ],
              [
                14400564.67777834,
                4457088.34890131
              ],
              [
                14401146.48909697,
                4457373.46526552
              ],
              [
                14401762.14154081,
                4457574.46156692
              ],
              [
                14402399.66826458,
                4457687.3534902
              ],
              [
                14403046.7128048,
                4457710.11354168
              ],
              [
                14403690.52907981,
                4457642.11279726
              ],
              [
                14404318.70496637,
                4457484.74930313
              ],
              [
                14404918.88400097,
                4457241.09882724
              ],
              [
                14405479.43329686,
                4456915.91448103
              ],
              [
                14405989.44354393,
                4456515.4865357
              ],
              [
                14406438.95164776,
                4456047.71152871
              ],
              [
                14406819.2190283,
                4455521.67262231
              ],
              [
                14407122.84293945,
                4454947.63880626
              ],
              [
                14407343.97910791,
                4454336.7849168
              ],
              [
                14407478.2304138,
                4453700.98157824
              ]
            ]
          ]
        ]
      },
      "geometry_name": "ag_geom",
      "properties": {
        "danger_lab": "<FNT name='TW Cen MT' size='6'><CLR cyan='100' magenta='10' yellow='34' black='0'>D8<UND>8 000 AGL</UND>GND</CLR></FNT>",
        "dng_lbl_1": "D8",
        "dng_lbl_2": "8 000 AGL",
        "dng_lbl_3": "GND"
      },
      "bbox": [
        14398257.5256719,
        4448399.20036241,
        14407523.09216858,
        4457710.11354168
      ]
    },
    {
      "type": "Feature",
      "id": "lt_c_aisdngc.15",
      "geometry": {
        "type": "MultiPolygon",
        "coordinates": [
          [
            [
              [
                14123598.55018554,
                4513788.71348867
              ],
              [
                14123840.03310789,
                4513756.78407621
              ],
              [
                14124065.05510583,
                4513663.17297159
              ],
              [
                14124258.27846857,
                4513514.26258296
              ],
              [
                14124406.53398905,
                4513320.20504732
              ],
              [
                14124499.71964611,
                4513094.22919089
              ],
              [
                14124531.48800239,
                4512851.73806327
              ],
              [
                14124499.67812394,
                4512609.2580255
              ],
              [
                14124406.46207665,
                4512383.31267068
              ],
              [
                14124258.1953129,
                4512189.29672647
              ],
              [
                14124064.98308212,
                4512040.42778892
              ],
              [
                14123839.99147442,
                4511946.84704553
              ],
              [
                14123598.55018554,
                4511914.92886329
              ],
              [
                14123357.10889669,
                4511946.84704553
              ],
              [
                14123132.11728899,
                4512040.42778892
              ],
              [
                14122938.90516951,
                4512189.29672647
              ],
              [
                14122790.63840577,
                4512383.31267068
              ],
              [
                14122697.42235849,
                4512609.2580255
              ],
              [
                14122665.61248003,
                4512851.73806327
              ],
              [
                14122697.380725,
                4513094.22919089
              ],
              [
                14122790.56638206,
                4513320.20504732
              ],
              [
                14122938.82201385,
                4513514.26258296
              ],
              [
                14123132.0453766,
                4513663.17297159
              ],
              [
                14123357.06737451,
                4513756.78407621
              ],
              [
                14123598.55018554,
                4513788.71348867
              ]
            ]
          ]
        ]
      },
      "geometry_name": "ag_geom",
      "properties": {
        "danger_lab": "<FNT name='TW Cen MT' size='6'><CLR cyan='100' magenta='10' yellow='34' black='0'>D30<UND>1 900 AGL</UND>GND</CLR></FNT>",
        "dng_lbl_1": "D30",
        "dng_lbl_2": "1 900 AGL",
        "dng_lbl_3": "GND"
      },
      "bbox": [
        14122665.61248003,
        4511914.92886329,
        14124531.48800239,
        4513788.71348867
      ]
    },
    {
      "type": "Feature",
      "id": "lt_c_aisdngc.6",
      "geometry": {
        "type": "MultiPolygon",
        "coordinates": [
          [
            [
              [
                14219116.69355557,
                4317678.10220073
              ],
              [
                14218869.64532659,
                4317678.10220073
              ],
              [
                14218623.09380519,
                4317693.83423515
              ],
              [
                14218378.03095933,
                4317725.23497732
              ],
              [
                14218135.44230048,
                4317772.17846164
              ],
              [
                14217896.30387793,
                4317834.47608083
              ],
              [
                14217661.57749207,
                4317911.87727098
              ],
              [
                14217432.20757748,
                4318004.07116006
              ],
              [
                14217209.11697271,
                4318110.68711283
              ],
              [
                14216993.20313553,
                4318231.29692837
              ],
              [
                14216785.33502585,
                4318365.41552081
              ],
              [
                14216586.34920967,
                4318512.5042178
              ],
              [
                14216397.0465194,
                4318671.97130195
              ],
              [
                14216218.18915958,
                4318843.1761352
              ],
              [
                14216050.49725601,
                4319025.43011286
              ],
              [
                14215894.64596139,
                4319218.00051207
              ],
              [
                14215751.26322899,
                4319420.11309963
              ],
              [
                14215620.92669562,
                4319630.95501598
              ],
              [
                14215504.16167798,
                4319849.67807291
              ],
              [
                14215401.43894618,
                4320075.40246544
              ],
              [
                14215313.17283137,
                4320307.22034667
              ],
              [
                14215239.71944461,
                4320544.19871426
              ],
              [
                14215181.37556365,
                4320785.38395205
              ],
              [
                14215138.3770745,
                4321029.80568379
              ],
              [
                14215110.89808084,
                4321276.47966291
              ],
              [
                14215099.05023611,
                4321524.4132831
              ],
              [
                14215102.88240959,
                4321772.60791947
              ],
              [
                14215122.38012972,
                4322020.06444196
              ],
              [
                14215157.46602947,
                4322265.78597301
              ],
              [
                14215207.99984626,
                4322508.78312824
              ],
              [
                14215273.77908998,
                4322748.07677692
              ],
              [
                14215354.53971076,
                4322982.702872
              ],
              [
                14215449.95754625,
                4323211.71590254
              ],
              [
                14215559.64898949,
                4323434.19317484
              ],
              [
                14215683.17310397,
                4323649.23771572
              ],
              [
                14215820.03295949,
                4323855.98296932
              ],
              [
                14215969.67785853,
                4324053.59528859
              ],
              [
                14216131.50567397,
                4324241.27794421
              ],
              [
                14216304.86485282,
                4324418.27416882
              ],
              [
                14216489.05719923,
                4324583.87006363
              ],
              [
                14216683.34121409,
                4324737.39805685
              ],
              [
                14216886.93409871,
                4324878.23856939
              ],
              [
                14217099.01576243,
                4325005.82374885
              ],
              [
                14217318.73171683,
                4325119.63872093
              ],
              [
                14217545.19663799,
                4325219.22435717
              ],
              [
                14217777.49792874,
                4325304.17893881
              ],
              [
                14218014.69928083,
                4325374.15954391
              ],
              [
                14218255.84468248,
                4325428.88398514
              ],
              [
                14218499.96220323,
                4325468.13136736
              ],
              [
                14218746.06777875,
                4325491.74333355
              ],
              [
                14218993.16944108,
                4325499.62461987
              ],
              [
                14219240.2711034,
                4325491.74333355
              ],
              [
                14219486.37667893,
                4325468.13136736
              ],
              [
                14219730.49419966,
                4325428.88398514
              ],
              [
                14219971.63960131,
                4325374.15954391
              ],
              [
                14220208.84095342,
                4325304.17893881
              ],
              [
                14220441.14224416,
                4325219.22435717
              ],
              [
                14220667.60705401,
                4325119.63872093
              ],
              [
                14220887.32311973,
                4325005.82374885
              ],
              [
                14221099.40478344,
                4324878.23856939
              ],
              [
                14221302.99766807,
                4324737.39805685
              ],
              [
                14221497.28157161,
                4324583.87006363
              ],
              [
                14221681.47402933,
                4324418.27416882
              ],
              [
                14221854.83320818,
                4324241.27794421
              ],
              [
                14222016.66091229,
                4324053.59528859
              ],
              [
                14222166.30592265,
                4323855.98296932
              ],
              [
                14222303.16577818,
                4323649.23771572
              ],
              [
                14222426.68989267,
                4323434.19317484
              ],
              [
                14222536.38133591,
                4323211.71590254
              ],
              [
                14222631.7991714,
                4322982.702872
              ],
              [
                14222712.55979217,
                4322748.07677692
              ],
              [
                14222778.33903588,
                4322508.78312824
              ],
              [
                14222828.87285268,
                4322265.78597301
              ],
              [
                14222863.95875243,
                4322020.06444196
              ],
              [
                14222883.45647257,
                4321772.60791947
              ],
              [
                14222887.28864604,
                4321524.4132831
              ],
              [
                14222875.44080132,
                4321276.47966291
              ],
              [
                14222847.96180764,
                4321029.80568379
              ],
              [
                14222804.96320717,
                4320785.38395205
              ],
              [
                14222746.61932621,
                4320544.19871426
              ],
              [
                14222673.16605077,
                4320307.22034667
              ],
              [
                14222584.89993597,
                4320075.40246544
              ],
              [
                14222482.17709286,
                4319849.67807291
              ],
              [
                14222365.41207521,
                4319630.95501598
              ],
              [
                14222235.07565317,
                4319420.11309963
              ],
              [
                14222091.69292075,
                4319218.00051207
              ],
              [
                14221935.84162614,
                4319025.43011286
              ],
              [
                14221768.14972257,
                4318843.1761352
              ],
              [
                14221589.29236276,
                4318671.97130195
              ],
              [
                14221399.98967249,
                4318512.5042178
              ],
              [
                14221201.00385629,
                4318365.41552081
              ],
              [
                14220993.13574663,
                4318231.29692837
              ],
              [
                14220777.22190943,
                4318110.68711283
              ],
              [
                14220554.13119336,
                4318004.07116006
              ],
              [
                14220324.76127876,
                4317911.87727098
              ],
              [
                14220090.03500423,
                4317834.47608083
              ],
              [
                14219850.89658168,
                4317772.17846164
              ],
              [
                14219608.30792282,
                4317725.23497732
              ],
              [
                14219363.24507696,
                4317693.83423515
              ],
              [
                14219116.69355557,
                4317678.10220073
              ]
            ]
          ]
        ]
      },
      "geometry_name": "ag_geom",
      "properties": {
        "danger_lab": "<FNT name='TW Cen MT' size='6'><CLR cyan='100' magenta='10' yellow='34' black='0'>D6<UND>3 000 AGL</UND>GND</CLR></FNT>",
        "dng_lbl_1": "D6",
        "dng_lbl_2": "3 000 AGL",
        "dng_lbl_3": "GND"
      },
      "bbox": [
        14215099.05023611,
        4317678.10220073,
        14222887.28864604,
        4325499.62461987
      ]
    },
    {
      "type": "Feature",
      "id": "lt_c_aisdngc.7",
      "geometry": {
        "type": "MultiPolygon",
        "coordinates": [
          [
            [
              [
                14125422.9529637,
                4510864.28489453
              ],
              [
                14125662.21940367,
                4510821.91403906
              ],
              [
                14125872.62159023,
                4510699.91387215
              ],
              [
                14126028.77912476,
                4510513.00423692
              ],
              [
                14126111.85797394,
                4510283.73473127
              ],
              [
                14126111.84205524,
                4510039.7622467
              ],
              [
                14126028.73871578,
                4509810.51320182
              ],
              [
                14125872.57561527,
                4509623.63515142
              ],
              [
                14125662.18945873,
                4509501.66269081
              ],
              [
                14125422.9529637,
                4509459.30267875
              ],
              [
                14125183.71657999,
                4509501.66269081
              ],
              [
                14124973.33042344,
                4509623.63515142
              ],
              [
                14124817.16732293,
                4509810.51320182
              ],
              [
                14124734.06398347,
                4510039.7622467
              ],
              [
                14124734.04795346,
                4510283.73473127
              ],
              [
                14124817.12691396,
                4510513.00423692
              ],
              [
                14124973.28433717,
                4510699.91387215
              ],
              [
                14125183.68652373,
                4510821.91403906
              ],
              [
                14125422.9529637,
                4510864.28489453
              ]
            ]
          ]
        ]
      },
      "geometry_name": "ag_geom",
      "properties": {
        "danger_lab": "<FNT name='TW Cen MT' size='6'><CLR cyan='100' magenta='10' yellow='34' black='0'>D28<UND>1 700 AGL</UND>GND</CLR></FNT>",
        "dng_lbl_1": "D28",
        "dng_lbl_2": "1 700 AGL",
        "dng_lbl_3": "GND"
      },
      "bbox": [
        14124734.04795346,
        4509459.30267875,
        14126111.85797394,
        4510864.28489453
      ]
    },
    {
      "type": "Feature",
      "id": "lt_c_aisdngc.8",
      "geometry": {
        "type": "MultiPolygon",
        "coordinates": [
          [
            [
              [
                14126536.14787163,
                4512071.99588503
              ],
              [
                14127123.66743112,
                4511448.21045562
              ],
              [
                14126783.52460442,
                4511136.33174314
              ],
              [
                14126165.08293942,
                4511760.09845579
              ],
              [
                14126536.14787163,
                4512071.99588503
              ]
            ]
          ]
        ]
      },
      "geometry_name": "ag_geom",
      "properties": {
        "danger_lab": "<FNT name='TW Cen MT' size='6'><CLR cyan='100' magenta='10' yellow='34' black='0'>D29<UND>1 600 AGL</UND>GND</CLR></FNT>",
        "dng_lbl_1": "D29",
        "dng_lbl_2": "1 600 AGL",
        "dng_lbl_3": "GND"
      },
      "bbox": [
        14126165.08293942,
        4511136.33174314,
        14127123.66743112,
        4512071.99588503
      ]
    },
    {
      "type": "Feature",
      "id": "lt_c_aisdngc.9",
      "geometry": {
        "type": "MultiPolygon",
        "coordinates": [
          [
            [
              [
                14156190.09050283,
                4388395.57520641
              ],
              [
                14155943.04672663,
                4388386.06758496
              ],
              [
                14155696.00295044,
                4388395.57520641
              ],
              [
                14155450.40766345,
                4388424.04235406
              ],
              [
                14155207.70078331,
                4388471.30229259
              ],
              [
                14154969.30541836,
                4388537.0782347
              ],
              [
                14154736.61951877,
                4388620.9847211
              ],
              [
                14154511.0073049,
                4388722.53038523
              ],
              [
                14154293.79214287,
                4388841.12002177
              ],
              [
                14154086.24797291,
                4388976.05901163
              ],
              [
                14153889.59218499,
                4389126.55649637
              ],
              [
                14153704.97838299,
                4389291.73077116
              ],
              [
                14153533.48992818,
                4389470.61370552
              ],
              [
                14153376.13326009,
                4389662.1568285
              ],
              [
                14153233.83188522,
                4389865.23755246
              ],
              [
                14153107.4215903,
                4390078.66511988
              ],
              [
                14152997.64454236,
                4390301.18835467
              ],
              [
                14152905.14594921,
                4390531.50230492
              ],
              [
                14152830.46949519,
                4390768.25655231
              ],
              [
                14152774.05455837,
                4391010.06227496
              ],
              [
                14152736.23320477,
                4391255.50097767
              ],
              [
                14152717.22885263,
                4391503.13308626
              ],
              [
                14152717.15415724,
                4391751.50515721
              ],
              [
                14152736.01101107,
                4391999.16000426
              ],
              [
                14152773.68987573,
                4392244.64391434
              ],
              [
                14152829.97100651,
                4392486.51580922
              ],
              [
                14152904.52534304,
                4392723.35599402
              ],
              [
                14152996.91629026,
                4392953.7735209
              ],
              [
                14153106.60272412,
                4393176.41549839
              ],
              [
                14153232.94177457,
                4393389.97432155
              ],
              [
                14153375.1926104,
                4393593.19545924
              ],
              [
                14153532.52089202,
                4393784.88524339
              ],
              [
                14153704.0035582,
                4393963.91754919
              ],
              [
                14153888.63450341,
                4394129.24005982
              ],
              [
                14154085.32980975,
                4394279.88164205
              ],
              [
                14154292.93520543,
                4394414.95694589
              ],
              [
                14154510.23151937,
                4394533.67197535
              ],
              [
                14154735.94303022,
                4394635.3289642
              ],
              [
                14154968.74425681,
                4394719.33055644
              ],
              [
                14155207.26797312,
                4394785.18273571
              ],
              [
                14155450.11333473,
                4394832.49858548
              ],
              [
                14155695.85411628,
                4394860.999687
              ],
              [
                14155943.04672663,
                4394870.51876398
              ],
              [
                14156190.23933698,
                4394860.999687
              ],
              [
                14156435.98011853,
                4394832.49858548
              ],
              [
                14156678.82548013,
                4394785.18273571
              ],
              [
                14156917.34919646,
                4394719.33055644
              ],
              [
                14157150.15042303,
                4394635.3289642
              ],
              [
                14157375.86193388,
                4394533.67197535
              ],
              [
                14157593.15824783,
                4394414.95694589
              ],
              [
                14157800.76364351,
                4394279.88164205
              ],
              [
                14157997.45894985,
                4394129.24005982
              ],
              [
                14158182.08989504,
                4393963.91754919
              ],
              [
                14158353.57256124,
                4393784.88524339
              ],
              [
                14158510.90084286,
                4393593.19545924
              ],
              [
                14158653.15167868,
                4393389.97432155
              ],
              [
                14158779.49072913,
                4393176.41549839
              ],
              [
                14158889.177163,
                4392953.7735209
              ],
              [
                14158981.56811022,
                4392723.35599402
              ],
              [
                14159056.12244675,
                4392486.51580922
              ],
              [
                14159112.40357754,
                4392244.64391434
              ],
              [
                14159150.08244218,
                4391999.16000426
              ],
              [
                14159168.939296,
                4391751.50515721
              ],
              [
                14159168.86460063,
                4391503.13308626
              ],
              [
                14159149.86024848,
                4391255.50097767
              ],
              [
                14159112.03889488,
                4391010.06227496
              ],
              [
                14159055.62395806,
                4390768.25655231
              ],
              [
                14158980.94750405,
                4390531.50230492
              ],
              [
                14158888.44891088,
                4390301.18835467
              ],
              [
                14158778.67186296,
                4390078.66511988
              ],
              [
                14158652.26156803,
                4389865.23755246
              ],
              [
                14158509.96019317,
                4389662.1568285
              ],
              [
                14158352.60352507,
                4389470.61370552
              ],
              [
                14158181.11507027,
                4389291.73077116
              ],
              [
                14157996.50126827,
                4389126.55649637
              ],
              [
                14157799.84548035,
                4388976.05901163
              ],
              [
                14157592.30131039,
                4388841.12002177
              ],
              [
                14157375.08614836,
                4388722.53038523
              ],
              [
                14157149.47393449,
                4388620.9847211
              ],
              [
                14156916.7880349,
                4388537.0782347
              ],
              [
                14156678.39266995,
                4388471.30229259
              ],
              [
                14156435.68578979,
                4388424.04235406
              ],
              [
                14156190.09050283,
                4388395.57520641
              ]
            ]
          ]
        ]
      },
      "geometry_name": "ag_geom",
      "properties": {
        "danger_lab": "<FNT name='TW Cen MT' size='6'><CLR cyan='100' magenta='10' yellow='34' black='0'>D15<UND>3 000 AGL</UND>GND</CLR></FNT>",
        "dng_lbl_1": "D15",
        "dng_lbl_2": "3 000 AGL",
        "dng_lbl_3": "GND"
      },
      "bbox": [
        14152717.15415724,
        4388386.06758496,
        14159168.939296,
        4394870.51876398
      ]
    },
    {
      "type": "Feature",
      "id": "lt_c_aisdngc.10",
      "geometry": {
        "type": "MultiPolygon",
        "coordinates": [
          [
            [
              [
                14187111.13859255,
                4356416.04969878
              ],
              [
                14186866.49308347,
                4356416.04969878
              ],
              [
                14186623.23261149,
                4356442.16192432
              ],
              [
                14186384.11177742,
                4356494.09099248
              ],
              [
                14186151.83831654,
                4356571.24903129
              ],
              [
                14185929.04237448,
                4356672.76312779
              ],
              [
                14185718.24745275,
                4356797.48415
              ],
              [
                14185521.84079785,
                4356944.00067873
              ],
              [
                14185342.04735243,
                4357110.65431654
              ],
              [
                14185180.90415187,
                4357295.55845056
              ],
              [
                14185040.23716976,
                4357496.61991838
              ],
              [
                14184921.64094649,
                4357711.56233436
              ],
              [
                14184826.4601102,
                4357937.95163211
              ],
              [
                14184755.77423729,
                4358173.22410192
              ],
              [
                14184710.38582998,
                4358414.71498877
              ],
              [
                14184690.81074281,
                4358659.68875915
              ],
              [
                14184697.27250529,
                4358905.37006969
              ],
              [
                14184729.69965033,
                4359148.97502362
              ],
              [
                14184787.72660469,
                4359387.74313019
              ],
              [
                14184870.69736264,
                4359618.96830721
              ],
              [
                14184977.6731669,
                4359840.02934074
              ],
              [
                14185107.44308405,
                4360048.42035448
              ],
              [
                14185258.53758551,
                4360241.7785203
              ],
              [
                14185429.24502277,
                4360417.91122142
              ],
              [
                14185617.63133099,
                4360574.82100627
              ],
              [
                14185821.56173631,
                4360710.72846858
              ],
              [
                14186038.72491215,
                4360824.09194482
              ],
              [
                14186266.65925059,
                4360913.62554824
              ],
              [
                14186502.78080363,
                4360978.31373887
              ],
              [
                14186744.4128941,
                4361017.42242734
              ],
              [
                14186988.81583801,
                4361030.50813293
              ],
              [
                14187233.21878192,
                4361017.42242734
              ],
              [
                14187474.85087239,
                4360978.31373887
              ],
              [
                14187710.97242542,
                4360913.62554824
              ],
              [
                14187938.90676386,
                4360824.09194482
              ],
              [
                14188156.0699397,
                4360710.72846858
              ],
              [
                14188360.00023371,
                4360574.82100627
              ],
              [
                14188548.38665325,
                4360417.91122142
              ],
              [
                14188719.09409051,
                4360241.7785203
              ],
              [
                14188870.18859197,
                4360048.42035448
              ],
              [
                14188999.95850912,
                4359840.02934074
              ],
              [
                14189106.93431338,
                4359618.96830721
              ],
              [
                14189189.90507132,
                4359387.74313019
              ],
              [
                14189247.93191437,
                4359148.97502362
              ],
              [
                14189280.35917073,
                4358905.37006969
              ],
              [
                14189286.8209332,
                4358659.68875915
              ],
              [
                14189267.24584603,
                4358414.71498877
              ],
              [
                14189221.85743873,
                4358173.22410192
              ],
              [
                14189151.17156582,
                4357937.95163211
              ],
              [
                14189055.99072953,
                4357711.56233436
              ],
              [
                14188937.39439494,
                4357496.61991838
              ],
              [
                14188796.72752415,
                4357295.55845056
              ],
              [
                14188635.58432359,
                4357110.65431654
              ],
              [
                14188455.79087817,
                4356944.00067873
              ],
              [
                14188259.38422328,
                4356797.48415
              ],
              [
                14188048.58919022,
                4356672.76312779
              ],
              [
                14187825.79335948,
                4356571.24903129
              ],
              [
                14187593.51978728,
                4356494.09099248
              ],
              [
                14187354.39895321,
                4356442.16192432
              ],
              [
                14187111.13859255,
                4356416.04969878
              ]
            ]
          ]
        ]
      },
      "geometry_name": "ag_geom",
      "properties": {
        "danger_lab": "<FNT name='TW Cen MT' size='6'><CLR cyan='100' magenta='10' yellow='34' black='0'>D16<UND>2 000 AGL</UND>GND</CLR></FNT>",
        "dng_lbl_1": "D16",
        "dng_lbl_2": "2 000 AGL",
        "dng_lbl_3": "GND"
      },
      "bbox": [
        14184690.81074281,
        4356416.04969878,
        14189286.8209332,
        4361030.50813293
      ]
    },
    {
      "type": "Feature",
      "id": "lt_c_aisdngc.11",
      "geometry": {
        "type": "MultiPolygon",
        "coordinates": [
          [
            [
              [
                14416673.33167282,
                4260054.93330982
              ],
              [
                14416717.41419117,
                4259418.04644393
              ],
              [
                14416672.8307351,
                4258781.19668682
              ],
              [
                14416540.4162008,
                4258156.85675858
              ],
              [
                14416322.84225605,
                4257557.08539242
              ],
              [
                14416024.28338175,
                4256993.59617959
              ],
              [
                14415650.58385115,
                4256477.34686251
              ],
              [
                14415209.09075066,
                4256018.33438994
              ],
              [
                14414708.26436158,
                4255625.52710128
              ],
              [
                14414157.95645885,
                4255306.52287599
              ],
              [
                14413568.79805383,
                4255067.54986106
              ],
              [
                14412952.31071382,
                4254913.26157104
              ],
              [
                14412320.46128407,
                4254846.53187463
              ],
              [
                14411685.49490858,
                4254868.79789851
              ],
              [
                14411059.76805085,
                4254979.58060487
              ],
              [
                14410455.47019506,
                4255176.75878488
              ],
              [
                14409884.4012073,
                4255456.36326381
              ],
              [
                14409357.52605737,
                4255813.19308307
              ],
              [
                14408885.19745794,
                4256240.06125175
              ],
              [
                14408476.59926698,
                4256728.89030632
              ],
              [
                14408139.69082809,
                4257270.09491916
              ],
              [
                14407880.98433149,
                4257853.1293038
              ],
              [
                14407705.544814,
                4258466.69212776
              ],
              [
                14407616.82317984,
                4259098.86301565
              ],
              [
                14407616.54488112,
                4259737.23919338
              ],
              [
                14407704.76557757,
                4260369.55211874
              ],
              [
                14407879.7598171,
                4260983.39332174
              ],
              [
                14408138.07669548,
                4261566.83147988
              ],
              [
                14408474.81815513,
                4262108.48137249
              ],
              [
                14408883.30502659,
                4262597.84719645
              ],
              [
                14409355.68928578,
                4263025.32323425
              ],
              [
                14409882.73141493,
                4263382.53737298
              ],
              [
                14410454.19002093,
                4263662.62611169
              ],
              [
                14411058.87749491,
                4263860.09813206
              ],
              [
                14411685.10529038,
                4263971.04057662
              ],
              [
                14412320.57260356,
                4263993.32519615
              ],
              [
                14412952.97863076,
                4263926.54004167
              ],
              [
                14413569.91124873,
                4263771.92094843
              ],
              [
                14414159.45927198,
                4263532.62564722
              ],
              [
                14414710.04547345,
                4263213.18487581
              ],
              [
                14415210.92752226,
                4262819.84469316
              ],
              [
                14415652.4762825,
                4262360.36011929
              ],
              [
                14416026.00883386,
                4261843.58304398
              ],
              [
                14416324.23374969,
                4261279.66715371
              ],
              [
                14416541.41807623,
                4260679.51876597
              ],
              [
                14416673.33167282,
                4260054.93330982
              ]
            ]
          ]
        ]
      },
      "geometry_name": "ag_geom",
      "properties": {
        "danger_lab": "<FNT name='TW Cen MT' size='6'><CLR cyan='100' magenta='10' yellow='34' black='0'>D2<UND>10 000 AGL</UND>GND</CLR></FNT>",
        "dng_lbl_1": "D2",
        "dng_lbl_2": "10 000 AGL",
        "dng_lbl_3": "GND"
      },
      "bbox": [
        14407616.54488112,
        4254846.53187463,
        14416717.41419117,
        4263993.32519615
      ]
    },
    {
      "type": "Feature",
      "id": "lt_c_aisdngc.12",
      "geometry": {
        "type": "MultiPolygon",
        "coordinates": [
          [
            [
              [
                14359879.63028321,
                4295552.46542604
              ],
              [
                14359901.78286189,
                4295232.97812111
              ],
              [
                14359879.46330398,
                4294913.50021363
              ],
              [
                14359813.11688746,
                4294600.2889594
              ],
              [
                14359704.02378649,
                4294299.39462223
              ],
              [
                14359554.29907137,
                4294016.66055501
              ],
              [
                14359366.89270862,
                4293757.65455409
              ],
              [
                14359145.36692195,
                4293527.32523027
              ],
              [
                14358894.11883123,
                4293330.20845974
              ],
              [
                14358618.04649405,
                4293170.15254792
              ],
              [
                14358322.493246,
                4293050.24966388
              ],
              [
                14358013.13638109,
                4292972.76725395
              ],
              [
                14357696.09847131,
                4292939.28567369
              ],
              [
                14357377.55774841,
                4292950.49202274
              ],
              [
                14357063.58112461,
                4293006.0426844
              ],
              [
                14356760.40249143,
                4293104.97581608
              ],
              [
                14356473.86612214,
                4293245.36753241
              ],
              [
                14356209.53799125,
                4293424.3317872
              ],
              [
                14355972.65011485,
                4293638.57024625
              ],
              [
                14355767.65527254,
                4293883.82208953
              ],
              [
                14355598.67228553,
                4294155.34509602
              ],
              [
                14355468.929419,
                4294447.91546547
              ],
              [
                14355380.98702128,
                4294755.69012134
              ],
              [
                14355336.57054445,
                4295072.8254083
              ],
              [
                14355336.5148847,
                4295393.06442933
              ],
              [
                14355380.82004204,
                4295710.21832748
              ],
              [
                14355468.65112028,
                4296018.09752545
              ],
              [
                14355598.2826673,
                4296310.71807648
              ],
              [
                14355767.20999458,
                4296582.37053412
              ],
              [
                14355972.14917713,
                4296827.757634
              ],
              [
                14356209.09271329,
                4297042.13201279
              ],
              [
                14356473.47650393,
                4297221.29639426
              ],
              [
                14356760.06853296,
                4297361.74132775
              ],
              [
                14357063.35848563,
                4297460.71414244
              ],
              [
                14357377.4464289,
                4297516.35665613
              ],
              [
                14357696.15413105,
                4297527.56772863
              ],
              [
                14358013.30336032,
                4297494.07210466
              ],
              [
                14358322.77154472,
                4297416.55798716
              ],
              [
                14358618.43611227,
                4297296.53943829
              ],
              [
                14358894.56410919,
                4297136.35629015
              ],
              [
                14359145.86785965,
                4296939.10523511
              ],
              [
                14359367.33798658,
                4296708.7084353
              ],
              [
                14359554.74434934,
                4296449.50068552
              ],
              [
                14359704.4134047,
                4296166.71064368
              ],
              [
                14359813.39518619,
                4295865.70413999
              ],
              [
                14359879.63028321,
                4295552.46542604
              ]
            ]
          ]
        ]
      },
      "geometry_name": "ag_geom",
      "properties": {
        "danger_lab": "<FNT name='TW Cen MT' size='6'><CLR cyan='100' magenta='10' yellow='34' black='0'>D9<UND>3 000 AGL</UND>GND</CLR></FNT>",
        "dng_lbl_1": "D9",
        "dng_lbl_2": "3 000 AGL",
        "dng_lbl_3": "GND"
      },
      "bbox": [
        14355336.5148847,
        4292939.28567369,
        14359901.78286189,
        4297527.56772863
      ]
    },
    {
      "type": "Feature",
      "id": "lt_c_aisdngc.23",
      "geometry": {
        "type": "MultiPolygon",
        "coordinates": [
          [
            [
              [
                14144161.73398811,
                4512188.95972822
              ],
              [
                14144811.0976473,
                4511643.13940235
              ],
              [
                14144965.70806354,
                4510746.49634164
              ],
              [
                14143697.90273937,
                4509187.29994025
              ],
              [
                14143079.46107438,
                4509810.950737
              ],
              [
                14144038.04567737,
                4511058.36344594
              ],
              [
                14143574.21442863,
                4511526.18165508
              ],
              [
                14144161.73398811,
                4512188.95972822
              ]
            ]
          ]
        ]
      },
      "geometry_name": "ag_geom",
      "properties": {
        "danger_lab": "<FNT name='TW Cen MT' size='6'><CLR cyan='100' magenta='10' yellow='34' black='0'>D22<UND>1 800 AGL</UND>GND</CLR></FNT>",
        "dng_lbl_1": "D22",
        "dng_lbl_2": "1 800 AGL",
        "dng_lbl_3": "GND"
      },
      "bbox": [
        14143079.46107438,
        4509187.29994025,
        14144965.70806354,
        4512188.95972822
      ]
    },
    {
      "type": "Feature",
      "id": "lt_c_aisdngc.24",
      "geometry": {
        "type": "MultiPolygon",
        "coordinates": [
          [
            [
              [
                14143666.98063385,
                4507628.33554598
              ],
              [
                14143790.66894458,
                4507394.51084045
              ],
              [
                14143326.83780716,
                4507043.78363379
              ],
              [
                14143172.22739091,
                4507355.54068031
              ],
              [
                14143666.98063385,
                4507628.33554598
              ]
            ]
          ]
        ]
      },
      "geometry_name": "ag_geom",
      "properties": {
        "danger_lab": "<FNT name='TW Cen MT' size='6'><CLR cyan='100' magenta='10' yellow='34' black='0'>D23<UND>1 900 AGL</UND>GND</CLR></FNT>",
        "dng_lbl_1": "D23",
        "dng_lbl_2": "1 900 AGL",
        "dng_lbl_3": "GND"
      },
      "bbox": [
        14143172.22739091,
        4507043.78363379,
        14143790.66894458,
        4507628.33554598
      ]
    },
    {
      "type": "Feature",
      "id": "lt_c_aisdngc.16",
      "geometry": {
        "type": "MultiPolygon",
        "coordinates": [
          [
            [
              [
                14360152.46812125,
                4192911.29478752
              ],
              [
                14360384.79568341,
                4192870.14234269
              ],
              [
                14360589.09644867,
                4192751.65033881
              ],
              [
                14360740.72628556,
                4192570.11502835
              ],
              [
                14360821.39718282,
                4192347.43682908
              ],
              [
                14360821.38293393,
                4192110.47754998
              ],
              [
                14360740.69021804,
                4191887.8177305
              ],
              [
                14360589.05537178,
                4191706.31049096
              ],
              [
                14360384.76896673,
                4191587.84321347
              ],
              [
                14360152.46812125,
                4191546.70045978
              ],
              [
                14359920.1673871,
                4191587.84321347
              ],
              [
                14359715.88087073,
                4191706.31049096
              ],
              [
                14359564.24613579,
                4191887.8177305
              ],
              [
                14359483.5534199,
                4192110.47754998
              ],
              [
                14359483.53905968,
                4192347.43682908
              ],
              [
                14359564.21006828,
                4192570.11502835
              ],
              [
                14359715.83990516,
                4192751.65033881
              ],
              [
                14359920.14067043,
                4192870.14234269
              ],
              [
                14360152.46812125,
                4192911.29478752
              ]
            ]
          ]
        ]
      },
      "geometry_name": "ag_geom",
      "properties": {
        "danger_lab": "<FNT name='TW Cen MT' size='6'><CLR cyan='100' magenta='10' yellow='34' black='0'>D31<UND>1 600 AGL</UND>GND</CLR></FNT>",
        "dng_lbl_1": "D31",
        "dng_lbl_2": "1 600 AGL",
        "dng_lbl_3": "GND"
      },
      "bbox": [
        14359483.53905968,
        4191546.70045978,
        14360821.39718282,
        4192911.29478752
      ]
    },
    {
      "type": "Feature",
      "id": "lt_c_aisdngc.17",
      "geometry": {
        "type": "MultiPolygon",
        "coordinates": [
          [
            [
              [
                14369460.01453376,
                4194840.62443091
              ],
              [
                14370511.36523067,
                4194310.67504232
              ],
              [
                14369676.46904971,
                4192456.05220762
              ],
              [
                14368470.50793656,
                4193061.6090884
              ],
              [
                14369460.01453376,
                4194840.62443091
              ]
            ]
          ]
        ]
      },
      "geometry_name": "ag_geom",
      "properties": {
        "danger_lab": "<FNT name='TW Cen MT' size='6'><CLR cyan='100' magenta='10' yellow='34' black='0'>D32<UND>1 600 AGL</UND>GND</CLR></FNT>",
        "dng_lbl_1": "D32",
        "dng_lbl_2": "1 600 AGL",
        "dng_lbl_3": "GND"
      },
      "bbox": [
        14368470.50793656,
        4192456.05220762,
        14370511.36523067,
        4194840.62443091
      ]
    },
    {
      "type": "Feature",
      "id": "lt_c_aisdngc.18",
      "geometry": {
        "type": "MultiPolygon",
        "coordinates": [
          [
            [
              [
                14165869.0346928,
                4258931.84380634
              ],
              [
                14166113.56932767,
                4258925.24416679
              ],
              [
                14166357.39797432,
                4258905.46459925
              ],
              [
                14166599.81687096,
                4258872.56206015
              ],
              [
                14166840.1260406,
                4258826.63165849
              ],
              [
                14167077.63196281,
                4258767.80624292
              ],
              [
                14167311.64890956,
                4258696.25585108
              ],
              [
                14167541.50161678,
                4258612.18729541
              ],
              [
                14167766.52650902,
                4258515.84333721
              ],
              [
                14167986.07425967,
                4258407.50254532
              ],
              [
                14168199.51123818,
                4258287.47792091
              ],
              [
                14168406.22162515,
                4258156.11648118
              ],
              [
                14168605.60908206,
                4258013.79747202
              ],
              [
                14168797.09842109,
                4257860.93222515
              ],
              [
                14168980.13738626,
                4257697.96237028
              ],
              [
                14169154.19798922,
                4257525.35859529
              ],
              [
                14169318.77840171,
                4257343.61940641
              ],
              [
                14169473.40418004,
                4257153.26988819
              ],
              [
                14169617.62982363,
                4256954.8595044
              ],
              [
                14169751.03955417,
                4256748.96126931
              ],
              [
                14169873.2490968,
                4256536.16954897
              ],
              [
                14169983.9066819,
                4256317.09882177
              ],
              [
                14170082.69371309,
                4256092.38120624
              ],
              [
                14170169.32588042,
                4255862.66549654
              ],
              [
                14170243.55405083,
                4255628.61441701
              ],
              [
                14170305.16504753,
                4255390.90352162
              ],
              [
                14170353.98187251,
                4255150.21831262
              ],
              [
                14170389.86470848,
                4254907.25341529
              ],
              [
                14170412.71080758,
                4254662.70942376
              ],
              [
                14170422.45527053,
                4254417.29152899
              ],
              [
                14170419.07082405,
                4254171.7075993
              ],
              [
                14170402.56815482,
                4253926.66557654
              ],
              [
                14170372.99557549,
                4253682.87183211
              ],
              [
                14170330.43935868,
                4253441.02911265
              ],
              [
                14170275.02295769,
                4253201.83448649
              ],
              [
                14170206.90700655,
                4252965.97701677
              ],
              [
                14170126.28854077,
                4252734.13653121
              ],
              [
                14170033.40077466,
                4252506.9807486
              ],
              [
                14169928.51209952,
                4252285.16418678
              ],
              [
                14169811.92552703,
                4252069.32556429
              ],
              [
                14169683.97768729,
                4251860.08643541
              ],
              [
                14169545.03782708,
                4251658.04941465
              ],
              [
                14169395.50691921,
                4251463.7961277
              ],
              [
                14169235.81632667,
                4251277.88584754
              ],
              [
                14169066.42657822,
                4251100.85371989
              ],
              [
                14168887.82603248,
                4250933.20926275
              ],
              [
                14168700.52965339,
                4250775.43514
              ],
              [
                14168505.07745181,
                4250627.98511316
              ],
              [
                14168302.03248171,
                4250491.28363671
              ],
              [
                14168091.97994966,
                4250365.72408366
              ],
              [
                14167875.52498843,
                4250251.66765565
              ],
              [
                14167653.29132111,
                4250149.44242982
              ],
              [
                14167425.9191461,
                4250059.34240524
              ],
              [
                14167194.06324462,
                4249981.62709692
              ],
              [
                14166958.39153365,
                4249916.51975956
              ],
              [
                14166719.58272812,
                4249864.20766534
              ],
              [
                14166478.32455982,
                4249824.84142237
              ],
              [
                14166235.31188502,
                4249798.53415557
              ],
              [
                14165991.24434673,
                4249785.36164564
              ],
              [
                14165746.82492755,
                4249785.36164564
              ],
              [
                14165502.75750058,
                4249798.53415557
              ],
              [
                14165259.74471446,
                4249824.84142237
              ],
              [
                14165018.48654617,
                4249864.20766534
              ],
              [
                14164779.67774063,
                4249916.51975956
              ],
              [
                14164544.00602966,
                4249981.62709692
              ],
              [
                14164312.15012819,
                4250059.34240524
              ],
              [
                14164084.77795318,
                4250149.44242982
              ],
              [
                14163862.54428585,
                4250251.66765565
              ],
              [
                14163646.08943594,
                4250365.72408366
              ],
              [
                14163436.03690389,
                4250491.28363671
              ],
              [
                14163232.9919338,
                4250627.98511316
              ],
              [
                14163037.5396209,
                4250775.43514
              ],
              [
                14162850.2432418,
                4250933.20926275
              ],
              [
                14162671.64280738,
                4251100.85371989
              ],
              [
                14162502.25305893,
                4251277.88584754
              ],
              [
                14162342.56235508,
                4251463.7961277
              ],
              [
                14162193.03144719,
                4251658.04941465
              ],
              [
                14162054.09169831,
                4251860.08643541
              ],
              [
                14161926.14374725,
                4252069.32556429
              ],
              [
                14161809.55717476,
                4252285.16418678
              ],
              [
                14161704.66849962,
                4252506.9807486
              ],
              [
                14161611.78073352,
                4252734.13653121
              ],
              [
                14161531.16226773,
                4252965.97701677
              ],
              [
                14161463.0463166,
                4253201.83448649
              ],
              [
                14161407.6299156,
                4253441.02911265
              ],
              [
                14161365.07369879,
                4253682.87183211
              ],
              [
                14161335.50123078,
                4253926.66557654
              ],
              [
                14161318.99845023,
                4254171.7075993
              ],
              [
                14161315.61400375,
                4254417.29152899
              ],
              [
                14161325.3584667,
                4254662.70942376
              ],
              [
                14161348.20456579,
                4254907.25341529
              ],
              [
                14161384.08740177,
                4255150.21831262
              ],
              [
                14161432.90422675,
                4255390.90352162
              ],
              [
                14161494.51522344,
                4255628.61441701
              ],
              [
                14161568.74350518,
                4255862.66549654
              ],
              [
                14161655.37567251,
                4256092.38120624
              ],
              [
                14161754.16259238,
                4256317.09882177
              ],
              [
                14161864.82017748,
                4256536.16954897
              ],
              [
                14161987.02983143,
                4256748.96126931
              ],
              [
                14162120.43956197,
                4256954.8595044
              ],
              [
                14162264.66509425,
                4257153.26988819
              ],
              [
                14162419.29087258,
                4257343.61940641
              ],
              [
                14162583.87139638,
                4257525.35859529
              ],
              [
                14162757.93199934,
                4257697.96237028
              ],
              [
                14162940.97085319,
                4257860.93222515
              ],
              [
                14163132.46019223,
                4258013.79747202
              ],
              [
                14163331.84764914,
                4258156.11648118
              ],
              [
                14163538.55814742,
                4258287.47792091
              ],
              [
                14163751.99512593,
                4258407.50254532
              ],
              [
                14163971.54276527,
                4258515.84333721
              ],
              [
                14164196.5676575,
                4258612.18729541
              ],
              [
                14164426.42036472,
                4258696.25585108
              ],
              [
                14164660.43731147,
                4258767.80624292
              ],
              [
                14164897.94323368,
                4258826.63165849
              ],
              [
                14165138.25251465,
                4258872.56206015
              ],
              [
                14165380.67129996,
                4258905.46459925
              ],
              [
                14165624.50005793,
                4258925.24416679
              ],
              [
                14165869.0346928,
                4258931.84380634
              ]
            ]
          ]
        ]
      },
      "geometry_name": "ag_geom",
      "properties": {
        "danger_lab": "<FNT name='TW Cen MT' size='6'><CLR cyan='100' magenta='10' yellow='34' black='0'>D17<UND>3 000 AGL</UND>GND</CLR></FNT>",
        "dng_lbl_1": "D17",
        "dng_lbl_2": "3 000 AGL",
        "dng_lbl_3": "GND"
      },
      "bbox": [
        14161315.61400375,
        4249785.36164564,
        14170422.45527053,
        4258931.84380634
      ]
    },
    {
      "type": "Feature",
      "id": "lt_c_aisdngc.19",
      "geometry": {
        "type": "MultiPolygon",
        "coordinates": [
          [
            [
              [
                14216302.94837646,
                4312671.22694742
              ],
              [
                14216546.26250443,
                4312658.19910691
              ],
              [
                14216786.8180241,
                4312619.26307285
              ],
              [
                14217021.88783059,
                4312554.86088902
              ],
              [
                14217248.80671264,
                4312465.72280335
              ],
              [
                14217465.00263342,
                4312352.86021746
              ],
              [
                14217668.0246717,
                4312217.55325541
              ],
              [
                14217855.57218756,
                4312061.33653493
              ],
              [
                14218025.51953534,
                4311885.98190337
              ],
              [
                14218175.94144442,
                4311693.47772711
              ],
              [
                14218305.13394739,
                4311486.00707857
              ],
              [
                14218411.63386083,
                4311265.92220599
              ],
              [
                14218494.23559466,
                4311035.71804324
              ],
              [
                14218552.00473309,
                4310798.00393505
              ],
              [
                14218584.28827597,
                4310555.4742685
              ],
              [
                14218590.72187462,
                4310310.87746108
              ],
              [
                14218571.23461852,
                4310066.98468396
              ],
              [
                14218526.0488127,
                4309826.55942263
              ],
              [
                14218455.67830792,
                4309592.32498294
              ],
              [
                14218360.92171019,
                4309366.93434931
              ],
              [
                14218242.85380924,
                4309152.94005287
              ],
              [
                14218102.81344453,
                4308952.76528777
              ],
              [
                14217942.3878094,
                4308768.67654928
              ],
              [
                14217763.39486245,
                4308602.75779189
              ],
              [
                14217567.86251083,
                4308456.88734428
              ],
              [
                14217358.00578978,
                4308332.71620201
              ],
              [
                14217136.20137042,
                4308231.64962329
              ],
              [
                14216904.96151101,
                4308154.83175022
              ],
              [
                14216666.90477994,
                4308103.13160106
              ],
              [
                14216424.72689001,
                4308077.13456275
              ],
              [
                14216181.16997423,
                4308077.13456275
              ],
              [
                14215938.99197298,
                4308103.13160106
              ],
              [
                14215700.93524192,
                4308154.83175022
              ],
              [
                14215469.69538252,
                4308231.64962329
              ],
              [
                14215247.89107448,
                4308332.71620201
              ],
              [
                14215038.03424209,
                4308456.88734428
              ],
              [
                14214842.50189047,
                4308602.75779189
              ],
              [
                14214663.50894352,
                4308768.67654928
              ],
              [
                14214503.0833084,
                4308952.76528777
              ],
              [
                14214363.0429437,
                4309152.94005287
              ],
              [
                14214244.97515405,
                4309366.93434931
              ],
              [
                14214150.21844502,
                4309592.32498294
              ],
              [
                14214079.84794024,
                4309826.55942263
              ],
              [
                14214034.66224572,
                4310066.98468396
              ],
              [
                14214015.17487831,
                4310310.87746108
              ],
              [
                14214021.60858828,
                4310555.4742685
              ],
              [
                14214053.89201984,
                4310798.00393505
              ],
              [
                14214111.66115827,
                4311035.71804324
              ],
              [
                14214194.26300343,
                4311265.92220599
              ],
              [
                14214300.76291686,
                4311486.00707857
              ],
              [
                14214429.95530851,
                4311693.47772711
              ],
              [
                14214580.37721759,
                4311885.98190337
              ],
              [
                14214750.32467668,
                4312061.33653493
              ],
              [
                14214937.87208123,
                4312217.55325541
              ],
              [
                14215140.89423083,
                4312352.86021746
              ],
              [
                14215357.09004029,
                4312465.72280335
              ],
              [
                14215584.00903366,
                4312554.86088902
              ],
              [
                14215819.07872883,
                4312619.26307285
              ],
              [
                14216059.63424849,
                4312658.19910691
              ],
              [
                14216302.94837646,
                4312671.22694742
              ]
            ]
          ]
        ]
      },
      "geometry_name": "ag_geom",
      "properties": {
        "danger_lab": "<FNT name='TW Cen MT' size='6'><CLR cyan='100' magenta='10' yellow='34' black='0'>D18<UND>3 000 AGL</UND>GND</CLR></FNT>",
        "dng_lbl_1": "D18",
        "dng_lbl_2": "3 000 AGL",
        "dng_lbl_3": "GND"
      },
      "bbox": [
        14214015.17487831,
        4308077.13456275,
        14218590.72187462,
        4312671.22694742
      ]
    },
    {
      "type": "Feature",
      "id": "lt_c_aisdngc.20",
      "geometry": {
        "type": "MultiPolygon",
        "coordinates": [
          [
            [
              [
                14148305.29278735,
                4514490.07276494
              ],
              [
                14148538.5622237,
                4514427.30085026
              ],
              [
                14148709.32064529,
                4514255.80830124
              ],
              [
                14148771.81351499,
                4514021.55413361
              ],
              [
                14148709.30261154,
                4513787.31040168
              ],
              [
                14148538.54418995,
                4513615.83872401
              ],
              [
                14148305.29278735,
                4513553.07710463
              ],
              [
                14148072.04138474,
                4513615.83872401
              ],
              [
                14147901.28296316,
                4513787.31040168
              ],
              [
                14147838.77194839,
                4514021.55413361
              ],
              [
                14147901.26492941,
                4514255.80830124
              ],
              [
                14148072.02335099,
                4514427.30085026
              ],
              [
                14148305.29278735,
                4514490.07276494
              ]
            ]
          ]
        ]
      },
      "geometry_name": "ag_geom",
      "properties": {
        "danger_lab": "<FNT name='TW Cen MT' size='6'><CLR cyan='100' magenta='10' yellow='34' black='0'>D20<UND>1 600 AGL</UND>GND</CLR></FNT>",
        "dng_lbl_1": "D20",
        "dng_lbl_2": "1 600 AGL",
        "dng_lbl_3": "GND"
      },
      "bbox": [
        14147838.77194839,
        4513553.07710463,
        14148771.81351499,
        4514490.07276494
      ]
    },
    {
      "type": "Feature",
      "id": "lt_c_aisdngc.21",
      "geometry": {
        "type": "MultiPolygon",
        "coordinates": [
          [
            [
              [
                14145676.91593376,
                4514997.32133209
              ],
              [
                14145916.27643871,
                4514954.93402928
              ],
              [
                14146126.76133565,
                4514832.88625896
              ],
              [
                14146282.98020721,
                4514645.9038185
              ],
              [
                14146366.09178432,
                4514416.54493003
              ],
              [
                14146366.07575432,
                4514172.47726437
              ],
              [
                14146282.93968692,
                4513943.13899605
              ],
              [
                14146126.71524937,
                4513756.18802924
              ],
              [
                14145916.24638243,
                4513634.16813126
              ],
              [
                14145676.91593376,
                4513591.79168194
              ],
              [
                14145437.58548509,
                4513634.16813126
              ],
              [
                14145227.11661815,
                4513756.18802924
              ],
              [
                14145070.89218061,
                4513943.13899605
              ],
              [
                14144987.75611322,
                4514172.47726437
              ],
              [
                14144987.7400832,
                4514416.54493003
              ],
              [
                14145070.85166031,
                4514645.9038185
              ],
              [
                14145227.07053189,
                4514832.88625896
              ],
              [
                14145437.55542883,
                4514954.93402928
              ],
              [
                14145676.91593376,
                4514997.32133209
              ]
            ]
          ]
        ]
      },
      "geometry_name": "ag_geom",
      "properties": {
        "danger_lab": "<FNT name='TW Cen MT' size='6'><CLR cyan='100' magenta='10' yellow='34' black='0'>D21<UND>1 700 AGL</UND>GND</CLR></FNT>",
        "dng_lbl_1": "D21",
        "dng_lbl_2": "1 700 AGL",
        "dng_lbl_3": "GND"
      },
      "bbox": [
        14144987.7400832,
        4513591.79168194,
        14146366.09178432,
        4514997.32133209
      ]
    },
    {
      "type": "Feature",
      "id": "lt_c_aisdngc.22",
      "geometry": {
        "type": "MultiPolygon",
        "coordinates": [
          [
            [
              [
                14220632.03969746,
                4438568.6214519
              ],
              [
                14220880.67211411,
                4438558.29088814
              ],
              [
                14221127.60457081,
                4438527.36950452
              ],
              [
                14221371.1490188,
                4438476.06919767
              ],
              [
                14221609.64045248,
                4438404.74093819
              ],
              [
                14221841.44848656,
                4438313.87253066
              ],
              [
                14222064.98859942,
                4438204.08595175
              ],
              [
                14222278.73293106,
                4438076.13217643
              ],
              [
                14222481.22063578,
                4437930.88655898
              ],
              [
                14222671.06812365,
                4437769.34253918
              ],
              [
                14222846.97829995,
                4437592.60506834
              ],
              [
                14223007.74935945,
                4437401.88305874
              ],
              [
                14223152.28358068,
                4437198.48057853
              ],
              [
                14223279.59389368,
                4436983.7886047
              ],
              [
                14223388.81144985,
                4436759.2746867
              ],
              [
                14223479.1910765,
                4436526.47400551
              ],
              [
                14223550.11639764,
                4436286.97736931
              ],
              [
                14223601.10406401,
                4436042.42199934
              ],
              [
                14223631.8073154,
                4435794.47869595
              ],
              [
                14223642.01753909,
                4435544.84179567
              ],
              [
                14223631.66660756,
                4435295.21634538
              ],
              [
                14223600.82665584,
                4435047.30778902
              ],
              [
                14223549.70974754,
                4434802.80901123
              ],
              [
                14223478.66631643,
                4434563.38961465
              ],
              [
                14223388.18294001,
                4434330.68450473
              ],
              [
                14223278.87866596,
                4434106.28192104
              ],
              [
                14223151.5012273,
                4433891.71397995
              ],
              [
                14223006.92114244,
                4433688.44499108
              ],
              [
                14222846.12681716,
                4433497.86214475
              ],
              [
                14222670.21664087,
                4433321.26578315
              ],
              [
                14222480.39241877,
                4433159.86106597
              ],
              [
                14222277.95057768,
                4433014.74880054
              ],
              [
                14222064.2733717,
                4432886.919058
              ],
              [
                14221840.8198654,
                4432777.24381337
              ],
              [
                14221609.1156924,
                4432686.47111652
              ],
              [
                14221370.74236871,
                4432615.21995732
              ],
              [
                14221127.32716264,
                4432563.9762427
              ],
              [
                14220880.53140627,
                4432533.08960616
              ],
              [
                14220632.03969746,
                4432522.77063171
              ],
              [
                14220383.54798865,
                4432533.08960616
              ],
              [
                14220136.75223228,
                4432563.9762427
              ],
              [
                14219893.33702621,
                4432615.21995732
              ],
              [
                14219654.96370253,
                4432686.47111652
              ],
              [
                14219423.25952952,
                4432777.24381337
              ],
              [
                14219199.80602322,
                4432886.919058
              ],
              [
                14218986.12892857,
                4433014.74880054
              ],
              [
                14218783.68697614,
                4433159.86106597
              ],
              [
                14218593.86275406,
                4433321.26578315
              ],
              [
                14218417.95257776,
                4433497.86214475
              ],
              [
                14218257.15825248,
                4433688.44499108
              ],
              [
                14218112.57827895,
                4433891.71397995
              ],
              [
                14217985.20072897,
                4434106.28192104
              ],
              [
                14217875.89645492,
                4434330.68450473
              ],
              [
                14217785.41307849,
                4434563.38961465
              ],
              [
                14217714.36964739,
                4434802.80901123
              ],
              [
                14217663.25273909,
                4435047.30778902
              ],
              [
                14217632.41278736,
                4435295.21634538
              ],
              [
                14217622.06185582,
                4435544.84179567
              ],
              [
                14217632.27219085,
                4435794.47869595
              ],
              [
                14217662.97533091,
                4436042.42199934
              ],
              [
                14217713.96299729,
                4436286.97736931
              ],
              [
                14217784.88831842,
                4436526.47400551
              ],
              [
                14217875.26794507,
                4436759.2746867
              ],
              [
                14217984.48550125,
                4436983.7886047
              ],
              [
                14218111.79581425,
                4437198.48057853
              ],
              [
                14218256.33003547,
                4437401.88305874
              ],
              [
                14218417.10120629,
                4437592.60506834
              ],
              [
                14218593.01127128,
                4437769.34253918
              ],
              [
                14218782.85875913,
                4437930.88655898
              ],
              [
                14218985.34646386,
                4438076.13217643
              ],
              [
                14219199.09079549,
                4438204.08595175
              ],
              [
                14219422.63090836,
                4438313.87253066
              ],
              [
                14219654.43894244,
                4438404.74093819
              ],
              [
                14219892.93037611,
                4438476.06919767
              ],
              [
                14220136.47482411,
                4438527.36950452
              ],
              [
                14220383.40739213,
                4438558.29088814
              ],
              [
                14220632.03969746,
                4438568.6214519
              ]
            ]
          ]
        ]
      },
      "geometry_name": "ag_geom",
      "properties": {
        "danger_lab": "<FNT name='TW Cen MT' size='6'><CLR cyan='100' magenta='10' yellow='34' black='0'>D19<UND>1 000 AGL</UND>GND</CLR></FNT>",
        "dng_lbl_1": "D19",
        "dng_lbl_2": "1 000 AGL",
        "dng_lbl_3": "GND"
      },
      "bbox": [
        14217622.06185582,
        4432522.77063171,
        14223642.01753909,
        4438568.6214519
      ]
    },
    {
      "type": "Feature",
      "id": "lt_c_aisdngc.26",
      "geometry": {
        "type": "MultiPolygon",
        "coordinates": [
          [
            [
              [
                14139430.6556294,
                4507395.35288045
              ],
              [
                14139669.84314386,
                4507352.99591118
              ],
              [
                14139880.17597837,
                4507231.0357096
              ],
              [
                14140036.28197198,
                4507044.18724391
              ],
              [
                14140119.33354787,
                4506814.99264519
              ],
              [
                14140119.31762918,
                4506571.09978914
              ],
              [
                14140036.241563,
                4506341.92563527
              ],
              [
                14139880.13000341,
                4506155.10858964
              ],
              [
                14139669.81319891,
                4506033.17607283
              ],
              [
                14139430.6556294,
                4505990.8299385
              ],
              [
                14139191.4980599,
                4506033.17607283
              ],
              [
                14138981.18114406,
                4506155.10858964
              ],
              [
                14138825.06958448,
                4506341.92563527
              ],
              [
                14138741.99362961,
                4506571.09978914
              ],
              [
                14138741.97759961,
                4506814.99264519
              ],
              [
                14138825.0291755,
                4507044.18724391
              ],
              [
                14138981.13516912,
                4507231.0357096
              ],
              [
                14139191.46800363,
                4507352.99591118
              ],
              [
                14139430.6556294,
                4507395.35288045
              ]
            ]
          ]
        ]
      },
      "geometry_name": "ag_geom",
      "properties": {
        "danger_lab": "<FNT name='TW Cen MT' size='6'><CLR cyan='100' magenta='10' yellow='34' black='0'>D25<UND>1 500 AGL</UND>GND</CLR></FNT>",
        "dng_lbl_1": "D25",
        "dng_lbl_2": "1 500 AGL",
        "dng_lbl_3": "GND"
      },
      "bbox": [
        14138741.97759961,
        4505990.8299385,
        14140119.33354787,
        4507395.35288045
      ]
    },
    {
      "type": "Feature",
      "id": "lt_c_aisdngc.27",
      "geometry": {
        "type": "MultiPolygon",
        "coordinates": [
          [
            [
              [
                14129164.52472521,
                4508486.57853842
              ],
              [
                14129403.73717523,
                4508444.21715815
              ],
              [
                14129614.09182837,
                4508322.24425609
              ],
              [
                14129770.21396331,
                4508135.37661407
              ],
              [
                14129853.2741108,
                4507906.1584307
              ],
              [
                14129853.25819212,
                4507662.24060135
              ],
              [
                14129770.17355433,
                4507433.04300813
              ],
              [
                14129614.04585341,
                4507246.20665355
              ],
              [
                14129403.70711896,
                4507124.26158334
              ],
              [
                14129164.52472521,
                4507081.91104068
              ],
              [
                14128925.34244278,
                4507124.26158334
              ],
              [
                14128715.00370832,
                4507246.20665355
              ],
              [
                14128558.87600742,
                4507433.04300813
              ],
              [
                14128475.79136964,
                4507662.24060135
              ],
              [
                14128475.77545094,
                4507906.1584307
              ],
              [
                14128558.83559845,
                4508135.37661407
              ],
              [
                14128714.95773338,
                4508322.24425609
              ],
              [
                14128925.31238652,
                4508444.21715815
              ],
              [
                14129164.52472521,
                4508486.57853842
              ]
            ]
          ]
        ]
      },
      "geometry_name": "ag_geom",
      "properties": {
        "danger_lab": "<FNT name='TW Cen MT' size='6'><CLR cyan='100' magenta='10' yellow='34' black='0'>D26<UND>1 600 AGL</UND>GND</CLR></FNT>",
        "dng_lbl_1": "D26",
        "dng_lbl_2": "1 600 AGL",
        "dng_lbl_3": "GND"
      },
      "bbox": [
        14128475.77545094,
        4507081.91104068,
        14129853.2741108,
        4508486.57853842
      ]
    },
    {
      "type": "Feature",
      "id": "lt_c_aisdngc.28",
      "geometry": {
        "type": "MultiPolygon",
        "coordinates": [
          [
            [
              [
                14129752.04428469,
                4513046.73482781
              ],
              [
                14131050.77171438,
                4511799.08514399
              ],
              [
                14130865.23919262,
                4511487.19598279
              ],
              [
                14128762.53768749,
                4511682.12565515
              ],
              [
                14128360.55064978,
                4512071.99588503
              ],
              [
                14129752.04428469,
                4513046.73482781
              ]
            ]
          ]
        ]
      },
      "geometry_name": "ag_geom",
      "properties": {
        "danger_lab": "<FNT name='TW Cen MT' size='6'><CLR cyan='100' magenta='10' yellow='34' black='0'>D27<UND>1 900 AGL</UND>GND</CLR></FNT>",
        "dng_lbl_1": "D27",
        "dng_lbl_2": "1 900 AGL",
        "dng_lbl_3": "GND"
      },
      "bbox": [
        14128360.55064978,
        4511487.19598279,
        14131050.77171438,
        4513046.73482781
      ]
    },
    {
      "type": "Feature",
      "id": "lt_c_aisdngc.29",
      "geometry": {
        "type": "MultiPolygon",
        "coordinates": [
          [
            [
              [
                14369521.85863347,
                4188332.65862808
              ],
              [
                14369754.09057217,
                4188291.52307086
              ],
              [
                14369958.3071799,
                4188173.07940233
              ],
              [
                14370109.87456655,
                4187991.61809461
              ],
              [
                14370190.51229061,
                4187769.03077564
              ],
              [
                14370190.49804172,
                4187532.16814165
              ],
              [
                14370109.83849904,
                4187309.59931966
              ],
              [
                14369958.26610301,
                4187128.16591758
              ],
              [
                14369754.06374418,
                4187009.74694987
              ],
              [
                14369521.85863347,
                4186968.62107369
              ],
              [
                14369289.65352275,
                4187009.74694987
              ],
              [
                14369085.45116391,
                4187128.16591758
              ],
              [
                14368933.87876789,
                4187309.59931966
              ],
              [
                14368853.21922521,
                4187532.16814165
              ],
              [
                14368853.20497632,
                4187769.03077564
              ],
              [
                14368933.84270037,
                4187991.61809461
              ],
              [
                14369085.41008703,
                4188173.07940233
              ],
              [
                14369289.62680608,
                4188291.52307086
              ],
              [
                14369521.85863347,
                4188332.65862808
              ]
            ]
          ]
        ]
      },
      "geometry_name": "ag_geom",
      "properties": {
        "danger_lab": "<FNT name='TW Cen MT' size='6'><CLR cyan='100' magenta='10' yellow='34' black='0'>D33<UND>1 500 AGL</UND>GND</CLR></FNT>",
        "dng_lbl_1": "D33",
        "dng_lbl_2": "1 500 AGL",
        "dng_lbl_3": "GND"
      },
      "bbox": [
        14368853.20497632,
        4186968.62107369,
        14370190.51229061,
        4188332.65862808
      ]
    },
    {
      "type": "Feature",
      "id": "lt_c_aisdngc.30",
      "geometry": {
        "type": "MultiPolygon",
        "coordinates": [
          [
            [
              [
                14372088.39138734,
                4183642.46637368
              ],
              [
                14372320.52536489,
                4183601.34796085
              ],
              [
                14372524.65592266,
                4183482.95375924
              ],
              [
                14372676.15941193,
                4183301.56818779
              ],
              [
                14372756.76318354,
                4183079.07401151
              ],
              [
                14372756.74893465,
                4182842.31028514
              ],
              [
                14372676.12345572,
                4182619.83431405
              ],
              [
                14372524.61495709,
                4182438.4767547
              ],
              [
                14372320.49864822,
                4182320.10722769
              ],
              [
                14372088.39138734,
                4182278.9984856
              ],
              [
                14371856.28412647,
                4182320.10722769
              ],
              [
                14371652.16770628,
                4182438.4767547
              ],
              [
                14371500.65931895,
                4182619.83431405
              ],
              [
                14371420.03372872,
                4182842.31028514
              ],
              [
                14371420.01947982,
                4183079.07401151
              ],
              [
                14371500.62325144,
                4183301.56818779
              ],
              [
                14371652.12674069,
                4183482.95375924
              ],
              [
                14371856.25740979,
                4183601.34796085
              ],
              [
                14372088.39138734,
                4183642.46637368
              ]
            ]
          ]
        ]
      },
      "geometry_name": "ag_geom",
      "properties": {
        "danger_lab": "<FNT name='TW Cen MT' size='6'><CLR cyan='100' magenta='10' yellow='34' black='0'>D34<UND>1 600 AGL</UND>GND</CLR></FNT>",
        "dng_lbl_1": "D34",
        "dng_lbl_2": "1 600 AGL",
        "dng_lbl_3": "GND"
      },
      "bbox": [
        14371420.01947982,
        4182278.9984856,
        14372756.76318354,
        4183642.46637368
      ]
    },
    {
      "type": "Feature",
      "id": "lt_c_aisdngc.31",
      "geometry": {
        "type": "MultiPolygon",
        "coordinates": [
          [
            [
              [
                14365594.75435019,
                4185267.59544045
              ],
              [
                14366677.02726392,
                4186175.35356558
              ],
              [
                14368439.58583105,
                4183868.2807684
              ],
              [
                14367357.31302862,
                4182960.71179931
              ],
              [
                14365594.75435019,
                4185267.59544045
              ]
            ]
          ]
        ]
      },
      "geometry_name": "ag_geom",
      "properties": {
        "danger_lab": "<FNT name='TW Cen MT' size='6'><CLR cyan='100' magenta='10' yellow='34' black='0'>D35<UND>2 000 AGL</UND>GND</CLR></FNT>",
        "dng_lbl_1": "D35",
        "dng_lbl_2": "2 000 AGL",
        "dng_lbl_3": "GND"
      },
      "bbox": [
        14365594.75435019,
        4182960.71179931,
        14368439.58583105,
        4186175.35356558
      ]
    },
    {
      "type": "Feature",
      "id": "lt_c_aisdngc.32",
      "geometry": {
        "type": "MultiPolygon",
        "coordinates": [
          [
            [
              [
                14376355.63849731,
                4183868.2807684
              ],
              [
                14372521.30053057,
                4188180.24960291
              ],
              [
                14373665.4174327,
                4189277.42196488
              ],
              [
                14378241.88537516,
                4185494.528031
              ],
              [
                14376355.63849731,
                4183868.2807684
              ]
            ]
          ]
        ]
      },
      "geometry_name": "ag_geom",
      "properties": {
        "danger_lab": "<FNT name='TW Cen MT' size='6'><CLR cyan='100' magenta='10' yellow='34' black='0'>D36<UND>2 000 AGL</UND>GND</CLR></FNT>",
        "dng_lbl_1": "D36",
        "dng_lbl_2": "2 000 AGL",
        "dng_lbl_3": "GND"
      },
      "bbox": [
        14372521.30053057,
        4183868.2807684,
        14378241.88537516,
        4189277.42196488
      ]
    },
    {
      "type": "Feature",
      "id": "lt_c_aisdngc.33",
      "geometry": {
        "type": "MultiPolygon",
        "coordinates": [
          [
            [
              [
                14380561.04150757,
                4187121.01396567
              ],
              [
                14381488.70389374,
                4186251.00335511
              ],
              [
                14380159.05446985,
                4184775.92422324
              ],
              [
                14379200.46997817,
                4185645.8189624
              ],
              [
                14380561.04150757,
                4187121.01396567
              ]
            ]
          ]
        ]
      },
      "geometry_name": "ag_geom",
      "properties": {
        "danger_lab": "<FNT name='TW Cen MT' size='6'><CLR cyan='100' magenta='10' yellow='34' black='0'>D37<UND>1 600 AGL</UND>GND</CLR></FNT>",
        "dng_lbl_1": "D37",
        "dng_lbl_2": "1 600 AGL",
        "dng_lbl_3": "GND"
      },
      "bbox": [
        14379200.46997817,
        4184775.92422324,
        14381488.70389374,
        4187121.01396567
      ]
    }
  ],
  "totalFeatures": 32,
  "numberMatched": 32,
  "numberReturned": 32,
  "timeStamp": "2026-05-25T13:48:32.957Z",
  "crs": {
    "type": "name",
    "properties": {
      "name": "urn:ogc:def:crs:EPSG::3857"
    }
  },
  "bbox": [
    14067150.00111104,
    4182278.9984856,
    14416717.41419117,
    4514997.32133209
  ]
}